quarter,symbol,in_index,change,source,notes
2014-01,AAPL,1,baseline,wikipedia:Historical_components_of_the_Nasdaq-100+List_of_NASDAQ-100_companies,
2014-01,ADBE,1,baseline,wikipedia:Historical_components_of_the_Nasdaq-100+List_of_NASDAQ-100_companies,
2014-01,ADI,1,baseline,wikipedia:Historical_components_of_the_Nasdaq-100+List_of_NASDAQ-100_companies,
2014-01,ADP,1,baseline,wikipedia:Historical_components_of_the_Nasdaq-100+List_of_NASDAQ-100_companies,
2014-01,ADSK,1,baseline,wikipedia:Historical_components_of_the_Nasdaq-100+List_of_NASDAQ-100_companies,
2014-01,AKAM,1,baseline,wikipedia:Historical_components_of_the_Nasdaq-100+List_of_NASDAQ-100_companies,
2014-01,ALTR,1,baseline,wikipedia:Historical_components_of_the_Nasdaq-100+List_of_NASDAQ-100_companies,
2014-01,ALXN,1,baseline,wikipedia:Historical_components_of_the_Nasdaq-100+List_of_NASDAQ-100_companies,
2014-01,AMAT,1,baseline,wikipedia:Historical_components_of_the_Nasdaq-100+List_of_NASDAQ-100_companies,
2014-01,AMGN,1,baseline,wikipedia:Historical_components_of_the_Nasdaq-100+List_of_NASDAQ-100_companies,
2014-01,AMZN,1,baseline,wikipedia:Historical_components_of_the_Nasdaq-100+List_of_NASDAQ-100_companies,
2014-01,ATVI,1,baseline,wikipedia:Historical_components_of_the_Nasdaq-100+List_of_NASDAQ-100_companies,
2014-01,AVGO,1,baseline,wikipedia:Historical_components_of_the_Nasdaq-100+List_of_NASDAQ-100_companies,
2014-01,BBBY,1,baseline,wikipedia:Historical_components_of_the_Nasdaq-100+List_of_NASDAQ-100_companies,
2014-01,BIDU,1,baseline,wikipedia:Historical_components_of_the_Nasdaq-100+List_of_NASDAQ-100_companies,
2014-01,BIIB,1,baseline,wikipedia:Historical_components_of_the_Nasdaq-100+List_of_NASDAQ-100_companies,
2014-01,BKNG,1,baseline,wikipedia:Historical_components_of_the_Nasdaq-100+List_of_NASDAQ-100_companies,
2014-01,CA,1,baseline,wikipedia:Historical_components_of_the_Nasdaq-100+List_of_NASDAQ-100_companies,
2014-01,CELG,1,baseline,wikipedia:Historical_components_of_the_Nasdaq-100+List_of_NASDAQ-100_companies,
2014-01,CERN,1,baseline,wikipedia:Historical_components_of_the_Nasdaq-100+List_of_NASDAQ-100_companies,
2014-01,CHKP,1,baseline,wikipedia:Historical_components_of_the_Nasdaq-100+List_of_NASDAQ-100_companies,
2014-01,CHRW,1,baseline,wikipedia:Historical_components_of_the_Nasdaq-100+List_of_NASDAQ-100_companies,
2014-01,CHTR,1,baseline,wikipedia:Historical_components_of_the_Nasdaq-100+List_of_NASDAQ-100_companies,
2014-01,COST,1,baseline,wikipedia:Historical_components_of_the_Nasdaq-100+List_of_NASDAQ-100_companies,
2014-01,CSCO,1,baseline,wikipedia:Historical_components_of_the_Nasdaq-100+List_of_NASDAQ-100_companies,
2014-01,CTRX,1,baseline,wikipedia:Historical_components_of_the_Nasdaq-100+List_of_NASDAQ-100_companies,
2014-01,CTSH,1,baseline,wikipedia:Historical_components_of_the_Nasdaq-100+List_of_NASDAQ-100_companies,
2014-01,CTXS,1,baseline,wikipedia:Historical_components_of_the_Nasdaq-100+List_of_NASDAQ-100_companies,
2014-01,DISCA,1,baseline,wikipedia:Historical_components_of_the_Nasdaq-100+List_of_NASDAQ-100_companies,
2014-01,DISCK,1,baseline,wikipedia:Historical_components_of_the_Nasdaq-100+List_of_NASDAQ-100_companies,
2014-01,DISH,1,baseline,wikipedia:Historical_components_of_the_Nasdaq-100+List_of_NASDAQ-100_companies,
2014-01,DLTR,1,baseline,wikipedia:Historical_components_of_the_Nasdaq-100+List_of_NASDAQ-100_companies,
2014-01,DTV,1,baseline,wikipedia:Historical_components_of_the_Nasdaq-100+List_of_NASDAQ-100_companies,
2014-01,EBAY,1,baseline,wikipedia:Historical_components_of_the_Nasdaq-100+List_of_NASDAQ-100_companies,
2014-01,EQIX,1,baseline,wikipedia:Historical_components_of_the_Nasdaq-100+List_of_NASDAQ-100_companies,
2014-01,ESRX,1,baseline,wikipedia:Historical_components_of_the_Nasdaq-100+List_of_NASDAQ-100_companies,
2014-01,EXPD,1,baseline,wikipedia:Historical_components_of_the_Nasdaq-100+List_of_NASDAQ-100_companies,
2014-01,EXPE,1,baseline,wikipedia:Historical_components_of_the_Nasdaq-100+List_of_NASDAQ-100_companies,
2014-01,FAST,1,baseline,wikipedia:Historical_components_of_the_Nasdaq-100+List_of_NASDAQ-100_companies,
2014-01,FFIV,1,baseline,wikipedia:Historical_components_of_the_Nasdaq-100+List_of_NASDAQ-100_companies,
2014-01,FI,1,baseline,wikipedia:Historical_components_of_the_Nasdaq-100+List_of_NASDAQ-100_companies,
2014-01,FOXA,1,baseline,wikipedia:Historical_components_of_the_Nasdaq-100+List_of_NASDAQ-100_companies,
2014-01,GILD,1,baseline,wikipedia:Historical_components_of_the_Nasdaq-100+List_of_NASDAQ-100_companies,
2014-01,GMCR,1,baseline,wikipedia:Historical_components_of_the_Nasdaq-100+List_of_NASDAQ-100_companies,
2014-01,GOOGL,1,baseline,wikipedia:Historical_components_of_the_Nasdaq-100+List_of_NASDAQ-100_companies,
2014-01,GRMN,1,baseline,wikipedia:Historical_components_of_the_Nasdaq-100+List_of_NASDAQ-100_companies,
2014-01,HSIC,1,baseline,wikipedia:Historical_components_of_the_Nasdaq-100+List_of_NASDAQ-100_companies,
2014-01,ILMN,1,baseline,wikipedia:Historical_components_of_the_Nasdaq-100+List_of_NASDAQ-100_companies,
2014-01,INTC,1,baseline,wikipedia:Historical_components_of_the_Nasdaq-100+List_of_NASDAQ-100_companies,
2014-01,INTU,1,baseline,wikipedia:Historical_components_of_the_Nasdaq-100+List_of_NASDAQ-100_companies,
2014-01,ISRG,1,baseline,wikipedia:Historical_components_of_the_Nasdaq-100+List_of_NASDAQ-100_companies,
2014-01,KLAC,1,baseline,wikipedia:Historical_components_of_the_Nasdaq-100+List_of_NASDAQ-100_companies,
2014-01,KRFT,1,baseline,wikipedia:Historical_components_of_the_Nasdaq-100+List_of_NASDAQ-100_companies,
2014-01,LBTYA,1,baseline,wikipedia:Historical_components_of_the_Nasdaq-100+List_of_NASDAQ-100_companies,
2014-01,LLTC,1,baseline,wikipedia:Historical_components_of_the_Nasdaq-100+List_of_NASDAQ-100_companies,
2014-01,LMCA,1,baseline,wikipedia:Historical_components_of_the_Nasdaq-100+List_of_NASDAQ-100_companies,
2014-01,LMCK,1,baseline,wikipedia:Historical_components_of_the_Nasdaq-100+List_of_NASDAQ-100_companies,
2014-01,MAR,1,baseline,wikipedia:Historical_components_of_the_Nasdaq-100+List_of_NASDAQ-100_companies,
2014-01,MAT,1,baseline,wikipedia:Historical_components_of_the_Nasdaq-100+List_of_NASDAQ-100_companies,
2014-01,MDLZ,1,baseline,wikipedia:Historical_components_of_the_Nasdaq-100+List_of_NASDAQ-100_companies,
2014-01,META,1,baseline,wikipedia:Historical_components_of_the_Nasdaq-100+List_of_NASDAQ-100_companies,
2014-01,MNST,1,baseline,wikipedia:Historical_components_of_the_Nasdaq-100+List_of_NASDAQ-100_companies,
2014-01,MSFT,1,baseline,wikipedia:Historical_components_of_the_Nasdaq-100+List_of_NASDAQ-100_companies,
2014-01,MU,1,baseline,wikipedia:Historical_components_of_the_Nasdaq-100+List_of_NASDAQ-100_companies,
2014-01,MXIM,1,baseline,wikipedia:Historical_components_of_the_Nasdaq-100+List_of_NASDAQ-100_companies,
2014-01,MYL,1,baseline,wikipedia:Historical_components_of_the_Nasdaq-100+List_of_NASDAQ-100_companies,
2014-01,NFLX,1,baseline,wikipedia:Historical_components_of_the_Nasdaq-100+List_of_NASDAQ-100_companies,
2014-01,NLOK,1,baseline,wikipedia:Historical_components_of_the_Nasdaq-100+List_of_NASDAQ-100_companies,
2014-01,NTAP,1,baseline,wikipedia:Historical_components_of_the_Nasdaq-100+List_of_NASDAQ-100_companies,
2014-01,NVDA,1,baseline,wikipedia:Historical_components_of_the_Nasdaq-100+List_of_NASDAQ-100_companies,
2014-01,NXPI,1,baseline,wikipedia:Historical_components_of_the_Nasdaq-100+List_of_NASDAQ-100_companies,
2014-01,ORLY,1,baseline,wikipedia:Historical_components_of_the_Nasdaq-100+List_of_NASDAQ-100_companies,
2014-01,PAYX,1,baseline,wikipedia:Historical_components_of_the_Nasdaq-100+List_of_NASDAQ-100_companies,
2014-01,PCAR,1,baseline,wikipedia:Historical_components_of_the_Nasdaq-100+List_of_NASDAQ-100_companies,
2014-01,QCOM,1,baseline,wikipedia:Historical_components_of_the_Nasdaq-100+List_of_NASDAQ-100_companies,
2014-01,QRTEA,1,baseline,wikipedia:Historical_components_of_the_Nasdaq-100+List_of_NASDAQ-100_companies,
2014-01,REGN,1,baseline,wikipedia:Historical_components_of_the_Nasdaq-100+List_of_NASDAQ-100_companies,
2014-01,ROST,1,baseline,wikipedia:Historical_components_of_the_Nasdaq-100+List_of_NASDAQ-100_companies,
2014-01,SBAC,1,baseline,wikipedia:Historical_components_of_the_Nasdaq-100+List_of_NASDAQ-100_companies,
2014-01,SBUX,1,baseline,wikipedia:Historical_components_of_the_Nasdaq-100+List_of_NASDAQ-100_companies,
2014-01,SIAL,1,baseline,wikipedia:Historical_components_of_the_Nasdaq-100+List_of_NASDAQ-100_companies,
2014-01,SIRI,1,baseline,wikipedia:Historical_components_of_the_Nasdaq-100+List_of_NASDAQ-100_companies,
2014-01,SNDK,1,baseline,wikipedia:Historical_components_of_the_Nasdaq-100+List_of_NASDAQ-100_companies,
2014-01,SPLS,1,baseline,wikipedia:Historical_components_of_the_Nasdaq-100+List_of_NASDAQ-100_companies,
2014-01,SRCL,1,baseline,wikipedia:Historical_components_of_the_Nasdaq-100+List_of_NASDAQ-100_companies,
2014-01,STX,1,baseline,wikipedia:Historical_components_of_the_Nasdaq-100+List_of_NASDAQ-100_companies,
2014-01,TRIP,1,baseline,wikipedia:Historical_components_of_the_Nasdaq-100+List_of_NASDAQ-100_companies,
2014-01,TSCO,1,baseline,wikipedia:Historical_components_of_the_Nasdaq-100+List_of_NASDAQ-100_companies,
2014-01,TSLA,1,baseline,wikipedia:Historical_components_of_the_Nasdaq-100+List_of_NASDAQ-100_companies,
2014-01,TXN,1,baseline,wikipedia:Historical_components_of_the_Nasdaq-100+List_of_NASDAQ-100_companies,
2014-01,VIAB,1,baseline,wikipedia:Historical_components_of_the_Nasdaq-100+List_of_NASDAQ-100_companies,
2014-01,VIP,1,baseline,wikipedia:Historical_components_of_the_Nasdaq-100+List_of_NASDAQ-100_companies,
2014-01,VOD,1,baseline,wikipedia:Historical_components_of_the_Nasdaq-100+List_of_NASDAQ-100_companies,
2014-01,VRSK,1,baseline,wikipedia:Historical_components_of_the_Nasdaq-100+List_of_NASDAQ-100_companies,
2014-01,VRTX,1,baseline,wikipedia:Historical_components_of_the_Nasdaq-100+List_of_NASDAQ-100_companies,
2014-01,WDC,1,baseline,wikipedia:Historical_components_of_the_Nasdaq-100+List_of_NASDAQ-100_companies,
2014-01,WFM,1,baseline,wikipedia:Historical_components_of_the_Nasdaq-100+List_of_NASDAQ-100_companies,
2014-01,WYNN,1,baseline,wikipedia:Historical_components_of_the_Nasdaq-100+List_of_NASDAQ-100_companies,
2014-01,XLNX,1,baseline,wikipedia:Historical_components_of_the_Nasdaq-100+List_of_NASDAQ-100_companies,
2014-01,YHOO,1,baseline,wikipedia:Historical_components_of_the_Nasdaq-100+List_of_NASDAQ-100_companies,
2014-Q1,AAPL,1,unchanged,wikipedia:Historical_components_of_the_Nasdaq-100+List_of_NASDAQ-100_companies,
2014-Q1,ADBE,1,unchanged,wikipedia:Historical_components_of_the_Nasdaq-100+List_of_NASDAQ-100_companies,
2014-Q1,ADI,1,unchanged,wikipedia:Historical_components_of_the_Nasdaq-100+List_of_NASDAQ-100_companies,
2014-Q1,ADP,1,unchanged,wikipedia:Historical_components_of_the_Nasdaq-100+List_of_NASDAQ-100_companies,
2014-Q1,ADSK,1,unchanged,wikipedia:Historical_components_of_the_Nasdaq-100+List_of_NASDAQ-100_companies,
2014-Q1,AKAM,1,unchanged,wikipedia:Historical_components_of_the_Nasdaq-100+List_of_NASDAQ-100_companies,
2014-Q1,ALTR,1,unchanged,wikipedia:Historical_components_of_the_Nasdaq-100+List_of_NASDAQ-100_companies,
2014-Q1,ALXN,1,unchanged,wikipedia:Historical_components_of_the_Nasdaq-100+List_of_NASDAQ-100_companies,
2014-Q1,AMAT,1,unchanged,wikipedia:Historical_components_of_the_Nasdaq-100+List_of_NASDAQ-100_companies,
2014-Q1,AMGN,1,unchanged,wikipedia:Historical_components_of_the_Nasdaq-100+List_of_NASDAQ-100_companies,
2014-Q1,AMZN,1,unchanged,wikipedia:Historical_components_of_the_Nasdaq-100+List_of_NASDAQ-100_companies,
2014-Q1,ATVI,1,unchanged,wikipedia:Historical_components_of_the_Nasdaq-100+List_of_NASDAQ-100_companies,
2014-Q1,AVGO,1,unchanged,wikipedia:Historical_components_of_the_Nasdaq-100+List_of_NASDAQ-100_companies,
2014-Q1,BBBY,1,unchanged,wikipedia:Historical_components_of_the_Nasdaq-100+List_of_NASDAQ-100_companies,
2014-Q1,BIDU,1,unchanged,wikipedia:Historical_components_of_the_Nasdaq-100+List_of_NASDAQ-100_companies,
2014-Q1,BIIB,1,unchanged,wikipedia:Historical_components_of_the_Nasdaq-100+List_of_NASDAQ-100_companies,
2014-Q1,BKNG,1,unchanged,wikipedia:Historical_components_of_the_Nasdaq-100+List_of_NASDAQ-100_companies,
2014-Q1,CA,1,unchanged,wikipedia:Historical_components_of_the_Nasdaq-100+List_of_NASDAQ-100_companies,
2014-Q1,CELG,1,unchanged,wikipedia:Historical_components_of_the_Nasdaq-100+List_of_NASDAQ-100_companies,
2014-Q1,CERN,1,unchanged,wikipedia:Historical_components_of_the_Nasdaq-100+List_of_NASDAQ-100_companies,
2014-Q1,CHKP,1,unchanged,wikipedia:Historical_components_of_the_Nasdaq-100+List_of_NASDAQ-100_companies,
2014-Q1,CHRW,1,unchanged,wikipedia:Historical_components_of_the_Nasdaq-100+List_of_NASDAQ-100_companies,
2014-Q1,CHTR,1,unchanged,wikipedia:Historical_components_of_the_Nasdaq-100+List_of_NASDAQ-100_companies,
2014-Q1,COST,1,unchanged,wikipedia:Historical_components_of_the_Nasdaq-100+List_of_NASDAQ-100_companies,
2014-Q1,CSCO,1,unchanged,wikipedia:Historical_components_of_the_Nasdaq-100+List_of_NASDAQ-100_companies,
2014-Q1,CTRX,1,unchanged,wikipedia:Historical_components_of_the_Nasdaq-100+List_of_NASDAQ-100_companies,
2014-Q1,CTSH,1,unchanged,wikipedia:Historical_components_of_the_Nasdaq-100+List_of_NASDAQ-100_companies,
2014-Q1,CTXS,1,unchanged,wikipedia:Historical_components_of_the_Nasdaq-100+List_of_NASDAQ-100_companies,
2014-Q1,DISCA,1,unchanged,wikipedia:Historical_components_of_the_Nasdaq-100+List_of_NASDAQ-100_companies,
2014-Q1,DISCK,1,unchanged,wikipedia:Historical_components_of_the_Nasdaq-100+List_of_NASDAQ-100_companies,
2014-Q1,DISH,1,unchanged,wikipedia:Historical_components_of_the_Nasdaq-100+List_of_NASDAQ-100_companies,
2014-Q1,DLTR,1,unchanged,wikipedia:Historical_components_of_the_Nasdaq-100+List_of_NASDAQ-100_companies,
2014-Q1,DTV,1,unchanged,wikipedia:Historical_components_of_the_Nasdaq-100+List_of_NASDAQ-100_companies,
2014-Q1,EBAY,1,unchanged,wikipedia:Historical_components_of_the_Nasdaq-100+List_of_NASDAQ-100_companies,
2014-Q1,EQIX,1,unchanged,wikipedia:Historical_components_of_the_Nasdaq-100+List_of_NASDAQ-100_companies,
2014-Q1,ESRX,1,unchanged,wikipedia:Historical_components_of_the_Nasdaq-100+List_of_NASDAQ-100_companies,
2014-Q1,EXPD,1,unchanged,wikipedia:Historical_components_of_the_Nasdaq-100+List_of_NASDAQ-100_companies,
2014-Q1,EXPE,1,unchanged,wikipedia:Historical_components_of_the_Nasdaq-100+List_of_NASDAQ-100_companies,
2014-Q1,FAST,1,unchanged,wikipedia:Historical_components_of_the_Nasdaq-100+List_of_NASDAQ-100_companies,
2014-Q1,FFIV,1,unchanged,wikipedia:Historical_components_of_the_Nasdaq-100+List_of_NASDAQ-100_companies,
2014-Q1,FI,1,unchanged,wikipedia:Historical_components_of_the_Nasdaq-100+List_of_NASDAQ-100_companies,
2014-Q1,FOXA,1,unchanged,wikipedia:Historical_components_of_the_Nasdaq-100+List_of_NASDAQ-100_companies,
2014-Q1,GILD,1,unchanged,wikipedia:Historical_components_of_the_Nasdaq-100+List_of_NASDAQ-100_companies,
2014-Q1,GMCR,1,unchanged,wikipedia:Historical_components_of_the_Nasdaq-100+List_of_NASDAQ-100_companies,
2014-Q1,GOOGL,1,unchanged,wikipedia:Historical_components_of_the_Nasdaq-100+List_of_NASDAQ-100_companies,
2014-Q1,GRMN,1,unchanged,wikipedia:Historical_components_of_the_Nasdaq-100+List_of_NASDAQ-100_companies,
2014-Q1,HSIC,1,unchanged,wikipedia:Historical_components_of_the_Nasdaq-100+List_of_NASDAQ-100_companies,
2014-Q1,ILMN,1,unchanged,wikipedia:Historical_components_of_the_Nasdaq-100+List_of_NASDAQ-100_companies,
2014-Q1,INTC,1,unchanged,wikipedia:Historical_components_of_the_Nasdaq-100+List_of_NASDAQ-100_companies,
2014-Q1,INTU,1,unchanged,wikipedia:Historical_components_of_the_Nasdaq-100+List_of_NASDAQ-100_companies,
2014-Q1,ISRG,1,unchanged,wikipedia:Historical_components_of_the_Nasdaq-100+List_of_NASDAQ-100_companies,
2014-Q1,KLAC,1,unchanged,wikipedia:Historical_components_of_the_Nasdaq-100+List_of_NASDAQ-100_companies,
2014-Q1,KRFT,1,unchanged,wikipedia:Historical_components_of_the_Nasdaq-100+List_of_NASDAQ-100_companies,
2014-Q1,LBTYA,1,unchanged,wikipedia:Historical_components_of_the_Nasdaq-100+List_of_NASDAQ-100_companies,
2014-Q1,LLTC,1,unchanged,wikipedia:Historical_components_of_the_Nasdaq-100+List_of_NASDAQ-100_companies,
2014-Q1,LMCA,1,unchanged,wikipedia:Historical_components_of_the_Nasdaq-100+List_of_NASDAQ-100_companies,
2014-Q1,LMCK,1,unchanged,wikipedia:Historical_components_of_the_Nasdaq-100+List_of_NASDAQ-100_companies,
2014-Q1,MAR,1,unchanged,wikipedia:Historical_components_of_the_Nasdaq-100+List_of_NASDAQ-100_companies,
2014-Q1,MAT,1,unchanged,wikipedia:Historical_components_of_the_Nasdaq-100+List_of_NASDAQ-100_companies,
2014-Q1,MDLZ,1,unchanged,wikipedia:Historical_components_of_the_Nasdaq-100+List_of_NASDAQ-100_companies,
2014-Q1,META,1,unchanged,wikipedia:Historical_components_of_the_Nasdaq-100+List_of_NASDAQ-100_companies,
2014-Q1,MNST,1,unchanged,wikipedia:Historical_components_of_the_Nasdaq-100+List_of_NASDAQ-100_companies,
2014-Q1,MSFT,1,unchanged,wikipedia:Historical_components_of_the_Nasdaq-100+List_of_NASDAQ-100_companies,
2014-Q1,MU,1,unchanged,wikipedia:Historical_components_of_the_Nasdaq-100+List_of_NASDAQ-100_companies,
2014-Q1,MXIM,1,unchanged,wikipedia:Historical_components_of_the_Nasdaq-100+List_of_NASDAQ-100_companies,
2014-Q1,MYL,1,unchanged,wikipedia:Historical_components_of_the_Nasdaq-100+List_of_NASDAQ-100_companies,
2014-Q1,NFLX,1,unchanged,wikipedia:Historical_components_of_the_Nasdaq-100+List_of_NASDAQ-100_companies,
2014-Q1,NLOK,1,unchanged,wikipedia:Historical_components_of_the_Nasdaq-100+List_of_NASDAQ-100_companies,
2014-Q1,NTAP,1,unchanged,wikipedia:Historical_components_of_the_Nasdaq-100+List_of_NASDAQ-100_companies,
2014-Q1,NVDA,1,unchanged,wikipedia:Historical_components_of_the_Nasdaq-100+List_of_NASDAQ-100_companies,
2014-Q1,NXPI,1,unchanged,wikipedia:Historical_components_of_the_Nasdaq-100+List_of_NASDAQ-100_companies,
2014-Q1,ORLY,1,unchanged,wikipedia:Historical_components_of_the_Nasdaq-100+List_of_NASDAQ-100_companies,
2014-Q1,PAYX,1,unchanged,wikipedia:Historical_components_of_the_Nasdaq-100+List_of_NASDAQ-100_companies,
2014-Q1,PCAR,1,unchanged,wikipedia:Historical_components_of_the_Nasdaq-100+List_of_NASDAQ-100_companies,
2014-Q1,QCOM,1,unchanged,wikipedia:Historical_components_of_the_Nasdaq-100+List_of_NASDAQ-100_companies,
2014-Q1,QRTEA,1,unchanged,wikipedia:Historical_components_of_the_Nasdaq-100+List_of_NASDAQ-100_companies,
2014-Q1,REGN,1,unchanged,wikipedia:Historical_components_of_the_Nasdaq-100+List_of_NASDAQ-100_companies,
2014-Q1,ROST,1,unchanged,wikipedia:Historical_components_of_the_Nasdaq-100+List_of_NASDAQ-100_companies,
2014-Q1,SBAC,1,unchanged,wikipedia:Historical_components_of_the_Nasdaq-100+List_of_NASDAQ-100_companies,
2014-Q1,SBUX,1,unchanged,wikipedia:Historical_components_of_the_Nasdaq-100+List_of_NASDAQ-100_companies,
2014-Q1,SIAL,1,unchanged,wikipedia:Historical_components_of_the_Nasdaq-100+List_of_NASDAQ-100_companies,
2014-Q1,SIRI,1,unchanged,wikipedia:Historical_components_of_the_Nasdaq-100+List_of_NASDAQ-100_companies,
2014-Q1,SNDK,1,unchanged,wikipedia:Historical_components_of_the_Nasdaq-100+List_of_NASDAQ-100_companies,
2014-Q1,SPLS,1,unchanged,wikipedia:Historical_components_of_the_Nasdaq-100+List_of_NASDAQ-100_companies,
2014-Q1,SRCL,1,unchanged,wikipedia:Historical_components_of_the_Nasdaq-100+List_of_NASDAQ-100_companies,
2014-Q1,STX,1,unchanged,wikipedia:Historical_components_of_the_Nasdaq-100+List_of_NASDAQ-100_companies,
2014-Q1,TRIP,1,unchanged,wikipedia:Historical_components_of_the_Nasdaq-100+List_of_NASDAQ-100_companies,
2014-Q1,TSCO,1,unchanged,wikipedia:Historical_components_of_the_Nasdaq-100+List_of_NASDAQ-100_companies,
2014-Q1,TSLA,1,unchanged,wikipedia:Historical_components_of_the_Nasdaq-100+List_of_NASDAQ-100_companies,
2014-Q1,TXN,1,unchanged,wikipedia:Historical_components_of_the_Nasdaq-100+List_of_NASDAQ-100_companies,
2014-Q1,VIAB,1,unchanged,wikipedia:Historical_components_of_the_Nasdaq-100+List_of_NASDAQ-100_companies,
2014-Q1,VIP,1,unchanged,wikipedia:Historical_components_of_the_Nasdaq-100+List_of_NASDAQ-100_companies,
2014-Q1,VOD,1,unchanged,wikipedia:Historical_components_of_the_Nasdaq-100+List_of_NASDAQ-100_companies,
2014-Q1,VRSK,1,unchanged,wikipedia:Historical_components_of_the_Nasdaq-100+List_of_NASDAQ-100_companies,
2014-Q1,VRTX,1,unchanged,wikipedia:Historical_components_of_the_Nasdaq-100+List_of_NASDAQ-100_companies,
2014-Q1,WDC,1,unchanged,wikipedia:Historical_components_of_the_Nasdaq-100+List_of_NASDAQ-100_companies,
2014-Q1,WFM,1,unchanged,wikipedia:Historical_components_of_the_Nasdaq-100+List_of_NASDAQ-100_companies,
2014-Q1,WYNN,1,unchanged,wikipedia:Historical_components_of_the_Nasdaq-100+List_of_NASDAQ-100_companies,
2014-Q1,XLNX,1,unchanged,wikipedia:Historical_components_of_the_Nasdaq-100+List_of_NASDAQ-100_companies,
2014-Q1,YHOO,1,unchanged,wikipedia:Historical_components_of_the_Nasdaq-100+List_of_NASDAQ-100_companies,
2014-Q2,AAPL,1,unchanged,wikipedia:Historical_components_of_the_Nasdaq-100+List_of_NASDAQ-100_companies,
2014-Q2,ADBE,1,unchanged,wikipedia:Historical_components_of_the_Nasdaq-100+List_of_NASDAQ-100_companies,
2014-Q2,ADI,1,unchanged,wikipedia:Historical_components_of_the_Nasdaq-100+List_of_NASDAQ-100_companies,
2014-Q2,ADP,1,unchanged,wikipedia:Historical_components_of_the_Nasdaq-100+List_of_NASDAQ-100_companies,
2014-Q2,ADSK,1,unchanged,wikipedia:Historical_components_of_the_Nasdaq-100+List_of_NASDAQ-100_companies,
2014-Q2,AKAM,1,unchanged,wikipedia:Historical_components_of_the_Nasdaq-100+List_of_NASDAQ-100_companies,
2014-Q2,ALTR,1,unchanged,wikipedia:Historical_components_of_the_Nasdaq-100+List_of_NASDAQ-100_companies,
2014-Q2,ALXN,1,unchanged,wikipedia:Historical_components_of_the_Nasdaq-100+List_of_NASDAQ-100_companies,
2014-Q2,AMAT,1,unchanged,wikipedia:Historical_components_of_the_Nasdaq-100+List_of_NASDAQ-100_companies,
2014-Q2,AMGN,1,unchanged,wikipedia:Historical_components_of_the_Nasdaq-100+List_of_NASDAQ-100_companies,
2014-Q2,AMZN,1,unchanged,wikipedia:Historical_components_of_the_Nasdaq-100+List_of_NASDAQ-100_companies,
2014-Q2,ATVI,1,unchanged,wikipedia:Historical_components_of_the_Nasdaq-100+List_of_NASDAQ-100_companies,
2014-Q2,AVGO,1,unchanged,wikipedia:Historical_components_of_the_Nasdaq-100+List_of_NASDAQ-100_companies,
2014-Q2,BBBY,1,unchanged,wikipedia:Historical_components_of_the_Nasdaq-100+List_of_NASDAQ-100_companies,
2014-Q2,BIDU,1,unchanged,wikipedia:Historical_components_of_the_Nasdaq-100+List_of_NASDAQ-100_companies,
2014-Q2,BIIB,1,unchanged,wikipedia:Historical_components_of_the_Nasdaq-100+List_of_NASDAQ-100_companies,
2014-Q2,BKNG,1,unchanged,wikipedia:Historical_components_of_the_Nasdaq-100+List_of_NASDAQ-100_companies,
2014-Q2,CA,1,unchanged,wikipedia:Historical_components_of_the_Nasdaq-100+List_of_NASDAQ-100_companies,
2014-Q2,CELG,1,unchanged,wikipedia:Historical_components_of_the_Nasdaq-100+List_of_NASDAQ-100_companies,
2014-Q2,CERN,1,unchanged,wikipedia:Historical_components_of_the_Nasdaq-100+List_of_NASDAQ-100_companies,
2014-Q2,CHKP,1,unchanged,wikipedia:Historical_components_of_the_Nasdaq-100+List_of_NASDAQ-100_companies,
2014-Q2,CHRW,1,unchanged,wikipedia:Historical_components_of_the_Nasdaq-100+List_of_NASDAQ-100_companies,
2014-Q2,CHTR,1,unchanged,wikipedia:Historical_components_of_the_Nasdaq-100+List_of_NASDAQ-100_companies,
2014-Q2,COST,1,unchanged,wikipedia:Historical_components_of_the_Nasdaq-100+List_of_NASDAQ-100_companies,
2014-Q2,CSCO,1,unchanged,wikipedia:Historical_components_of_the_Nasdaq-100+List_of_NASDAQ-100_companies,
2014-Q2,CTRX,1,unchanged,wikipedia:Historical_components_of_the_Nasdaq-100+List_of_NASDAQ-100_companies,
2014-Q2,CTSH,1,unchanged,wikipedia:Historical_components_of_the_Nasdaq-100+List_of_NASDAQ-100_companies,
2014-Q2,CTXS,1,unchanged,wikipedia:Historical_components_of_the_Nasdaq-100+List_of_NASDAQ-100_companies,
2014-Q2,DISCA,1,unchanged,wikipedia:Historical_components_of_the_Nasdaq-100+List_of_NASDAQ-100_companies,
2014-Q2,DISCK,1,unchanged,wikipedia:Historical_components_of_the_Nasdaq-100+List_of_NASDAQ-100_companies,
2014-Q2,DISH,1,unchanged,wikipedia:Historical_components_of_the_Nasdaq-100+List_of_NASDAQ-100_companies,
2014-Q2,DLTR,1,unchanged,wikipedia:Historical_components_of_the_Nasdaq-100+List_of_NASDAQ-100_companies,
2014-Q2,DTV,1,unchanged,wikipedia:Historical_components_of_the_Nasdaq-100+List_of_NASDAQ-100_companies,
2014-Q2,EBAY,1,unchanged,wikipedia:Historical_components_of_the_Nasdaq-100+List_of_NASDAQ-100_companies,
2014-Q2,EQIX,1,unchanged,wikipedia:Historical_components_of_the_Nasdaq-100+List_of_NASDAQ-100_companies,
2014-Q2,ESRX,1,unchanged,wikipedia:Historical_components_of_the_Nasdaq-100+List_of_NASDAQ-100_companies,
2014-Q2,EXPD,1,unchanged,wikipedia:Historical_components_of_the_Nasdaq-100+List_of_NASDAQ-100_companies,
2014-Q2,EXPE,1,unchanged,wikipedia:Historical_components_of_the_Nasdaq-100+List_of_NASDAQ-100_companies,
2014-Q2,FAST,1,unchanged,wikipedia:Historical_components_of_the_Nasdaq-100+List_of_NASDAQ-100_companies,
2014-Q2,FFIV,1,unchanged,wikipedia:Historical_components_of_the_Nasdaq-100+List_of_NASDAQ-100_companies,
2014-Q2,FI,1,unchanged,wikipedia:Historical_components_of_the_Nasdaq-100+List_of_NASDAQ-100_companies,
2014-Q2,FOXA,1,unchanged,wikipedia:Historical_components_of_the_Nasdaq-100+List_of_NASDAQ-100_companies,
2014-Q2,GILD,1,unchanged,wikipedia:Historical_components_of_the_Nasdaq-100+List_of_NASDAQ-100_companies,
2014-Q2,GMCR,1,unchanged,wikipedia:Historical_components_of_the_Nasdaq-100+List_of_NASDAQ-100_companies,
2014-Q2,GOOG,1,added,wikipedia:Historical_components_of_the_Nasdaq-100+List_of_NASDAQ-100_companies,
2014-Q2,GOOGL,1,unchanged,wikipedia:Historical_components_of_the_Nasdaq-100+List_of_NASDAQ-100_companies,
2014-Q2,GRMN,1,unchanged,wikipedia:Historical_components_of_the_Nasdaq-100+List_of_NASDAQ-100_companies,
2014-Q2,HSIC,1,unchanged,wikipedia:Historical_components_of_the_Nasdaq-100+List_of_NASDAQ-100_companies,
2014-Q2,ILMN,1,unchanged,wikipedia:Historical_components_of_the_Nasdaq-100+List_of_NASDAQ-100_companies,
2014-Q2,INTC,1,unchanged,wikipedia:Historical_components_of_the_Nasdaq-100+List_of_NASDAQ-100_companies,
2014-Q2,INTU,1,unchanged,wikipedia:Historical_components_of_the_Nasdaq-100+List_of_NASDAQ-100_companies,
2014-Q2,ISRG,1,unchanged,wikipedia:Historical_components_of_the_Nasdaq-100+List_of_NASDAQ-100_companies,
2014-Q2,KLAC,1,unchanged,wikipedia:Historical_components_of_the_Nasdaq-100+List_of_NASDAQ-100_companies,
2014-Q2,KRFT,1,unchanged,wikipedia:Historical_components_of_the_Nasdaq-100+List_of_NASDAQ-100_companies,
2014-Q2,LBTYA,1,unchanged,wikipedia:Historical_components_of_the_Nasdaq-100+List_of_NASDAQ-100_companies,
2014-Q2,LLTC,1,unchanged,wikipedia:Historical_components_of_the_Nasdaq-100+List_of_NASDAQ-100_companies,
2014-Q2,LMCA,1,unchanged,wikipedia:Historical_components_of_the_Nasdaq-100+List_of_NASDAQ-100_companies,
2014-Q2,LMCK,1,unchanged,wikipedia:Historical_components_of_the_Nasdaq-100+List_of_NASDAQ-100_companies,
2014-Q2,MAR,1,unchanged,wikipedia:Historical_components_of_the_Nasdaq-100+List_of_NASDAQ-100_companies,
2014-Q2,MAT,1,unchanged,wikipedia:Historical_components_of_the_Nasdaq-100+List_of_NASDAQ-100_companies,
2014-Q2,MDLZ,1,unchanged,wikipedia:Historical_components_of_the_Nasdaq-100+List_of_NASDAQ-100_companies,
2014-Q2,META,1,unchanged,wikipedia:Historical_components_of_the_Nasdaq-100+List_of_NASDAQ-100_companies,
2014-Q2,MNST,1,unchanged,wikipedia:Historical_components_of_the_Nasdaq-100+List_of_NASDAQ-100_companies,
2014-Q2,MSFT,1,unchanged,wikipedia:Historical_components_of_the_Nasdaq-100+List_of_NASDAQ-100_companies,
2014-Q2,MU,1,unchanged,wikipedia:Historical_components_of_the_Nasdaq-100+List_of_NASDAQ-100_companies,
2014-Q2,MXIM,1,unchanged,wikipedia:Historical_components_of_the_Nasdaq-100+List_of_NASDAQ-100_companies,
2014-Q2,MYL,1,unchanged,wikipedia:Historical_components_of_the_Nasdaq-100+List_of_NASDAQ-100_companies,
2014-Q2,NFLX,1,unchanged,wikipedia:Historical_components_of_the_Nasdaq-100+List_of_NASDAQ-100_companies,
2014-Q2,NLOK,1,unchanged,wikipedia:Historical_components_of_the_Nasdaq-100+List_of_NASDAQ-100_companies,
2014-Q2,NTAP,1,unchanged,wikipedia:Historical_components_of_the_Nasdaq-100+List_of_NASDAQ-100_companies,
2014-Q2,NVDA,1,unchanged,wikipedia:Historical_components_of_the_Nasdaq-100+List_of_NASDAQ-100_companies,
2014-Q2,NXPI,1,unchanged,wikipedia:Historical_components_of_the_Nasdaq-100+List_of_NASDAQ-100_companies,
2014-Q2,ORLY,1,unchanged,wikipedia:Historical_components_of_the_Nasdaq-100+List_of_NASDAQ-100_companies,
2014-Q2,PAYX,1,unchanged,wikipedia:Historical_components_of_the_Nasdaq-100+List_of_NASDAQ-100_companies,
2014-Q2,PCAR,1,unchanged,wikipedia:Historical_components_of_the_Nasdaq-100+List_of_NASDAQ-100_companies,
2014-Q2,QCOM,1,unchanged,wikipedia:Historical_components_of_the_Nasdaq-100+List_of_NASDAQ-100_companies,
2014-Q2,QRTEA,1,unchanged,wikipedia:Historical_components_of_the_Nasdaq-100+List_of_NASDAQ-100_companies,
2014-Q2,REGN,1,unchanged,wikipedia:Historical_components_of_the_Nasdaq-100+List_of_NASDAQ-100_companies,
2014-Q2,ROST,1,unchanged,wikipedia:Historical_components_of_the_Nasdaq-100+List_of_NASDAQ-100_companies,
2014-Q2,SBAC,1,unchanged,wikipedia:Historical_components_of_the_Nasdaq-100+List_of_NASDAQ-100_companies,
2014-Q2,SBUX,1,unchanged,wikipedia:Historical_components_of_the_Nasdaq-100+List_of_NASDAQ-100_companies,
2014-Q2,SIAL,1,unchanged,wikipedia:Historical_components_of_the_Nasdaq-100+List_of_NASDAQ-100_companies,
2014-Q2,SIRI,1,unchanged,wikipedia:Historical_components_of_the_Nasdaq-100+List_of_NASDAQ-100_companies,
2014-Q2,SNDK,1,unchanged,wikipedia:Historical_components_of_the_Nasdaq-100+List_of_NASDAQ-100_companies,
2014-Q2,SPLS,1,unchanged,wikipedia:Historical_components_of_the_Nasdaq-100+List_of_NASDAQ-100_companies,
2014-Q2,SRCL,1,unchanged,wikipedia:Historical_components_of_the_Nasdaq-100+List_of_NASDAQ-100_companies,
2014-Q2,STX,1,unchanged,wikipedia:Historical_components_of_the_Nasdaq-100+List_of_NASDAQ-100_companies,
2014-Q2,TRIP,1,unchanged,wikipedia:Historical_components_of_the_Nasdaq-100+List_of_NASDAQ-100_companies,
2014-Q2,TSCO,1,unchanged,wikipedia:Historical_components_of_the_Nasdaq-100+List_of_NASDAQ-100_companies,
2014-Q2,TSLA,1,unchanged,wikipedia:Historical_components_of_the_Nasdaq-100+List_of_NASDAQ-100_companies,
2014-Q2,TXN,1,unchanged,wikipedia:Historical_components_of_the_Nasdaq-100+List_of_NASDAQ-100_companies,
2014-Q2,VIAB,1,unchanged,wikipedia:Historical_components_of_the_Nasdaq-100+List_of_NASDAQ-100_companies,
2014-Q2,VIP,1,unchanged,wikipedia:Historical_components_of_the_Nasdaq-100+List_of_NASDAQ-100_companies,
2014-Q2,VOD,1,unchanged,wikipedia:Historical_components_of_the_Nasdaq-100+List_of_NASDAQ-100_companies,
2014-Q2,VRSK,1,unchanged,wikipedia:Historical_components_of_the_Nasdaq-100+List_of_NASDAQ-100_companies,
2014-Q2,VRTX,1,unchanged,wikipedia:Historical_components_of_the_Nasdaq-100+List_of_NASDAQ-100_companies,
2014-Q2,WDC,1,unchanged,wikipedia:Historical_components_of_the_Nasdaq-100+List_of_NASDAQ-100_companies,
2014-Q2,WFM,1,unchanged,wikipedia:Historical_components_of_the_Nasdaq-100+List_of_NASDAQ-100_companies,
2014-Q2,WYNN,1,unchanged,wikipedia:Historical_components_of_the_Nasdaq-100+List_of_NASDAQ-100_companies,
2014-Q2,XLNX,1,unchanged,wikipedia:Historical_components_of_the_Nasdaq-100+List_of_NASDAQ-100_companies,
2014-Q2,YHOO,1,unchanged,wikipedia:Historical_components_of_the_Nasdaq-100+List_of_NASDAQ-100_companies,
2014-Q3,AAPL,1,unchanged,wikipedia:Historical_components_of_the_Nasdaq-100+List_of_NASDAQ-100_companies,
2014-Q3,ADBE,1,unchanged,wikipedia:Historical_components_of_the_Nasdaq-100+List_of_NASDAQ-100_companies,
2014-Q3,ADI,1,unchanged,wikipedia:Historical_components_of_the_Nasdaq-100+List_of_NASDAQ-100_companies,
2014-Q3,ADP,1,unchanged,wikipedia:Historical_components_of_the_Nasdaq-100+List_of_NASDAQ-100_companies,
2014-Q3,ADSK,1,unchanged,wikipedia:Historical_components_of_the_Nasdaq-100+List_of_NASDAQ-100_companies,
2014-Q3,AKAM,1,unchanged,wikipedia:Historical_components_of_the_Nasdaq-100+List_of_NASDAQ-100_companies,
2014-Q3,ALTR,1,unchanged,wikipedia:Historical_components_of_the_Nasdaq-100+List_of_NASDAQ-100_companies,
2014-Q3,ALXN,1,unchanged,wikipedia:Historical_components_of_the_Nasdaq-100+List_of_NASDAQ-100_companies,
2014-Q3,AMAT,1,unchanged,wikipedia:Historical_components_of_the_Nasdaq-100+List_of_NASDAQ-100_companies,
2014-Q3,AMGN,1,unchanged,wikipedia:Historical_components_of_the_Nasdaq-100+List_of_NASDAQ-100_companies,
2014-Q3,AMZN,1,unchanged,wikipedia:Historical_components_of_the_Nasdaq-100+List_of_NASDAQ-100_companies,
2014-Q3,ATVI,1,unchanged,wikipedia:Historical_components_of_the_Nasdaq-100+List_of_NASDAQ-100_companies,
2014-Q3,AVGO,1,unchanged,wikipedia:Historical_components_of_the_Nasdaq-100+List_of_NASDAQ-100_companies,
2014-Q3,BBBY,1,unchanged,wikipedia:Historical_components_of_the_Nasdaq-100+List_of_NASDAQ-100_companies,
2014-Q3,BIDU,1,unchanged,wikipedia:Historical_components_of_the_Nasdaq-100+List_of_NASDAQ-100_companies,
2014-Q3,BIIB,1,unchanged,wikipedia:Historical_components_of_the_Nasdaq-100+List_of_NASDAQ-100_companies,
2014-Q3,BKNG,1,unchanged,wikipedia:Historical_components_of_the_Nasdaq-100+List_of_NASDAQ-100_companies,
2014-Q3,CA,1,unchanged,wikipedia:Historical_components_of_the_Nasdaq-100+List_of_NASDAQ-100_companies,
2014-Q3,CELG,1,unchanged,wikipedia:Historical_components_of_the_Nasdaq-100+List_of_NASDAQ-100_companies,
2014-Q3,CERN,1,unchanged,wikipedia:Historical_components_of_the_Nasdaq-100+List_of_NASDAQ-100_companies,
2014-Q3,CHKP,1,unchanged,wikipedia:Historical_components_of_the_Nasdaq-100+List_of_NASDAQ-100_companies,
2014-Q3,CHRW,1,unchanged,wikipedia:Historical_components_of_the_Nasdaq-100+List_of_NASDAQ-100_companies,
2014-Q3,CHTR,1,unchanged,wikipedia:Historical_components_of_the_Nasdaq-100+List_of_NASDAQ-100_companies,
2014-Q3,COST,1,unchanged,wikipedia:Historical_components_of_the_Nasdaq-100+List_of_NASDAQ-100_companies,
2014-Q3,CSCO,1,unchanged,wikipedia:Historical_components_of_the_Nasdaq-100+List_of_NASDAQ-100_companies,
2014-Q3,CTRX,1,unchanged,wikipedia:Historical_components_of_the_Nasdaq-100+List_of_NASDAQ-100_companies,
2014-Q3,CTSH,1,unchanged,wikipedia:Historical_components_of_the_Nasdaq-100+List_of_NASDAQ-100_companies,
2014-Q3,CTXS,1,unchanged,wikipedia:Historical_components_of_the_Nasdaq-100+List_of_NASDAQ-100_companies,
2014-Q3,DISCA,1,unchanged,wikipedia:Historical_components_of_the_Nasdaq-100+List_of_NASDAQ-100_companies,
2014-Q3,DISCK,1,unchanged,wikipedia:Historical_components_of_the_Nasdaq-100+List_of_NASDAQ-100_companies,
2014-Q3,DISH,1,unchanged,wikipedia:Historical_components_of_the_Nasdaq-100+List_of_NASDAQ-100_companies,
2014-Q3,DLTR,1,unchanged,wikipedia:Historical_components_of_the_Nasdaq-100+List_of_NASDAQ-100_companies,
2014-Q3,DTV,1,unchanged,wikipedia:Historical_components_of_the_Nasdaq-100+List_of_NASDAQ-100_companies,
2014-Q3,EBAY,1,unchanged,wikipedia:Historical_components_of_the_Nasdaq-100+List_of_NASDAQ-100_companies,
2014-Q3,EQIX,1,unchanged,wikipedia:Historical_components_of_the_Nasdaq-100+List_of_NASDAQ-100_companies,
2014-Q3,ESRX,1,unchanged,wikipedia:Historical_components_of_the_Nasdaq-100+List_of_NASDAQ-100_companies,
2014-Q3,EXPD,1,unchanged,wikipedia:Historical_components_of_the_Nasdaq-100+List_of_NASDAQ-100_companies,
2014-Q3,EXPE,1,unchanged,wikipedia:Historical_components_of_the_Nasdaq-100+List_of_NASDAQ-100_companies,
2014-Q3,FAST,1,unchanged,wikipedia:Historical_components_of_the_Nasdaq-100+List_of_NASDAQ-100_companies,
2014-Q3,FFIV,1,unchanged,wikipedia:Historical_components_of_the_Nasdaq-100+List_of_NASDAQ-100_companies,
2014-Q3,FI,1,unchanged,wikipedia:Historical_components_of_the_Nasdaq-100+List_of_NASDAQ-100_companies,
2014-Q3,FOXA,1,unchanged,wikipedia:Historical_components_of_the_Nasdaq-100+List_of_NASDAQ-100_companies,
2014-Q3,GILD,1,unchanged,wikipedia:Historical_components_of_the_Nasdaq-100+List_of_NASDAQ-100_companies,
2014-Q3,GMCR,1,unchanged,wikipedia:Historical_components_of_the_Nasdaq-100+List_of_NASDAQ-100_companies,
2014-Q3,GOOG,1,unchanged,wikipedia:Historical_components_of_the_Nasdaq-100+List_of_NASDAQ-100_companies,
2014-Q3,GOOGL,1,unchanged,wikipedia:Historical_components_of_the_Nasdaq-100+List_of_NASDAQ-100_companies,
2014-Q3,GRMN,1,unchanged,wikipedia:Historical_components_of_the_Nasdaq-100+List_of_NASDAQ-100_companies,
2014-Q3,HSIC,1,unchanged,wikipedia:Historical_components_of_the_Nasdaq-100+List_of_NASDAQ-100_companies,
2014-Q3,ILMN,1,unchanged,wikipedia:Historical_components_of_the_Nasdaq-100+List_of_NASDAQ-100_companies,
2014-Q3,INTC,1,unchanged,wikipedia:Historical_components_of_the_Nasdaq-100+List_of_NASDAQ-100_companies,
2014-Q3,INTU,1,unchanged,wikipedia:Historical_components_of_the_Nasdaq-100+List_of_NASDAQ-100_companies,
2014-Q3,ISRG,1,unchanged,wikipedia:Historical_components_of_the_Nasdaq-100+List_of_NASDAQ-100_companies,
2014-Q3,KLAC,1,unchanged,wikipedia:Historical_components_of_the_Nasdaq-100+List_of_NASDAQ-100_companies,
2014-Q3,KRFT,1,unchanged,wikipedia:Historical_components_of_the_Nasdaq-100+List_of_NASDAQ-100_companies,
2014-Q3,LBTYA,1,unchanged,wikipedia:Historical_components_of_the_Nasdaq-100+List_of_NASDAQ-100_companies,
2014-Q3,LLTC,1,unchanged,wikipedia:Historical_components_of_the_Nasdaq-100+List_of_NASDAQ-100_companies,
2014-Q3,LMCA,1,unchanged,wikipedia:Historical_components_of_the_Nasdaq-100+List_of_NASDAQ-100_companies,
2014-Q3,LMCK,1,unchanged,wikipedia:Historical_components_of_the_Nasdaq-100+List_of_NASDAQ-100_companies,
2014-Q3,MAR,1,unchanged,wikipedia:Historical_components_of_the_Nasdaq-100+List_of_NASDAQ-100_companies,
2014-Q3,MAT,1,unchanged,wikipedia:Historical_components_of_the_Nasdaq-100+List_of_NASDAQ-100_companies,
2014-Q3,MDLZ,1,unchanged,wikipedia:Historical_components_of_the_Nasdaq-100+List_of_NASDAQ-100_companies,
2014-Q3,META,1,unchanged,wikipedia:Historical_components_of_the_Nasdaq-100+List_of_NASDAQ-100_companies,
2014-Q3,MNST,1,unchanged,wikipedia:Historical_components_of_the_Nasdaq-100+List_of_NASDAQ-100_companies,
2014-Q3,MSFT,1,unchanged,wikipedia:Historical_components_of_the_Nasdaq-100+List_of_NASDAQ-100_companies,
2014-Q3,MU,1,unchanged,wikipedia:Historical_components_of_the_Nasdaq-100+List_of_NASDAQ-100_companies,
2014-Q3,MXIM,1,unchanged,wikipedia:Historical_components_of_the_Nasdaq-100+List_of_NASDAQ-100_companies,
2014-Q3,MYL,1,unchanged,wikipedia:Historical_components_of_the_Nasdaq-100+List_of_NASDAQ-100_companies,
2014-Q3,NFLX,1,unchanged,wikipedia:Historical_components_of_the_Nasdaq-100+List_of_NASDAQ-100_companies,
2014-Q3,NLOK,1,unchanged,wikipedia:Historical_components_of_the_Nasdaq-100+List_of_NASDAQ-100_companies,
2014-Q3,NTAP,1,unchanged,wikipedia:Historical_components_of_the_Nasdaq-100+List_of_NASDAQ-100_companies,
2014-Q3,NVDA,1,unchanged,wikipedia:Historical_components_of_the_Nasdaq-100+List_of_NASDAQ-100_companies,
2014-Q3,NXPI,1,unchanged,wikipedia:Historical_components_of_the_Nasdaq-100+List_of_NASDAQ-100_companies,
2014-Q3,ORLY,1,unchanged,wikipedia:Historical_components_of_the_Nasdaq-100+List_of_NASDAQ-100_companies,
2014-Q3,PAYX,1,unchanged,wikipedia:Historical_components_of_the_Nasdaq-100+List_of_NASDAQ-100_companies,
2014-Q3,PCAR,1,unchanged,wikipedia:Historical_components_of_the_Nasdaq-100+List_of_NASDAQ-100_companies,
2014-Q3,QCOM,1,unchanged,wikipedia:Historical_components_of_the_Nasdaq-100+List_of_NASDAQ-100_companies,
2014-Q3,QRTEA,1,unchanged,wikipedia:Historical_components_of_the_Nasdaq-100+List_of_NASDAQ-100_companies,
2014-Q3,REGN,1,unchanged,wikipedia:Historical_components_of_the_Nasdaq-100+List_of_NASDAQ-100_companies,
2014-Q3,ROST,1,unchanged,wikipedia:Historical_components_of_the_Nasdaq-100+List_of_NASDAQ-100_companies,
2014-Q3,SBAC,1,unchanged,wikipedia:Historical_components_of_the_Nasdaq-100+List_of_NASDAQ-100_companies,
2014-Q3,SBUX,1,unchanged,wikipedia:Historical_components_of_the_Nasdaq-100+List_of_NASDAQ-100_companies,
2014-Q3,SIAL,1,unchanged,wikipedia:Historical_components_of_the_Nasdaq-100+List_of_NASDAQ-100_companies,
2014-Q3,SIRI,1,unchanged,wikipedia:Historical_components_of_the_Nasdaq-100+List_of_NASDAQ-100_companies,
2014-Q3,SNDK,1,unchanged,wikipedia:Historical_components_of_the_Nasdaq-100+List_of_NASDAQ-100_companies,
2014-Q3,SPLS,1,unchanged,wikipedia:Historical_components_of_the_Nasdaq-100+List_of_NASDAQ-100_companies,
2014-Q3,SRCL,1,unchanged,wikipedia:Historical_components_of_the_Nasdaq-100+List_of_NASDAQ-100_companies,
2014-Q3,STX,1,unchanged,wikipedia:Historical_components_of_the_Nasdaq-100+List_of_NASDAQ-100_companies,
2014-Q3,TRIP,1,unchanged,wikipedia:Historical_components_of_the_Nasdaq-100+List_of_NASDAQ-100_companies,
2014-Q3,TSCO,1,unchanged,wikipedia:Historical_components_of_the_Nasdaq-100+List_of_NASDAQ-100_companies,
2014-Q3,TSLA,1,unchanged,wikipedia:Historical_components_of_the_Nasdaq-100+List_of_NASDAQ-100_companies,
2014-Q3,TXN,1,unchanged,wikipedia:Historical_components_of_the_Nasdaq-100+List_of_NASDAQ-100_companies,
2014-Q3,VIAB,1,unchanged,wikipedia:Historical_components_of_the_Nasdaq-100+List_of_NASDAQ-100_companies,
2014-Q3,VIP,1,unchanged,wikipedia:Historical_components_of_the_Nasdaq-100+List_of_NASDAQ-100_companies,
2014-Q3,VOD,1,unchanged,wikipedia:Historical_components_of_the_Nasdaq-100+List_of_NASDAQ-100_companies,
2014-Q3,VRSK,1,unchanged,wikipedia:Historical_components_of_the_Nasdaq-100+List_of_NASDAQ-100_companies,
2014-Q3,VRTX,1,unchanged,wikipedia:Historical_components_of_the_Nasdaq-100+List_of_NASDAQ-100_companies,
2014-Q3,WDC,1,unchanged,wikipedia:Historical_components_of_the_Nasdaq-100+List_of_NASDAQ-100_companies,
2014-Q3,WFM,1,unchanged,wikipedia:Historical_components_of_the_Nasdaq-100+List_of_NASDAQ-100_companies,
2014-Q3,WYNN,1,unchanged,wikipedia:Historical_components_of_the_Nasdaq-100+List_of_NASDAQ-100_companies,
2014-Q3,XLNX,1,unchanged,wikipedia:Historical_components_of_the_Nasdaq-100+List_of_NASDAQ-100_companies,
2014-Q3,YHOO,1,unchanged,wikipedia:Historical_components_of_the_Nasdaq-100+List_of_NASDAQ-100_companies,
2014-Q4,AAL,1,added,wikipedia:Historical_components_of_the_Nasdaq-100+List_of_NASDAQ-100_companies,
2014-Q4,AAPL,1,unchanged,wikipedia:Historical_components_of_the_Nasdaq-100+List_of_NASDAQ-100_companies,
2014-Q4,ADBE,1,unchanged,wikipedia:Historical_components_of_the_Nasdaq-100+List_of_NASDAQ-100_companies,
2014-Q4,ADI,1,unchanged,wikipedia:Historical_components_of_the_Nasdaq-100+List_of_NASDAQ-100_companies,
2014-Q4,ADP,1,unchanged,wikipedia:Historical_components_of_the_Nasdaq-100+List_of_NASDAQ-100_companies,
2014-Q4,ADSK,1,unchanged,wikipedia:Historical_components_of_the_Nasdaq-100+List_of_NASDAQ-100_companies,
2014-Q4,AKAM,1,unchanged,wikipedia:Historical_components_of_the_Nasdaq-100+List_of_NASDAQ-100_companies,
2014-Q4,ALTR,1,unchanged,wikipedia:Historical_components_of_the_Nasdaq-100+List_of_NASDAQ-100_companies,
2014-Q4,ALXN,1,unchanged,wikipedia:Historical_components_of_the_Nasdaq-100+List_of_NASDAQ-100_companies,
2014-Q4,AMAT,1,unchanged,wikipedia:Historical_components_of_the_Nasdaq-100+List_of_NASDAQ-100_companies,
2014-Q4,AMGN,1,unchanged,wikipedia:Historical_components_of_the_Nasdaq-100+List_of_NASDAQ-100_companies,
2014-Q4,AMZN,1,unchanged,wikipedia:Historical_components_of_the_Nasdaq-100+List_of_NASDAQ-100_companies,
2014-Q4,ATVI,1,unchanged,wikipedia:Historical_components_of_the_Nasdaq-100+List_of_NASDAQ-100_companies,
2014-Q4,AVGO,1,unchanged,wikipedia:Historical_components_of_the_Nasdaq-100+List_of_NASDAQ-100_companies,
2014-Q4,BBBY,1,unchanged,wikipedia:Historical_components_of_the_Nasdaq-100+List_of_NASDAQ-100_companies,
2014-Q4,BIDU,1,unchanged,wikipedia:Historical_components_of_the_Nasdaq-100+List_of_NASDAQ-100_companies,
2014-Q4,BIIB,1,unchanged,wikipedia:Historical_components_of_the_Nasdaq-100+List_of_NASDAQ-100_companies,
2014-Q4,BKNG,1,unchanged,wikipedia:Historical_components_of_the_Nasdaq-100+List_of_NASDAQ-100_companies,
2014-Q4,CA,1,unchanged,wikipedia:Historical_components_of_the_Nasdaq-100+List_of_NASDAQ-100_companies,
2014-Q4,CELG,1,unchanged,wikipedia:Historical_components_of_the_Nasdaq-100+List_of_NASDAQ-100_companies,
2014-Q4,CERN,1,unchanged,wikipedia:Historical_components_of_the_Nasdaq-100+List_of_NASDAQ-100_companies,
2014-Q4,CHKP,1,unchanged,wikipedia:Historical_components_of_the_Nasdaq-100+List_of_NASDAQ-100_companies,
2014-Q4,CHRW,1,unchanged,wikipedia:Historical_components_of_the_Nasdaq-100+List_of_NASDAQ-100_companies,
2014-Q4,CHTR,1,unchanged,wikipedia:Historical_components_of_the_Nasdaq-100+List_of_NASDAQ-100_companies,
2014-Q4,CMCSA,1,added,wikipedia:Historical_components_of_the_Nasdaq-100+List_of_NASDAQ-100_companies,
2014-Q4,COST,1,unchanged,wikipedia:Historical_components_of_the_Nasdaq-100+List_of_NASDAQ-100_companies,
2014-Q4,CSCO,1,unchanged,wikipedia:Historical_components_of_the_Nasdaq-100+List_of_NASDAQ-100_companies,
2014-Q4,CTRX,1,unchanged,wikipedia:Historical_components_of_the_Nasdaq-100+List_of_NASDAQ-100_companies,
2014-Q4,CTSH,1,unchanged,wikipedia:Historical_components_of_the_Nasdaq-100+List_of_NASDAQ-100_companies,
2014-Q4,CTXS,1,unchanged,wikipedia:Historical_components_of_the_Nasdaq-100+List_of_NASDAQ-100_companies,
2014-Q4,DISCA,1,unchanged,wikipedia:Historical_components_of_the_Nasdaq-100+List_of_NASDAQ-100_companies,
2014-Q4,DISCK,1,unchanged,wikipedia:Historical_components_of_the_Nasdaq-100+List_of_NASDAQ-100_companies,
2014-Q4,DISH,1,unchanged,wikipedia:Historical_components_of_the_Nasdaq-100+List_of_NASDAQ-100_companies,
2014-Q4,DLTR,1,unchanged,wikipedia:Historical_components_of_the_Nasdaq-100+List_of_NASDAQ-100_companies,
2014-Q4,DTV,1,unchanged,wikipedia:Historical_components_of_the_Nasdaq-100+List_of_NASDAQ-100_companies,
2014-Q4,EA,1,added,wikipedia:Historical_components_of_the_Nasdaq-100+List_of_NASDAQ-100_companies,
2014-Q4,EBAY,1,unchanged,wikipedia:Historical_components_of_the_Nasdaq-100+List_of_NASDAQ-100_companies,
2014-Q4,EQIX,1,unchanged,wikipedia:Historical_components_of_the_Nasdaq-100+List_of_NASDAQ-100_companies,
2014-Q4,ESRX,1,unchanged,wikipedia:Historical_components_of_the_Nasdaq-100+List_of_NASDAQ-100_companies,
2014-Q4,EXPD,1,unchanged,wikipedia:Historical_components_of_the_Nasdaq-100+List_of_NASDAQ-100_companies,
2014-Q4,FAST,1,unchanged,wikipedia:Historical_components_of_the_Nasdaq-100+List_of_NASDAQ-100_companies,
2014-Q4,FI,1,unchanged,wikipedia:Historical_components_of_the_Nasdaq-100+List_of_NASDAQ-100_companies,
2014-Q4,FOX,1,added,wikipedia:Historical_components_of_the_Nasdaq-100+List_of_NASDAQ-100_companies,
2014-Q4,FOXA,1,unchanged,wikipedia:Historical_components_of_the_Nasdaq-100+List_of_NASDAQ-100_companies,
2014-Q4,GILD,1,unchanged,wikipedia:Historical_components_of_the_Nasdaq-100+List_of_NASDAQ-100_companies,
2014-Q4,GMCR,1,unchanged,wikipedia:Historical_components_of_the_Nasdaq-100+List_of_NASDAQ-100_companies,
2014-Q4,GOOG,1,unchanged,wikipedia:Historical_components_of_the_Nasdaq-100+List_of_NASDAQ-100_companies,
2014-Q4,GOOGL,1,unchanged,wikipedia:Historical_components_of_the_Nasdaq-100+List_of_NASDAQ-100_companies,
2014-Q4,GRMN,1,unchanged,wikipedia:Historical_components_of_the_Nasdaq-100+List_of_NASDAQ-100_companies,
2014-Q4,HSIC,1,unchanged,wikipedia:Historical_components_of_the_Nasdaq-100+List_of_NASDAQ-100_companies,
2014-Q4,ILMN,1,unchanged,wikipedia:Historical_components_of_the_Nasdaq-100+List_of_NASDAQ-100_companies,
2014-Q4,INTC,1,unchanged,wikipedia:Historical_components_of_the_Nasdaq-100+List_of_NASDAQ-100_companies,
2014-Q4,INTU,1,unchanged,wikipedia:Historical_components_of_the_Nasdaq-100+List_of_NASDAQ-100_companies,
2014-Q4,ISRG,1,unchanged,wikipedia:Historical_components_of_the_Nasdaq-100+List_of_NASDAQ-100_companies,
2014-Q4,KLAC,1,unchanged,wikipedia:Historical_components_of_the_Nasdaq-100+List_of_NASDAQ-100_companies,
2014-Q4,KRFT,1,unchanged,wikipedia:Historical_components_of_the_Nasdaq-100+List_of_NASDAQ-100_companies,
2014-Q4,LBTYA,1,unchanged,wikipedia:Historical_components_of_the_Nasdaq-100+List_of_NASDAQ-100_companies,
2014-Q4,LBTYK,1,added,wikipedia:Historical_components_of_the_Nasdaq-100+List_of_NASDAQ-100_companies,
2014-Q4,LLTC,1,unchanged,wikipedia:Historical_components_of_the_Nasdaq-100+List_of_NASDAQ-100_companies,
2014-Q4,LMCA,1,unchanged,wikipedia:Historical_components_of_the_Nasdaq-100+List_of_NASDAQ-100_companies,
2014-Q4,LMCK,1,unchanged,wikipedia:Historical_components_of_the_Nasdaq-100+List_of_NASDAQ-100_companies,
2014-Q4,LRCX,1,added,wikipedia:Historical_components_of_the_Nasdaq-100+List_of_NASDAQ-100_companies,
2014-Q4,MAR,1,unchanged,wikipedia:Historical_components_of_the_Nasdaq-100+List_of_NASDAQ-100_companies,
2014-Q4,MAT,1,unchanged,wikipedia:Historical_components_of_the_Nasdaq-100+List_of_NASDAQ-100_companies,
2014-Q4,MDLZ,1,unchanged,wikipedia:Historical_components_of_the_Nasdaq-100+List_of_NASDAQ-100_companies,
2014-Q4,META,1,unchanged,wikipedia:Historical_components_of_the_Nasdaq-100+List_of_NASDAQ-100_companies,
2014-Q4,MNST,1,unchanged,wikipedia:Historical_components_of_the_Nasdaq-100+List_of_NASDAQ-100_companies,
2014-Q4,MSFT,1,unchanged,wikipedia:Historical_components_of_the_Nasdaq-100+List_of_NASDAQ-100_companies,
2014-Q4,MU,1,unchanged,wikipedia:Historical_components_of_the_Nasdaq-100+List_of_NASDAQ-100_companies,
2014-Q4,MYL,1,unchanged,wikipedia:Historical_components_of_the_Nasdaq-100+List_of_NASDAQ-100_companies,
2014-Q4,NFLX,1,unchanged,wikipedia:Historical_components_of_the_Nasdaq-100+List_of_NASDAQ-100_companies,
2014-Q4,NLOK,1,unchanged,wikipedia:Historical_components_of_the_Nasdaq-100+List_of_NASDAQ-100_companies,
2014-Q4,NTAP,1,unchanged,wikipedia:Historical_components_of_the_Nasdaq-100+List_of_NASDAQ-100_companies,
2014-Q4,NVDA,1,unchanged,wikipedia:Historical_components_of_the_Nasdaq-100+List_of_NASDAQ-100_companies,
2014-Q4,NXPI,1,unchanged,wikipedia:Historical_components_of_the_Nasdaq-100+List_of_NASDAQ-100_companies,
2014-Q4,ORLY,1,unchanged,wikipedia:Historical_components_of_the_Nasdaq-100+List_of_NASDAQ-100_companies,
2014-Q4,PAYX,1,unchanged,wikipedia:Historical_components_of_the_Nasdaq-100+List_of_NASDAQ-100_companies,
2014-Q4,PCAR,1,unchanged,wikipedia:Historical_components_of_the_Nasdaq-100+List_of_NASDAQ-100_companies,
2014-Q4,QCOM,1,unchanged,wikipedia:Historical_components_of_the_Nasdaq-100+List_of_NASDAQ-100_companies,
2014-Q4,QRTEA,1,unchanged,wikipedia:Historical_components_of_the_Nasdaq-100+List_of_NASDAQ-100_companies,
2014-Q4,REGN,1,unchanged,wikipedia:Historical_components_of_the_Nasdaq-100+List_of_NASDAQ-100_companies,
2014-Q4,ROST,1,unchanged,wikipedia:Historical_components_of_the_Nasdaq-100+List_of_NASDAQ-100_companies,
2014-Q4,SBAC,1,unchanged,wikipedia:Historical_components_of_the_Nasdaq-100+List_of_NASDAQ-100_companies,
2014-Q4,SBUX,1,unchanged,wikipedia:Historical_components_of_the_Nasdaq-100+List_of_NASDAQ-100_companies,
2014-Q4,SIAL,1,unchanged,wikipedia:Historical_components_of_the_Nasdaq-100+List_of_NASDAQ-100_companies,
2014-Q4,SIRI,1,unchanged,wikipedia:Historical_components_of_the_Nasdaq-100+List_of_NASDAQ-100_companies,
2014-Q4,SNDK,1,unchanged,wikipedia:Historical_components_of_the_Nasdaq-100+List_of_NASDAQ-100_companies,
2014-Q4,SPLS,1,unchanged,wikipedia:Historical_components_of_the_Nasdaq-100+List_of_NASDAQ-100_companies,
2014-Q4,SRCL,1,unchanged,wikipedia:Historical_components_of_the_Nasdaq-100+List_of_NASDAQ-100_companies,
2014-Q4,STX,1,unchanged,wikipedia:Historical_components_of_the_Nasdaq-100+List_of_NASDAQ-100_companies,
2014-Q4,TRIP,1,unchanged,wikipedia:Historical_components_of_the_Nasdaq-100+List_of_NASDAQ-100_companies,
2014-Q4,TSCO,1,unchanged,wikipedia:Historical_components_of_the_Nasdaq-100+List_of_NASDAQ-100_companies,
2014-Q4,TSLA,1,unchanged,wikipedia:Historical_components_of_the_Nasdaq-100+List_of_NASDAQ-100_companies,
2014-Q4,TXN,1,unchanged,wikipedia:Historical_components_of_the_Nasdaq-100+List_of_NASDAQ-100_companies,
2014-Q4,VIAB,1,unchanged,wikipedia:Historical_components_of_the_Nasdaq-100+List_of_NASDAQ-100_companies,
2014-Q4,VIP,1,unchanged,wikipedia:Historical_components_of_the_Nasdaq-100+List_of_NASDAQ-100_companies,
2014-Q4,VOD,1,unchanged,wikipedia:Historical_components_of_the_Nasdaq-100+List_of_NASDAQ-100_companies,
2014-Q4,VRSK,1,unchanged,wikipedia:Historical_components_of_the_Nasdaq-100+List_of_NASDAQ-100_companies,
2014-Q4,VRTX,1,unchanged,wikipedia:Historical_components_of_the_Nasdaq-100+List_of_NASDAQ-100_companies,
2014-Q4,WDC,1,unchanged,wikipedia:Historical_components_of_the_Nasdaq-100+List_of_NASDAQ-100_companies,
2014-Q4,WFM,1,unchanged,wikipedia:Historical_components_of_the_Nasdaq-100+List_of_NASDAQ-100_companies,
2014-Q4,WYNN,1,unchanged,wikipedia:Historical_components_of_the_Nasdaq-100+List_of_NASDAQ-100_companies,
2014-Q4,XLNX,1,unchanged,wikipedia:Historical_components_of_the_Nasdaq-100+List_of_NASDAQ-100_companies,
2014-Q4,YHOO,1,unchanged,wikipedia:Historical_components_of_the_Nasdaq-100+List_of_NASDAQ-100_companies,
2014-Q4,EXPE,0,removed,wikipedia:Historical_components_of_the_Nasdaq-100+List_of_NASDAQ-100_companies,
2014-Q4,FFIV,0,removed,wikipedia:Historical_components_of_the_Nasdaq-100+List_of_NASDAQ-100_companies,
2014-Q4,MXIM,0,removed,wikipedia:Historical_components_of_the_Nasdaq-100+List_of_NASDAQ-100_companies,
2015-Q1,AAL,1,unchanged,wikipedia:Historical_components_of_the_Nasdaq-100+List_of_NASDAQ-100_companies,
2015-Q1,AAPL,1,unchanged,wikipedia:Historical_components_of_the_Nasdaq-100+List_of_NASDAQ-100_companies,
2015-Q1,ADBE,1,unchanged,wikipedia:Historical_components_of_the_Nasdaq-100+List_of_NASDAQ-100_companies,
2015-Q1,ADI,1,unchanged,wikipedia:Historical_components_of_the_Nasdaq-100+List_of_NASDAQ-100_companies,
2015-Q1,ADP,1,unchanged,wikipedia:Historical_components_of_the_Nasdaq-100+List_of_NASDAQ-100_companies,
2015-Q1,ADSK,1,unchanged,wikipedia:Historical_components_of_the_Nasdaq-100+List_of_NASDAQ-100_companies,
2015-Q1,AKAM,1,unchanged,wikipedia:Historical_components_of_the_Nasdaq-100+List_of_NASDAQ-100_companies,
2015-Q1,ALTR,1,unchanged,wikipedia:Historical_components_of_the_Nasdaq-100+List_of_NASDAQ-100_companies,
2015-Q1,ALXN,1,unchanged,wikipedia:Historical_components_of_the_Nasdaq-100+List_of_NASDAQ-100_companies,
2015-Q1,AMAT,1,unchanged,wikipedia:Historical_components_of_the_Nasdaq-100+List_of_NASDAQ-100_companies,
2015-Q1,AMGN,1,unchanged,wikipedia:Historical_components_of_the_Nasdaq-100+List_of_NASDAQ-100_companies,
2015-Q1,AMZN,1,unchanged,wikipedia:Historical_components_of_the_Nasdaq-100+List_of_NASDAQ-100_companies,
2015-Q1,ATVI,1,unchanged,wikipedia:Historical_components_of_the_Nasdaq-100+List_of_NASDAQ-100_companies,
2015-Q1,AVGO,1,unchanged,wikipedia:Historical_components_of_the_Nasdaq-100+List_of_NASDAQ-100_companies,
2015-Q1,BBBY,1,unchanged,wikipedia:Historical_components_of_the_Nasdaq-100+List_of_NASDAQ-100_companies,
2015-Q1,BIDU,1,unchanged,wikipedia:Historical_components_of_the_Nasdaq-100+List_of_NASDAQ-100_companies,
2015-Q1,BIIB,1,unchanged,wikipedia:Historical_components_of_the_Nasdaq-100+List_of_NASDAQ-100_companies,
2015-Q1,BKNG,1,unchanged,wikipedia:Historical_components_of_the_Nasdaq-100+List_of_NASDAQ-100_companies,
2015-Q1,CA,1,unchanged,wikipedia:Historical_components_of_the_Nasdaq-100+List_of_NASDAQ-100_companies,
2015-Q1,CELG,1,unchanged,wikipedia:Historical_components_of_the_Nasdaq-100+List_of_NASDAQ-100_companies,
2015-Q1,CERN,1,unchanged,wikipedia:Historical_components_of_the_Nasdaq-100+List_of_NASDAQ-100_companies,
2015-Q1,CHKP,1,unchanged,wikipedia:Historical_components_of_the_Nasdaq-100+List_of_NASDAQ-100_companies,
2015-Q1,CHRW,1,unchanged,wikipedia:Historical_components_of_the_Nasdaq-100+List_of_NASDAQ-100_companies,
2015-Q1,CHTR,1,unchanged,wikipedia:Historical_components_of_the_Nasdaq-100+List_of_NASDAQ-100_companies,
2015-Q1,CMCSA,1,unchanged,wikipedia:Historical_components_of_the_Nasdaq-100+List_of_NASDAQ-100_companies,
2015-Q1,COST,1,unchanged,wikipedia:Historical_components_of_the_Nasdaq-100+List_of_NASDAQ-100_companies,
2015-Q1,CSCO,1,unchanged,wikipedia:Historical_components_of_the_Nasdaq-100+List_of_NASDAQ-100_companies,
2015-Q1,CTRX,1,unchanged,wikipedia:Historical_components_of_the_Nasdaq-100+List_of_NASDAQ-100_companies,
2015-Q1,CTSH,1,unchanged,wikipedia:Historical_components_of_the_Nasdaq-100+List_of_NASDAQ-100_companies,
2015-Q1,CTXS,1,unchanged,wikipedia:Historical_components_of_the_Nasdaq-100+List_of_NASDAQ-100_companies,
2015-Q1,DISCA,1,unchanged,wikipedia:Historical_components_of_the_Nasdaq-100+List_of_NASDAQ-100_companies,
2015-Q1,DISCK,1,unchanged,wikipedia:Historical_components_of_the_Nasdaq-100+List_of_NASDAQ-100_companies,
2015-Q1,DISH,1,unchanged,wikipedia:Historical_components_of_the_Nasdaq-100+List_of_NASDAQ-100_companies,
2015-Q1,DLTR,1,unchanged,wikipedia:Historical_components_of_the_Nasdaq-100+List_of_NASDAQ-100_companies,
2015-Q1,DTV,1,unchanged,wikipedia:Historical_components_of_the_Nasdaq-100+List_of_NASDAQ-100_companies,
2015-Q1,EA,1,unchanged,wikipedia:Historical_components_of_the_Nasdaq-100+List_of_NASDAQ-100_companies,
2015-Q1,EBAY,1,unchanged,wikipedia:Historical_components_of_the_Nasdaq-100+List_of_NASDAQ-100_companies,
2015-Q1,ESRX,1,unchanged,wikipedia:Historical_components_of_the_Nasdaq-100+List_of_NASDAQ-100_companies,
2015-Q1,EXPD,1,unchanged,wikipedia:Historical_components_of_the_Nasdaq-100+List_of_NASDAQ-100_companies,
2015-Q1,FAST,1,unchanged,wikipedia:Historical_components_of_the_Nasdaq-100+List_of_NASDAQ-100_companies,
2015-Q1,FI,1,unchanged,wikipedia:Historical_components_of_the_Nasdaq-100+List_of_NASDAQ-100_companies,
2015-Q1,FOX,1,unchanged,wikipedia:Historical_components_of_the_Nasdaq-100+List_of_NASDAQ-100_companies,
2015-Q1,FOXA,1,unchanged,wikipedia:Historical_components_of_the_Nasdaq-100+List_of_NASDAQ-100_companies,
2015-Q1,GILD,1,unchanged,wikipedia:Historical_components_of_the_Nasdaq-100+List_of_NASDAQ-100_companies,
2015-Q1,GMCR,1,unchanged,wikipedia:Historical_components_of_the_Nasdaq-100+List_of_NASDAQ-100_companies,
2015-Q1,GOOG,1,unchanged,wikipedia:Historical_components_of_the_Nasdaq-100+List_of_NASDAQ-100_companies,
2015-Q1,GOOGL,1,unchanged,wikipedia:Historical_components_of_the_Nasdaq-100+List_of_NASDAQ-100_companies,
2015-Q1,GRMN,1,unchanged,wikipedia:Historical_components_of_the_Nasdaq-100+List_of_NASDAQ-100_companies,
2015-Q1,HSIC,1,unchanged,wikipedia:Historical_components_of_the_Nasdaq-100+List_of_NASDAQ-100_companies,
2015-Q1,ILMN,1,unchanged,wikipedia:Historical_components_of_the_Nasdaq-100+List_of_NASDAQ-100_companies,
2015-Q1,INTC,1,unchanged,wikipedia:Historical_components_of_the_Nasdaq-100+List_of_NASDAQ-100_companies,
2015-Q1,INTU,1,unchanged,wikipedia:Historical_components_of_the_Nasdaq-100+List_of_NASDAQ-100_companies,
2015-Q1,ISRG,1,unchanged,wikipedia:Historical_components_of_the_Nasdaq-100+List_of_NASDAQ-100_companies,
2015-Q1,KLAC,1,unchanged,wikipedia:Historical_components_of_the_Nasdaq-100+List_of_NASDAQ-100_companies,
2015-Q1,KRFT,1,unchanged,wikipedia:Historical_components_of_the_Nasdaq-100+List_of_NASDAQ-100_companies,
2015-Q1,LBTYA,1,unchanged,wikipedia:Historical_components_of_the_Nasdaq-100+List_of_NASDAQ-100_companies,
2015-Q1,LBTYK,1,unchanged,wikipedia:Historical_components_of_the_Nasdaq-100+List_of_NASDAQ-100_companies,
2015-Q1,LLTC,1,unchanged,wikipedia:Historical_components_of_the_Nasdaq-100+List_of_NASDAQ-100_companies,
2015-Q1,LMCA,1,unchanged,wikipedia:Historical_components_of_the_Nasdaq-100+List_of_NASDAQ-100_companies,
2015-Q1,LMCK,1,unchanged,wikipedia:Historical_components_of_the_Nasdaq-100+List_of_NASDAQ-100_companies,
2015-Q1,LRCX,1,unchanged,wikipedia:Historical_components_of_the_Nasdaq-100+List_of_NASDAQ-100_companies,
2015-Q1,MAR,1,unchanged,wikipedia:Historical_components_of_the_Nasdaq-100+List_of_NASDAQ-100_companies,
2015-Q1,MAT,1,unchanged,wikipedia:Historical_components_of_the_Nasdaq-100+List_of_NASDAQ-100_companies,
2015-Q1,MDLZ,1,unchanged,wikipedia:Historical_components_of_the_Nasdaq-100+List_of_NASDAQ-100_companies,
2015-Q1,META,1,unchanged,wikipedia:Historical_components_of_the_Nasdaq-100+List_of_NASDAQ-100_companies,
2015-Q1,MNST,1,unchanged,wikipedia:Historical_components_of_the_Nasdaq-100+List_of_NASDAQ-100_companies,
2015-Q1,MSFT,1,unchanged,wikipedia:Historical_components_of_the_Nasdaq-100+List_of_NASDAQ-100_companies,
2015-Q1,MU,1,unchanged,wikipedia:Historical_components_of_the_Nasdaq-100+List_of_NASDAQ-100_companies,
2015-Q1,MYL,1,unchanged,wikipedia:Historical_components_of_the_Nasdaq-100+List_of_NASDAQ-100_companies,
2015-Q1,NFLX,1,unchanged,wikipedia:Historical_components_of_the_Nasdaq-100+List_of_NASDAQ-100_companies,
2015-Q1,NLOK,1,unchanged,wikipedia:Historical_components_of_the_Nasdaq-100+List_of_NASDAQ-100_companies,
2015-Q1,NTAP,1,unchanged,wikipedia:Historical_components_of_the_Nasdaq-100+List_of_NASDAQ-100_companies,
2015-Q1,NVDA,1,unchanged,wikipedia:Historical_components_of_the_Nasdaq-100+List_of_NASDAQ-100_companies,
2015-Q1,NXPI,1,unchanged,wikipedia:Historical_components_of_the_Nasdaq-100+List_of_NASDAQ-100_companies,
2015-Q1,ORLY,1,unchanged,wikipedia:Historical_components_of_the_Nasdaq-100+List_of_NASDAQ-100_companies,
2015-Q1,PAYX,1,unchanged,wikipedia:Historical_components_of_the_Nasdaq-100+List_of_NASDAQ-100_companies,
2015-Q1,PCAR,1,unchanged,wikipedia:Historical_components_of_the_Nasdaq-100+List_of_NASDAQ-100_companies,
2015-Q1,QCOM,1,unchanged,wikipedia:Historical_components_of_the_Nasdaq-100+List_of_NASDAQ-100_companies,
2015-Q1,QRTEA,1,unchanged,wikipedia:Historical_components_of_the_Nasdaq-100+List_of_NASDAQ-100_companies,
2015-Q1,REGN,1,unchanged,wikipedia:Historical_components_of_the_Nasdaq-100+List_of_NASDAQ-100_companies,
2015-Q1,ROST,1,unchanged,wikipedia:Historical_components_of_the_Nasdaq-100+List_of_NASDAQ-100_companies,
2015-Q1,SBAC,1,unchanged,wikipedia:Historical_components_of_the_Nasdaq-100+List_of_NASDAQ-100_companies,
2015-Q1,SBUX,1,unchanged,wikipedia:Historical_components_of_the_Nasdaq-100+List_of_NASDAQ-100_companies,
2015-Q1,SIAL,1,unchanged,wikipedia:Historical_components_of_the_Nasdaq-100+List_of_NASDAQ-100_companies,
2015-Q1,SIRI,1,unchanged,wikipedia:Historical_components_of_the_Nasdaq-100+List_of_NASDAQ-100_companies,
2015-Q1,SNDK,1,unchanged,wikipedia:Historical_components_of_the_Nasdaq-100+List_of_NASDAQ-100_companies,
2015-Q1,SPLS,1,unchanged,wikipedia:Historical_components_of_the_Nasdaq-100+List_of_NASDAQ-100_companies,
2015-Q1,SRCL,1,unchanged,wikipedia:Historical_components_of_the_Nasdaq-100+List_of_NASDAQ-100_companies,
2015-Q1,STX,1,unchanged,wikipedia:Historical_components_of_the_Nasdaq-100+List_of_NASDAQ-100_companies,
2015-Q1,TRIP,1,unchanged,wikipedia:Historical_components_of_the_Nasdaq-100+List_of_NASDAQ-100_companies,
2015-Q1,TSCO,1,unchanged,wikipedia:Historical_components_of_the_Nasdaq-100+List_of_NASDAQ-100_companies,
2015-Q1,TSLA,1,unchanged,wikipedia:Historical_components_of_the_Nasdaq-100+List_of_NASDAQ-100_companies,
2015-Q1,TXN,1,unchanged,wikipedia:Historical_components_of_the_Nasdaq-100+List_of_NASDAQ-100_companies,
2015-Q1,VIAB,1,unchanged,wikipedia:Historical_components_of_the_Nasdaq-100+List_of_NASDAQ-100_companies,
2015-Q1,VIP,1,unchanged,wikipedia:Historical_components_of_the_Nasdaq-100+List_of_NASDAQ-100_companies,
2015-Q1,VOD,1,unchanged,wikipedia:Historical_components_of_the_Nasdaq-100+List_of_NASDAQ-100_companies,
2015-Q1,VRSK,1,unchanged,wikipedia:Historical_components_of_the_Nasdaq-100+List_of_NASDAQ-100_companies,
2015-Q1,VRTX,1,unchanged,wikipedia:Historical_components_of_the_Nasdaq-100+List_of_NASDAQ-100_companies,
2015-Q1,WBA,1,added,wikipedia:Historical_components_of_the_Nasdaq-100+List_of_NASDAQ-100_companies,
2015-Q1,WDC,1,unchanged,wikipedia:Historical_components_of_the_Nasdaq-100+List_of_NASDAQ-100_companies,
2015-Q1,WFM,1,unchanged,wikipedia:Historical_components_of_the_Nasdaq-100+List_of_NASDAQ-100_companies,
2015-Q1,WYNN,1,unchanged,wikipedia:Historical_components_of_the_Nasdaq-100+List_of_NASDAQ-100_companies,
2015-Q1,XLNX,1,unchanged,wikipedia:Historical_components_of_the_Nasdaq-100+List_of_NASDAQ-100_companies,
2015-Q1,YHOO,1,unchanged,wikipedia:Historical_components_of_the_Nasdaq-100+List_of_NASDAQ-100_companies,
2015-Q1,EQIX,0,removed,wikipedia:Historical_components_of_the_Nasdaq-100+List_of_NASDAQ-100_companies,
2015-Q2,AAL,1,unchanged,wikipedia:Historical_components_of_the_Nasdaq-100+List_of_NASDAQ-100_companies,
2015-Q2,AAPL,1,unchanged,wikipedia:Historical_components_of_the_Nasdaq-100+List_of_NASDAQ-100_companies,
2015-Q2,ADBE,1,unchanged,wikipedia:Historical_components_of_the_Nasdaq-100+List_of_NASDAQ-100_companies,
2015-Q2,ADI,1,unchanged,wikipedia:Historical_components_of_the_Nasdaq-100+List_of_NASDAQ-100_companies,
2015-Q2,ADP,1,unchanged,wikipedia:Historical_components_of_the_Nasdaq-100+List_of_NASDAQ-100_companies,
2015-Q2,ADSK,1,unchanged,wikipedia:Historical_components_of_the_Nasdaq-100+List_of_NASDAQ-100_companies,
2015-Q2,AKAM,1,unchanged,wikipedia:Historical_components_of_the_Nasdaq-100+List_of_NASDAQ-100_companies,
2015-Q2,ALTR,1,unchanged,wikipedia:Historical_components_of_the_Nasdaq-100+List_of_NASDAQ-100_companies,
2015-Q2,ALXN,1,unchanged,wikipedia:Historical_components_of_the_Nasdaq-100+List_of_NASDAQ-100_companies,
2015-Q2,AMAT,1,unchanged,wikipedia:Historical_components_of_the_Nasdaq-100+List_of_NASDAQ-100_companies,
2015-Q2,AMGN,1,unchanged,wikipedia:Historical_components_of_the_Nasdaq-100+List_of_NASDAQ-100_companies,
2015-Q2,AMZN,1,unchanged,wikipedia:Historical_components_of_the_Nasdaq-100+List_of_NASDAQ-100_companies,
2015-Q2,ATVI,1,unchanged,wikipedia:Historical_components_of_the_Nasdaq-100+List_of_NASDAQ-100_companies,
2015-Q2,AVGO,1,unchanged,wikipedia:Historical_components_of_the_Nasdaq-100+List_of_NASDAQ-100_companies,
2015-Q2,BBBY,1,unchanged,wikipedia:Historical_components_of_the_Nasdaq-100+List_of_NASDAQ-100_companies,
2015-Q2,BIDU,1,unchanged,wikipedia:Historical_components_of_the_Nasdaq-100+List_of_NASDAQ-100_companies,
2015-Q2,BIIB,1,unchanged,wikipedia:Historical_components_of_the_Nasdaq-100+List_of_NASDAQ-100_companies,
2015-Q2,BKNG,1,unchanged,wikipedia:Historical_components_of_the_Nasdaq-100+List_of_NASDAQ-100_companies,
2015-Q2,CA,1,unchanged,wikipedia:Historical_components_of_the_Nasdaq-100+List_of_NASDAQ-100_companies,
2015-Q2,CELG,1,unchanged,wikipedia:Historical_components_of_the_Nasdaq-100+List_of_NASDAQ-100_companies,
2015-Q2,CERN,1,unchanged,wikipedia:Historical_components_of_the_Nasdaq-100+List_of_NASDAQ-100_companies,
2015-Q2,CHKP,1,unchanged,wikipedia:Historical_components_of_the_Nasdaq-100+List_of_NASDAQ-100_companies,
2015-Q2,CHRW,1,unchanged,wikipedia:Historical_components_of_the_Nasdaq-100+List_of_NASDAQ-100_companies,
2015-Q2,CHTR,1,unchanged,wikipedia:Historical_components_of_the_Nasdaq-100+List_of_NASDAQ-100_companies,
2015-Q2,CMCSA,1,unchanged,wikipedia:Historical_components_of_the_Nasdaq-100+List_of_NASDAQ-100_companies,
2015-Q2,COST,1,unchanged,wikipedia:Historical_components_of_the_Nasdaq-100+List_of_NASDAQ-100_companies,
2015-Q2,CSCO,1,unchanged,wikipedia:Historical_components_of_the_Nasdaq-100+List_of_NASDAQ-100_companies,
2015-Q2,CTRX,1,unchanged,wikipedia:Historical_components_of_the_Nasdaq-100+List_of_NASDAQ-100_companies,
2015-Q2,CTSH,1,unchanged,wikipedia:Historical_components_of_the_Nasdaq-100+List_of_NASDAQ-100_companies,
2015-Q2,CTXS,1,unchanged,wikipedia:Historical_components_of_the_Nasdaq-100+List_of_NASDAQ-100_companies,
2015-Q2,DISCA,1,unchanged,wikipedia:Historical_components_of_the_Nasdaq-100+List_of_NASDAQ-100_companies,
2015-Q2,DISCK,1,unchanged,wikipedia:Historical_components_of_the_Nasdaq-100+List_of_NASDAQ-100_companies,
2015-Q2,DISH,1,unchanged,wikipedia:Historical_components_of_the_Nasdaq-100+List_of_NASDAQ-100_companies,
2015-Q2,DLTR,1,unchanged,wikipedia:Historical_components_of_the_Nasdaq-100+List_of_NASDAQ-100_companies,
2015-Q2,DTV,1,unchanged,wikipedia:Historical_components_of_the_Nasdaq-100+List_of_NASDAQ-100_companies,
2015-Q2,EA,1,unchanged,wikipedia:Historical_components_of_the_Nasdaq-100+List_of_NASDAQ-100_companies,
2015-Q2,EBAY,1,unchanged,wikipedia:Historical_components_of_the_Nasdaq-100+List_of_NASDAQ-100_companies,
2015-Q2,ESRX,1,unchanged,wikipedia:Historical_components_of_the_Nasdaq-100+List_of_NASDAQ-100_companies,
2015-Q2,EXPD,1,unchanged,wikipedia:Historical_components_of_the_Nasdaq-100+List_of_NASDAQ-100_companies,
2015-Q2,FAST,1,unchanged,wikipedia:Historical_components_of_the_Nasdaq-100+List_of_NASDAQ-100_companies,
2015-Q2,FI,1,unchanged,wikipedia:Historical_components_of_the_Nasdaq-100+List_of_NASDAQ-100_companies,
2015-Q2,FOX,1,unchanged,wikipedia:Historical_components_of_the_Nasdaq-100+List_of_NASDAQ-100_companies,
2015-Q2,FOXA,1,unchanged,wikipedia:Historical_components_of_the_Nasdaq-100+List_of_NASDAQ-100_companies,
2015-Q2,GILD,1,unchanged,wikipedia:Historical_components_of_the_Nasdaq-100+List_of_NASDAQ-100_companies,
2015-Q2,GMCR,1,unchanged,wikipedia:Historical_components_of_the_Nasdaq-100+List_of_NASDAQ-100_companies,
2015-Q2,GOOG,1,unchanged,wikipedia:Historical_components_of_the_Nasdaq-100+List_of_NASDAQ-100_companies,
2015-Q2,GOOGL,1,unchanged,wikipedia:Historical_components_of_the_Nasdaq-100+List_of_NASDAQ-100_companies,
2015-Q2,GRMN,1,unchanged,wikipedia:Historical_components_of_the_Nasdaq-100+List_of_NASDAQ-100_companies,
2015-Q2,HSIC,1,unchanged,wikipedia:Historical_components_of_the_Nasdaq-100+List_of_NASDAQ-100_companies,
2015-Q2,ILMN,1,unchanged,wikipedia:Historical_components_of_the_Nasdaq-100+List_of_NASDAQ-100_companies,
2015-Q2,INTC,1,unchanged,wikipedia:Historical_components_of_the_Nasdaq-100+List_of_NASDAQ-100_companies,
2015-Q2,INTU,1,unchanged,wikipedia:Historical_components_of_the_Nasdaq-100+List_of_NASDAQ-100_companies,
2015-Q2,ISRG,1,unchanged,wikipedia:Historical_components_of_the_Nasdaq-100+List_of_NASDAQ-100_companies,
2015-Q2,KLAC,1,unchanged,wikipedia:Historical_components_of_the_Nasdaq-100+List_of_NASDAQ-100_companies,
2015-Q2,KRFT,1,unchanged,wikipedia:Historical_components_of_the_Nasdaq-100+List_of_NASDAQ-100_companies,
2015-Q2,LBTYA,1,unchanged,wikipedia:Historical_components_of_the_Nasdaq-100+List_of_NASDAQ-100_companies,
2015-Q2,LBTYK,1,unchanged,wikipedia:Historical_components_of_the_Nasdaq-100+List_of_NASDAQ-100_companies,
2015-Q2,LLTC,1,unchanged,wikipedia:Historical_components_of_the_Nasdaq-100+List_of_NASDAQ-100_companies,
2015-Q2,LMCA,1,unchanged,wikipedia:Historical_components_of_the_Nasdaq-100+List_of_NASDAQ-100_companies,
2015-Q2,LMCK,1,unchanged,wikipedia:Historical_components_of_the_Nasdaq-100+List_of_NASDAQ-100_companies,
2015-Q2,LRCX,1,unchanged,wikipedia:Historical_components_of_the_Nasdaq-100+List_of_NASDAQ-100_companies,
2015-Q2,MAR,1,unchanged,wikipedia:Historical_components_of_the_Nasdaq-100+List_of_NASDAQ-100_companies,
2015-Q2,MAT,1,unchanged,wikipedia:Historical_components_of_the_Nasdaq-100+List_of_NASDAQ-100_companies,
2015-Q2,MDLZ,1,unchanged,wikipedia:Historical_components_of_the_Nasdaq-100+List_of_NASDAQ-100_companies,
2015-Q2,META,1,unchanged,wikipedia:Historical_components_of_the_Nasdaq-100+List_of_NASDAQ-100_companies,
2015-Q2,MNST,1,unchanged,wikipedia:Historical_components_of_the_Nasdaq-100+List_of_NASDAQ-100_companies,
2015-Q2,MSFT,1,unchanged,wikipedia:Historical_components_of_the_Nasdaq-100+List_of_NASDAQ-100_companies,
2015-Q2,MU,1,unchanged,wikipedia:Historical_components_of_the_Nasdaq-100+List_of_NASDAQ-100_companies,
2015-Q2,MYL,1,unchanged,wikipedia:Historical_components_of_the_Nasdaq-100+List_of_NASDAQ-100_companies,
2015-Q2,NFLX,1,unchanged,wikipedia:Historical_components_of_the_Nasdaq-100+List_of_NASDAQ-100_companies,
2015-Q2,NLOK,1,unchanged,wikipedia:Historical_components_of_the_Nasdaq-100+List_of_NASDAQ-100_companies,
2015-Q2,NTAP,1,unchanged,wikipedia:Historical_components_of_the_Nasdaq-100+List_of_NASDAQ-100_companies,
2015-Q2,NVDA,1,unchanged,wikipedia:Historical_components_of_the_Nasdaq-100+List_of_NASDAQ-100_companies,
2015-Q2,NXPI,1,unchanged,wikipedia:Historical_components_of_the_Nasdaq-100+List_of_NASDAQ-100_companies,
2015-Q2,ORLY,1,unchanged,wikipedia:Historical_components_of_the_Nasdaq-100+List_of_NASDAQ-100_companies,
2015-Q2,PAYX,1,unchanged,wikipedia:Historical_components_of_the_Nasdaq-100+List_of_NASDAQ-100_companies,
2015-Q2,PCAR,1,unchanged,wikipedia:Historical_components_of_the_Nasdaq-100+List_of_NASDAQ-100_companies,
2015-Q2,QCOM,1,unchanged,wikipedia:Historical_components_of_the_Nasdaq-100+List_of_NASDAQ-100_companies,
2015-Q2,QRTEA,1,unchanged,wikipedia:Historical_components_of_the_Nasdaq-100+List_of_NASDAQ-100_companies,
2015-Q2,REGN,1,unchanged,wikipedia:Historical_components_of_the_Nasdaq-100+List_of_NASDAQ-100_companies,
2015-Q2,ROST,1,unchanged,wikipedia:Historical_components_of_the_Nasdaq-100+List_of_NASDAQ-100_companies,
2015-Q2,SBAC,1,unchanged,wikipedia:Historical_components_of_the_Nasdaq-100+List_of_NASDAQ-100_companies,
2015-Q2,SBUX,1,unchanged,wikipedia:Historical_components_of_the_Nasdaq-100+List_of_NASDAQ-100_companies,
2015-Q2,SIAL,1,unchanged,wikipedia:Historical_components_of_the_Nasdaq-100+List_of_NASDAQ-100_companies,
2015-Q2,SIRI,1,unchanged,wikipedia:Historical_components_of_the_Nasdaq-100+List_of_NASDAQ-100_companies,
2015-Q2,SNDK,1,unchanged,wikipedia:Historical_components_of_the_Nasdaq-100+List_of_NASDAQ-100_companies,
2015-Q2,SPLS,1,unchanged,wikipedia:Historical_components_of_the_Nasdaq-100+List_of_NASDAQ-100_companies,
2015-Q2,SRCL,1,unchanged,wikipedia:Historical_components_of_the_Nasdaq-100+List_of_NASDAQ-100_companies,
2015-Q2,STX,1,unchanged,wikipedia:Historical_components_of_the_Nasdaq-100+List_of_NASDAQ-100_companies,
2015-Q2,TRIP,1,unchanged,wikipedia:Historical_components_of_the_Nasdaq-100+List_of_NASDAQ-100_companies,
2015-Q2,TSCO,1,unchanged,wikipedia:Historical_components_of_the_Nasdaq-100+List_of_NASDAQ-100_companies,
2015-Q2,TSLA,1,unchanged,wikipedia:Historical_components_of_the_Nasdaq-100+List_of_NASDAQ-100_companies,
2015-Q2,TXN,1,unchanged,wikipedia:Historical_components_of_the_Nasdaq-100+List_of_NASDAQ-100_companies,
2015-Q2,VIAB,1,unchanged,wikipedia:Historical_components_of_the_Nasdaq-100+List_of_NASDAQ-100_companies,
2015-Q2,VIP,1,unchanged,wikipedia:Historical_components_of_the_Nasdaq-100+List_of_NASDAQ-100_companies,
2015-Q2,VOD,1,unchanged,wikipedia:Historical_components_of_the_Nasdaq-100+List_of_NASDAQ-100_companies,
2015-Q2,VRSK,1,unchanged,wikipedia:Historical_components_of_the_Nasdaq-100+List_of_NASDAQ-100_companies,
2015-Q2,VRTX,1,unchanged,wikipedia:Historical_components_of_the_Nasdaq-100+List_of_NASDAQ-100_companies,
2015-Q2,WBA,1,unchanged,wikipedia:Historical_components_of_the_Nasdaq-100+List_of_NASDAQ-100_companies,
2015-Q2,WDC,1,unchanged,wikipedia:Historical_components_of_the_Nasdaq-100+List_of_NASDAQ-100_companies,
2015-Q2,WFM,1,unchanged,wikipedia:Historical_components_of_the_Nasdaq-100+List_of_NASDAQ-100_companies,
2015-Q2,WYNN,1,unchanged,wikipedia:Historical_components_of_the_Nasdaq-100+List_of_NASDAQ-100_companies,
2015-Q2,XLNX,1,unchanged,wikipedia:Historical_components_of_the_Nasdaq-100+List_of_NASDAQ-100_companies,
2015-Q2,YHOO,1,unchanged,wikipedia:Historical_components_of_the_Nasdaq-100+List_of_NASDAQ-100_companies,
2015-Q3,AAL,1,unchanged,wikipedia:Historical_components_of_the_Nasdaq-100+List_of_NASDAQ-100_companies,
2015-Q3,AAPL,1,unchanged,wikipedia:Historical_components_of_the_Nasdaq-100+List_of_NASDAQ-100_companies,
2015-Q3,ADBE,1,unchanged,wikipedia:Historical_components_of_the_Nasdaq-100+List_of_NASDAQ-100_companies,
2015-Q3,ADI,1,unchanged,wikipedia:Historical_components_of_the_Nasdaq-100+List_of_NASDAQ-100_companies,
2015-Q3,ADP,1,unchanged,wikipedia:Historical_components_of_the_Nasdaq-100+List_of_NASDAQ-100_companies,
2015-Q3,ADSK,1,unchanged,wikipedia:Historical_components_of_the_Nasdaq-100+List_of_NASDAQ-100_companies,
2015-Q3,AKAM,1,unchanged,wikipedia:Historical_components_of_the_Nasdaq-100+List_of_NASDAQ-100_companies,
2015-Q3,ALTR,1,unchanged,wikipedia:Historical_components_of_the_Nasdaq-100+List_of_NASDAQ-100_companies,
2015-Q3,ALXN,1,unchanged,wikipedia:Historical_components_of_the_Nasdaq-100+List_of_NASDAQ-100_companies,
2015-Q3,AMAT,1,unchanged,wikipedia:Historical_components_of_the_Nasdaq-100+List_of_NASDAQ-100_companies,
2015-Q3,AMGN,1,unchanged,wikipedia:Historical_components_of_the_Nasdaq-100+List_of_NASDAQ-100_companies,
2015-Q3,AMZN,1,unchanged,wikipedia:Historical_components_of_the_Nasdaq-100+List_of_NASDAQ-100_companies,
2015-Q3,ATVI,1,unchanged,wikipedia:Historical_components_of_the_Nasdaq-100+List_of_NASDAQ-100_companies,
2015-Q3,AVGO,1,unchanged,wikipedia:Historical_components_of_the_Nasdaq-100+List_of_NASDAQ-100_companies,
2015-Q3,BBBY,1,unchanged,wikipedia:Historical_components_of_the_Nasdaq-100+List_of_NASDAQ-100_companies,
2015-Q3,BIDU,1,unchanged,wikipedia:Historical_components_of_the_Nasdaq-100+List_of_NASDAQ-100_companies,
2015-Q3,BIIB,1,unchanged,wikipedia:Historical_components_of_the_Nasdaq-100+List_of_NASDAQ-100_companies,
2015-Q3,BKNG,1,unchanged,wikipedia:Historical_components_of_the_Nasdaq-100+List_of_NASDAQ-100_companies,
2015-Q3,BMRN,1,added,wikipedia:Historical_components_of_the_Nasdaq-100+List_of_NASDAQ-100_companies,
2015-Q3,CA,1,unchanged,wikipedia:Historical_components_of_the_Nasdaq-100+List_of_NASDAQ-100_companies,
2015-Q3,CELG,1,unchanged,wikipedia:Historical_components_of_the_Nasdaq-100+List_of_NASDAQ-100_companies,
2015-Q3,CERN,1,unchanged,wikipedia:Historical_components_of_the_Nasdaq-100+List_of_NASDAQ-100_companies,
2015-Q3,CHKP,1,unchanged,wikipedia:Historical_components_of_the_Nasdaq-100+List_of_NASDAQ-100_companies,
2015-Q3,CHRW,1,unchanged,wikipedia:Historical_components_of_the_Nasdaq-100+List_of_NASDAQ-100_companies,
2015-Q3,CHTR,1,unchanged,wikipedia:Historical_components_of_the_Nasdaq-100+List_of_NASDAQ-100_companies,
2015-Q3,CMCSA,1,unchanged,wikipedia:Historical_components_of_the_Nasdaq-100+List_of_NASDAQ-100_companies,
2015-Q3,COST,1,unchanged,wikipedia:Historical_components_of_the_Nasdaq-100+List_of_NASDAQ-100_companies,
2015-Q3,CSCO,1,unchanged,wikipedia:Historical_components_of_the_Nasdaq-100+List_of_NASDAQ-100_companies,
2015-Q3,CTSH,1,unchanged,wikipedia:Historical_components_of_the_Nasdaq-100+List_of_NASDAQ-100_companies,
2015-Q3,CTXS,1,unchanged,wikipedia:Historical_components_of_the_Nasdaq-100+List_of_NASDAQ-100_companies,
2015-Q3,DISCA,1,unchanged,wikipedia:Historical_components_of_the_Nasdaq-100+List_of_NASDAQ-100_companies,
2015-Q3,DISCK,1,unchanged,wikipedia:Historical_components_of_the_Nasdaq-100+List_of_NASDAQ-100_companies,
2015-Q3,DISH,1,unchanged,wikipedia:Historical_components_of_the_Nasdaq-100+List_of_NASDAQ-100_companies,
2015-Q3,DLTR,1,unchanged,wikipedia:Historical_components_of_the_Nasdaq-100+List_of_NASDAQ-100_companies,
2015-Q3,EA,1,unchanged,wikipedia:Historical_components_of_the_Nasdaq-100+List_of_NASDAQ-100_companies,
2015-Q3,EBAY,1,unchanged,wikipedia:Historical_components_of_the_Nasdaq-100+List_of_NASDAQ-100_companies,
2015-Q3,ESRX,1,unchanged,wikipedia:Historical_components_of_the_Nasdaq-100+List_of_NASDAQ-100_companies,
2015-Q3,EXPD,1,unchanged,wikipedia:Historical_components_of_the_Nasdaq-100+List_of_NASDAQ-100_companies,
2015-Q3,FAST,1,unchanged,wikipedia:Historical_components_of_the_Nasdaq-100+List_of_NASDAQ-100_companies,
2015-Q3,FI,1,unchanged,wikipedia:Historical_components_of_the_Nasdaq-100+List_of_NASDAQ-100_companies,
2015-Q3,FOX,1,unchanged,wikipedia:Historical_components_of_the_Nasdaq-100+List_of_NASDAQ-100_companies,
2015-Q3,FOXA,1,unchanged,wikipedia:Historical_components_of_the_Nasdaq-100+List_of_NASDAQ-100_companies,
2015-Q3,GILD,1,unchanged,wikipedia:Historical_components_of_the_Nasdaq-100+List_of_NASDAQ-100_companies,
2015-Q3,GMCR,1,unchanged,wikipedia:Historical_components_of_the_Nasdaq-100+List_of_NASDAQ-100_companies,
2015-Q3,GOOG,1,unchanged,wikipedia:Historical_components_of_the_Nasdaq-100+List_of_NASDAQ-100_companies,
2015-Q3,GOOGL,1,unchanged,wikipedia:Historical_components_of_the_Nasdaq-100+List_of_NASDAQ-100_companies,
2015-Q3,GRMN,1,unchanged,wikipedia:Historical_components_of_the_Nasdaq-100+List_of_NASDAQ-100_companies,
2015-Q3,HSIC,1,unchanged,wikipedia:Historical_components_of_the_Nasdaq-100+List_of_NASDAQ-100_companies,
2015-Q3,ILMN,1,unchanged,wikipedia:Historical_components_of_the_Nasdaq-100+List_of_NASDAQ-100_companies,
2015-Q3,INTC,1,unchanged,wikipedia:Historical_components_of_the_Nasdaq-100+List_of_NASDAQ-100_companies,
2015-Q3,INTU,1,unchanged,wikipedia:Historical_components_of_the_Nasdaq-100+List_of_NASDAQ-100_companies,
2015-Q3,ISRG,1,unchanged,wikipedia:Historical_components_of_the_Nasdaq-100+List_of_NASDAQ-100_companies,
2015-Q3,JD,1,added,wikipedia:Historical_components_of_the_Nasdaq-100+List_of_NASDAQ-100_companies,
2015-Q3,KHC,1,added,wikipedia:Historical_components_of_the_Nasdaq-100+List_of_NASDAQ-100_companies,
2015-Q3,KLAC,1,unchanged,wikipedia:Historical_components_of_the_Nasdaq-100+List_of_NASDAQ-100_companies,
2015-Q3,LBTYA,1,unchanged,wikipedia:Historical_components_of_the_Nasdaq-100+List_of_NASDAQ-100_companies,
2015-Q3,LBTYK,1,unchanged,wikipedia:Historical_components_of_the_Nasdaq-100+List_of_NASDAQ-100_companies,
2015-Q3,LILA,1,added,wikipedia:Historical_components_of_the_Nasdaq-100+List_of_NASDAQ-100_companies,
2015-Q3,LILAK,1,added,wikipedia:Historical_components_of_the_Nasdaq-100+List_of_NASDAQ-100_companies,
2015-Q3,LLTC,1,unchanged,wikipedia:Historical_components_of_the_Nasdaq-100+List_of_NASDAQ-100_companies,
2015-Q3,LMCA,1,unchanged,wikipedia:Historical_components_of_the_Nasdaq-100+List_of_NASDAQ-100_companies,
2015-Q3,LMCK,1,unchanged,wikipedia:Historical_components_of_the_Nasdaq-100+List_of_NASDAQ-100_companies,
2015-Q3,LRCX,1,unchanged,wikipedia:Historical_components_of_the_Nasdaq-100+List_of_NASDAQ-100_companies,
2015-Q3,MAR,1,unchanged,wikipedia:Historical_components_of_the_Nasdaq-100+List_of_NASDAQ-100_companies,
2015-Q3,MAT,1,unchanged,wikipedia:Historical_components_of_the_Nasdaq-100+List_of_NASDAQ-100_companies,
2015-Q3,MDLZ,1,unchanged,wikipedia:Historical_components_of_the_Nasdaq-100+List_of_NASDAQ-100_companies,
2015-Q3,META,1,unchanged,wikipedia:Historical_components_of_the_Nasdaq-100+List_of_NASDAQ-100_companies,
2015-Q3,MNST,1,unchanged,wikipedia:Historical_components_of_the_Nasdaq-100+List_of_NASDAQ-100_companies,
2015-Q3,MSFT,1,unchanged,wikipedia:Historical_components_of_the_Nasdaq-100+List_of_NASDAQ-100_companies,
2015-Q3,MU,1,unchanged,wikipedia:Historical_components_of_the_Nasdaq-100+List_of_NASDAQ-100_companies,
2015-Q3,MYL,1,unchanged,wikipedia:Historical_components_of_the_Nasdaq-100+List_of_NASDAQ-100_companies,
2015-Q3,NFLX,1,unchanged,wikipedia:Historical_components_of_the_Nasdaq-100+List_of_NASDAQ-100_companies,
2015-Q3,NLOK,1,unchanged,wikipedia:Historical_components_of_the_Nasdaq-100+List_of_NASDAQ-100_companies,
2015-Q3,NTAP,1,unchanged,wikipedia:Historical_components_of_the_Nasdaq-100+List_of_NASDAQ-100_companies,
2015-Q3,NVDA,1,unchanged,wikipedia:Historical_components_of_the_Nasdaq-100+List_of_NASDAQ-100_companies,
2015-Q3,NXPI,1,unchanged,wikipedia:Historical_components_of_the_Nasdaq-100+List_of_NASDAQ-100_companies,
2015-Q3,ORLY,1,unchanged,wikipedia:Historical_components_of_the_Nasdaq-100+List_of_NASDAQ-100_companies,
2015-Q3,PAYX,1,unchanged,wikipedia:Historical_components_of_the_Nasdaq-100+List_of_NASDAQ-100_companies,
2015-Q3,PCAR,1,unchanged,wikipedia:Historical_components_of_the_Nasdaq-100+List_of_NASDAQ-100_companies,
2015-Q3,QCOM,1,unchanged,wikipedia:Historical_components_of_the_Nasdaq-100+List_of_NASDAQ-100_companies,
2015-Q3,QRTEA,1,unchanged,wikipedia:Historical_components_of_the_Nasdaq-100+List_of_NASDAQ-100_companies,
2015-Q3,REGN,1,unchanged,wikipedia:Historical_components_of_the_Nasdaq-100+List_of_NASDAQ-100_companies,
2015-Q3,ROST,1,unchanged,wikipedia:Historical_components_of_the_Nasdaq-100+List_of_NASDAQ-100_companies,
2015-Q3,SBAC,1,unchanged,wikipedia:Historical_components_of_the_Nasdaq-100+List_of_NASDAQ-100_companies,
2015-Q3,SBUX,1,unchanged,wikipedia:Historical_components_of_the_Nasdaq-100+List_of_NASDAQ-100_companies,
2015-Q3,SIRI,1,unchanged,wikipedia:Historical_components_of_the_Nasdaq-100+List_of_NASDAQ-100_companies,
2015-Q3,SNDK,1,unchanged,wikipedia:Historical_components_of_the_Nasdaq-100+List_of_NASDAQ-100_companies,
2015-Q3,SPLS,1,unchanged,wikipedia:Historical_components_of_the_Nasdaq-100+List_of_NASDAQ-100_companies,
2015-Q3,SRCL,1,unchanged,wikipedia:Historical_components_of_the_Nasdaq-100+List_of_NASDAQ-100_companies,
2015-Q3,STX,1,unchanged,wikipedia:Historical_components_of_the_Nasdaq-100+List_of_NASDAQ-100_companies,
2015-Q3,SWKS,1,added,wikipedia:Historical_components_of_the_Nasdaq-100+List_of_NASDAQ-100_companies,
2015-Q3,TRIP,1,unchanged,wikipedia:Historical_components_of_the_Nasdaq-100+List_of_NASDAQ-100_companies,
2015-Q3,TSCO,1,unchanged,wikipedia:Historical_components_of_the_Nasdaq-100+List_of_NASDAQ-100_companies,
2015-Q3,TSLA,1,unchanged,wikipedia:Historical_components_of_the_Nasdaq-100+List_of_NASDAQ-100_companies,
2015-Q3,TXN,1,unchanged,wikipedia:Historical_components_of_the_Nasdaq-100+List_of_NASDAQ-100_companies,
2015-Q3,VIAB,1,unchanged,wikipedia:Historical_components_of_the_Nasdaq-100+List_of_NASDAQ-100_companies,
2015-Q3,VIP,1,unchanged,wikipedia:Historical_components_of_the_Nasdaq-100+List_of_NASDAQ-100_companies,
2015-Q3,VOD,1,unchanged,wikipedia:Historical_components_of_the_Nasdaq-100+List_of_NASDAQ-100_companies,
2015-Q3,VRSK,1,unchanged,wikipedia:Historical_components_of_the_Nasdaq-100+List_of_NASDAQ-100_companies,
2015-Q3,VRTX,1,unchanged,wikipedia:Historical_components_of_the_Nasdaq-100+List_of_NASDAQ-100_companies,
2015-Q3,WBA,1,unchanged,wikipedia:Historical_components_of_the_Nasdaq-100+List_of_NASDAQ-100_companies,
2015-Q3,WDC,1,unchanged,wikipedia:Historical_components_of_the_Nasdaq-100+List_of_NASDAQ-100_companies,
2015-Q3,WFM,1,unchanged,wikipedia:Historical_components_of_the_Nasdaq-100+List_of_NASDAQ-100_companies,
2015-Q3,WYNN,1,unchanged,wikipedia:Historical_components_of_the_Nasdaq-100+List_of_NASDAQ-100_companies,
2015-Q3,XLNX,1,unchanged,wikipedia:Historical_components_of_the_Nasdaq-100+List_of_NASDAQ-100_companies,
2015-Q3,YHOO,1,unchanged,wikipedia:Historical_components_of_the_Nasdaq-100+List_of_NASDAQ-100_companies,
2015-Q3,CTRX,0,removed,wikipedia:Historical_components_of_the_Nasdaq-100+List_of_NASDAQ-100_companies,
2015-Q3,DTV,0,removed,wikipedia:Historical_components_of_the_Nasdaq-100+List_of_NASDAQ-100_companies,
2015-Q3,KRFT,0,removed,wikipedia:Historical_components_of_the_Nasdaq-100+List_of_NASDAQ-100_companies,
2015-Q3,SIAL,0,removed,wikipedia:Historical_components_of_the_Nasdaq-100+List_of_NASDAQ-100_companies,
2015-Q4,AAL,1,unchanged,wikipedia:Historical_components_of_the_Nasdaq-100+List_of_NASDAQ-100_companies,
2015-Q4,AAPL,1,unchanged,wikipedia:Historical_components_of_the_Nasdaq-100+List_of_NASDAQ-100_companies,
2015-Q4,ADBE,1,unchanged,wikipedia:Historical_components_of_the_Nasdaq-100+List_of_NASDAQ-100_companies,
2015-Q4,ADI,1,unchanged,wikipedia:Historical_components_of_the_Nasdaq-100+List_of_NASDAQ-100_companies,
2015-Q4,ADP,1,unchanged,wikipedia:Historical_components_of_the_Nasdaq-100+List_of_NASDAQ-100_companies,
2015-Q4,ADSK,1,unchanged,wikipedia:Historical_components_of_the_Nasdaq-100+List_of_NASDAQ-100_companies,
2015-Q4,AKAM,1,unchanged,wikipedia:Historical_components_of_the_Nasdaq-100+List_of_NASDAQ-100_companies,
2015-Q4,ALXN,1,unchanged,wikipedia:Historical_components_of_the_Nasdaq-100+List_of_NASDAQ-100_companies,
2015-Q4,AMAT,1,unchanged,wikipedia:Historical_components_of_the_Nasdaq-100+List_of_NASDAQ-100_companies,
2015-Q4,AMGN,1,unchanged,wikipedia:Historical_components_of_the_Nasdaq-100+List_of_NASDAQ-100_companies,
2015-Q4,AMZN,1,unchanged,wikipedia:Historical_components_of_the_Nasdaq-100+List_of_NASDAQ-100_companies,
2015-Q4,ATVI,1,unchanged,wikipedia:Historical_components_of_the_Nasdaq-100+List_of_NASDAQ-100_companies,
2015-Q4,BBBY,1,unchanged,wikipedia:Historical_components_of_the_Nasdaq-100+List_of_NASDAQ-100_companies,
2015-Q4,BIDU,1,unchanged,wikipedia:Historical_components_of_the_Nasdaq-100+List_of_NASDAQ-100_companies,
2015-Q4,BIIB,1,unchanged,wikipedia:Historical_components_of_the_Nasdaq-100+List_of_NASDAQ-100_companies,
2015-Q4,BKNG,1,unchanged,wikipedia:Historical_components_of_the_Nasdaq-100+List_of_NASDAQ-100_companies,
2015-Q4,BMRN,1,unchanged,wikipedia:Historical_components_of_the_Nasdaq-100+List_of_NASDAQ-100_companies,
2015-Q4,CA,1,unchanged,wikipedia:Historical_components_of_the_Nasdaq-100+List_of_NASDAQ-100_companies,
2015-Q4,CELG,1,unchanged,wikipedia:Historical_components_of_the_Nasdaq-100+List_of_NASDAQ-100_companies,
2015-Q4,CERN,1,unchanged,wikipedia:Historical_components_of_the_Nasdaq-100+List_of_NASDAQ-100_companies,
2015-Q4,CHKP,1,unchanged,wikipedia:Historical_components_of_the_Nasdaq-100+List_of_NASDAQ-100_companies,
2015-Q4,CHTR,1,unchanged,wikipedia:Historical_components_of_the_Nasdaq-100+List_of_NASDAQ-100_companies,
2015-Q4,CMCSA,1,unchanged,wikipedia:Historical_components_of_the_Nasdaq-100+List_of_NASDAQ-100_companies,
2015-Q4,COST,1,unchanged,wikipedia:Historical_components_of_the_Nasdaq-100+List_of_NASDAQ-100_companies,
2015-Q4,CSCO,1,unchanged,wikipedia:Historical_components_of_the_Nasdaq-100+List_of_NASDAQ-100_companies,
2015-Q4,CTSH,1,unchanged,wikipedia:Historical_components_of_the_Nasdaq-100+List_of_NASDAQ-100_companies,
2015-Q4,CTXS,1,unchanged,wikipedia:Historical_components_of_the_Nasdaq-100+List_of_NASDAQ-100_companies,
2015-Q4,DISCA,1,unchanged,wikipedia:Historical_components_of_the_Nasdaq-100+List_of_NASDAQ-100_companies,
2015-Q4,DISCK,1,unchanged,wikipedia:Historical_components_of_the_Nasdaq-100+List_of_NASDAQ-100_companies,
2015-Q4,DISH,1,unchanged,wikipedia:Historical_components_of_the_Nasdaq-100+List_of_NASDAQ-100_companies,
2015-Q4,DLTR,1,unchanged,wikipedia:Historical_components_of_the_Nasdaq-100+List_of_NASDAQ-100_companies,
2015-Q4,EA,1,unchanged,wikipedia:Historical_components_of_the_Nasdaq-100+List_of_NASDAQ-100_companies,
2015-Q4,EBAY,1,unchanged,wikipedia:Historical_components_of_the_Nasdaq-100+List_of_NASDAQ-100_companies,
2015-Q4,ENDP,1,added,wikipedia:Historical_components_of_the_Nasdaq-100+List_of_NASDAQ-100_companies,
2015-Q4,ESRX,1,unchanged,wikipedia:Historical_components_of_the_Nasdaq-100+List_of_NASDAQ-100_companies,
2015-Q4,EXPE,1,added,wikipedia:Historical_components_of_the_Nasdaq-100+List_of_NASDAQ-100_companies,
2015-Q4,FAST,1,unchanged,wikipedia:Historical_components_of_the_Nasdaq-100+List_of_NASDAQ-100_companies,
2015-Q4,FI,1,unchanged,wikipedia:Historical_components_of_the_Nasdaq-100+List_of_NASDAQ-100_companies,
2015-Q4,FOX,1,unchanged,wikipedia:Historical_components_of_the_Nasdaq-100+List_of_NASDAQ-100_companies,
2015-Q4,FOXA,1,unchanged,wikipedia:Historical_components_of_the_Nasdaq-100+List_of_NASDAQ-100_companies,
2015-Q4,GILD,1,unchanged,wikipedia:Historical_components_of_the_Nasdaq-100+List_of_NASDAQ-100_companies,
2015-Q4,GOOG,1,unchanged,wikipedia:Historical_components_of_the_Nasdaq-100+List_of_NASDAQ-100_companies,
2015-Q4,GOOGL,1,unchanged,wikipedia:Historical_components_of_the_Nasdaq-100+List_of_NASDAQ-100_companies,
2015-Q4,HSIC,1,unchanged,wikipedia:Historical_components_of_the_Nasdaq-100+List_of_NASDAQ-100_companies,
2015-Q4,ILMN,1,unchanged,wikipedia:Historical_components_of_the_Nasdaq-100+List_of_NASDAQ-100_companies,
2015-Q4,INCY,1,added,wikipedia:Historical_components_of_the_Nasdaq-100+List_of_NASDAQ-100_companies,
2015-Q4,INTC,1,unchanged,wikipedia:Historical_components_of_the_Nasdaq-100+List_of_NASDAQ-100_companies,
2015-Q4,INTU,1,unchanged,wikipedia:Historical_components_of_the_Nasdaq-100+List_of_NASDAQ-100_companies,
2015-Q4,ISRG,1,unchanged,wikipedia:Historical_components_of_the_Nasdaq-100+List_of_NASDAQ-100_companies,
2015-Q4,JD,1,unchanged,wikipedia:Historical_components_of_the_Nasdaq-100+List_of_NASDAQ-100_companies,
2015-Q4,KHC,1,unchanged,wikipedia:Historical_components_of_the_Nasdaq-100+List_of_NASDAQ-100_companies,
2015-Q4,KLAC,1,unchanged,wikipedia:Historical_components_of_the_Nasdaq-100+List_of_NASDAQ-100_companies,
2015-Q4,LBTYA,1,unchanged,wikipedia:Historical_components_of_the_Nasdaq-100+List_of_NASDAQ-100_companies,
2015-Q4,LBTYK,1,unchanged,wikipedia:Historical_components_of_the_Nasdaq-100+List_of_NASDAQ-100_companies,
2015-Q4,LLTC,1,unchanged,wikipedia:Historical_components_of_the_Nasdaq-100+List_of_NASDAQ-100_companies,
2015-Q4,LMCA,1,unchanged,wikipedia:Historical_components_of_the_Nasdaq-100+List_of_NASDAQ-100_companies,
2015-Q4,LMCK,1,unchanged,wikipedia:Historical_components_of_the_Nasdaq-100+List_of_NASDAQ-100_companies,
2015-Q4,LRCX,1,unchanged,wikipedia:Historical_components_of_the_Nasdaq-100+List_of_NASDAQ-100_companies,
2015-Q4,MAR,1,unchanged,wikipedia:Historical_components_of_the_Nasdaq-100+List_of_NASDAQ-100_companies,
2015-Q4,MAT,1,unchanged,wikipedia:Historical_components_of_the_Nasdaq-100+List_of_NASDAQ-100_companies,
2015-Q4,MDLZ,1,unchanged,wikipedia:Historical_components_of_the_Nasdaq-100+List_of_NASDAQ-100_companies,
2015-Q4,META,1,unchanged,wikipedia:Historical_components_of_the_Nasdaq-100+List_of_NASDAQ-100_companies,
2015-Q4,MNST,1,unchanged,wikipedia:Historical_components_of_the_Nasdaq-100+List_of_NASDAQ-100_companies,
2015-Q4,MSFT,1,unchanged,wikipedia:Historical_components_of_the_Nasdaq-100+List_of_NASDAQ-100_companies,
2015-Q4,MU,1,unchanged,wikipedia:Historical_components_of_the_Nasdaq-100+List_of_NASDAQ-100_companies,
2015-Q4,MXIM,1,added,wikipedia:Historical_components_of_the_Nasdaq-100+List_of_NASDAQ-100_companies,
2015-Q4,MYL,1,unchanged,wikipedia:Historical_components_of_the_Nasdaq-100+List_of_NASDAQ-100_companies,
2015-Q4,NCLH,1,added,wikipedia:Historical_components_of_the_Nasdaq-100+List_of_NASDAQ-100_companies,
2015-Q4,NFLX,1,unchanged,wikipedia:Historical_components_of_the_Nasdaq-100+List_of_NASDAQ-100_companies,
2015-Q4,NLOK,1,unchanged,wikipedia:Historical_components_of_the_Nasdaq-100+List_of_NASDAQ-100_companies,
2015-Q4,NTAP,1,unchanged,wikipedia:Historical_components_of_the_Nasdaq-100+List_of_NASDAQ-100_companies,
2015-Q4,NVDA,1,unchanged,wikipedia:Historical_components_of_the_Nasdaq-100+List_of_NASDAQ-100_companies,
2015-Q4,NXPI,1,unchanged,wikipedia:Historical_components_of_the_Nasdaq-100+List_of_NASDAQ-100_companies,
2015-Q4,ORLY,1,unchanged,wikipedia:Historical_components_of_the_Nasdaq-100+List_of_NASDAQ-100_companies,
2015-Q4,PAYX,1,unchanged,wikipedia:Historical_components_of_the_Nasdaq-100+List_of_NASDAQ-100_companies,
2015-Q4,PCAR,1,unchanged,wikipedia:Historical_components_of_the_Nasdaq-100+List_of_NASDAQ-100_companies,
2015-Q4,PYPL,1,added,wikipedia:Historical_components_of_the_Nasdaq-100+List_of_NASDAQ-100_companies,
2015-Q4,QCOM,1,unchanged,wikipedia:Historical_components_of_the_Nasdaq-100+List_of_NASDAQ-100_companies,
2015-Q4,QRTEA,1,unchanged,wikipedia:Historical_components_of_the_Nasdaq-100+List_of_NASDAQ-100_companies,
2015-Q4,REGN,1,unchanged,wikipedia:Historical_components_of_the_Nasdaq-100+List_of_NASDAQ-100_companies,
2015-Q4,ROST,1,unchanged,wikipedia:Historical_components_of_the_Nasdaq-100+List_of_NASDAQ-100_companies,
2015-Q4,SBAC,1,unchanged,wikipedia:Historical_components_of_the_Nasdaq-100+List_of_NASDAQ-100_companies,
2015-Q4,SBUX,1,unchanged,wikipedia:Historical_components_of_the_Nasdaq-100+List_of_NASDAQ-100_companies,
2015-Q4,SIRI,1,unchanged,wikipedia:Historical_components_of_the_Nasdaq-100+List_of_NASDAQ-100_companies,
2015-Q4,SNDK,1,unchanged,wikipedia:Historical_components_of_the_Nasdaq-100+List_of_NASDAQ-100_companies,
2015-Q4,SRCL,1,unchanged,wikipedia:Historical_components_of_the_Nasdaq-100+List_of_NASDAQ-100_companies,
2015-Q4,STX,1,unchanged,wikipedia:Historical_components_of_the_Nasdaq-100+List_of_NASDAQ-100_companies,
2015-Q4,SWKS,1,unchanged,wikipedia:Historical_components_of_the_Nasdaq-100+List_of_NASDAQ-100_companies,
2015-Q4,TCOM,1,added,wikipedia:Historical_components_of_the_Nasdaq-100+List_of_NASDAQ-100_companies,
2015-Q4,TMUS,1,added,wikipedia:Historical_components_of_the_Nasdaq-100+List_of_NASDAQ-100_companies,
2015-Q4,TRIP,1,unchanged,wikipedia:Historical_components_of_the_Nasdaq-100+List_of_NASDAQ-100_companies,
2015-Q4,TSCO,1,unchanged,wikipedia:Historical_components_of_the_Nasdaq-100+List_of_NASDAQ-100_companies,
2015-Q4,TSLA,1,unchanged,wikipedia:Historical_components_of_the_Nasdaq-100+List_of_NASDAQ-100_companies,
2015-Q4,TXN,1,unchanged,wikipedia:Historical_components_of_the_Nasdaq-100+List_of_NASDAQ-100_companies,
2015-Q4,ULTA,1,added,wikipedia:Historical_components_of_the_Nasdaq-100+List_of_NASDAQ-100_companies,
2015-Q4,VIAB,1,unchanged,wikipedia:Historical_components_of_the_Nasdaq-100+List_of_NASDAQ-100_companies,
2015-Q4,VOD,1,unchanged,wikipedia:Historical_components_of_the_Nasdaq-100+List_of_NASDAQ-100_companies,
2015-Q4,VRSK,1,unchanged,wikipedia:Historical_components_of_the_Nasdaq-100+List_of_NASDAQ-100_companies,
2015-Q4,VRTX,1,unchanged,wikipedia:Historical_components_of_the_Nasdaq-100+List_of_NASDAQ-100_companies,
2015-Q4,WBA,1,unchanged,wikipedia:Historical_components_of_the_Nasdaq-100+List_of_NASDAQ-100_companies,
2015-Q4,WDC,1,unchanged,wikipedia:Historical_components_of_the_Nasdaq-100+List_of_NASDAQ-100_companies,
2015-Q4,WFM,1,unchanged,wikipedia:Historical_components_of_the_Nasdaq-100+List_of_NASDAQ-100_companies,
2015-Q4,XLNX,1,unchanged,wikipedia:Historical_components_of_the_Nasdaq-100+List_of_NASDAQ-100_companies,
2015-Q4,YHOO,1,unchanged,wikipedia:Historical_components_of_the_Nasdaq-100+List_of_NASDAQ-100_companies,
2015-Q4,ALTR,0,removed,wikipedia:Historical_components_of_the_Nasdaq-100+List_of_NASDAQ-100_companies,
2015-Q4,AVGO,0,removed,wikipedia:Historical_components_of_the_Nasdaq-100+List_of_NASDAQ-100_companies,
2015-Q4,CHRW,0,removed,wikipedia:Historical_components_of_the_Nasdaq-100+List_of_NASDAQ-100_companies,
2015-Q4,EXPD,0,removed,wikipedia:Historical_components_of_the_Nasdaq-100+List_of_NASDAQ-100_companies,
2015-Q4,GMCR,0,removed,wikipedia:Historical_components_of_the_Nasdaq-100+List_of_NASDAQ-100_companies,
2015-Q4,GRMN,0,removed,wikipedia:Historical_components_of_the_Nasdaq-100+List_of_NASDAQ-100_companies,
2015-Q4,LILA,0,removed,wikipedia:Historical_components_of_the_Nasdaq-100+List_of_NASDAQ-100_companies,
2015-Q4,LILAK,0,removed,wikipedia:Historical_components_of_the_Nasdaq-100+List_of_NASDAQ-100_companies,
2015-Q4,SPLS,0,removed,wikipedia:Historical_components_of_the_Nasdaq-100+List_of_NASDAQ-100_companies,
2015-Q4,VIP,0,removed,wikipedia:Historical_components_of_the_Nasdaq-100+List_of_NASDAQ-100_companies,
2015-Q4,WYNN,0,removed,wikipedia:Historical_components_of_the_Nasdaq-100+List_of_NASDAQ-100_companies,
2016-Q1,AAL,1,unchanged,wikipedia:Historical_components_of_the_Nasdaq-100+List_of_NASDAQ-100_companies,
2016-Q1,AAPL,1,unchanged,wikipedia:Historical_components_of_the_Nasdaq-100+List_of_NASDAQ-100_companies,
2016-Q1,ADBE,1,unchanged,wikipedia:Historical_components_of_the_Nasdaq-100+List_of_NASDAQ-100_companies,
2016-Q1,ADI,1,unchanged,wikipedia:Historical_components_of_the_Nasdaq-100+List_of_NASDAQ-100_companies,
2016-Q1,ADP,1,unchanged,wikipedia:Historical_components_of_the_Nasdaq-100+List_of_NASDAQ-100_companies,
2016-Q1,ADSK,1,unchanged,wikipedia:Historical_components_of_the_Nasdaq-100+List_of_NASDAQ-100_companies,
2016-Q1,AKAM,1,unchanged,wikipedia:Historical_components_of_the_Nasdaq-100+List_of_NASDAQ-100_companies,
2016-Q1,ALXN,1,unchanged,wikipedia:Historical_components_of_the_Nasdaq-100+List_of_NASDAQ-100_companies,
2016-Q1,AMAT,1,unchanged,wikipedia:Historical_components_of_the_Nasdaq-100+List_of_NASDAQ-100_companies,
2016-Q1,AMGN,1,unchanged,wikipedia:Historical_components_of_the_Nasdaq-100+List_of_NASDAQ-100_companies,
2016-Q1,AMZN,1,unchanged,wikipedia:Historical_components_of_the_Nasdaq-100+List_of_NASDAQ-100_companies,
2016-Q1,ATVI,1,unchanged,wikipedia:Historical_components_of_the_Nasdaq-100+List_of_NASDAQ-100_companies,
2016-Q1,AVGO,1,added,wikipedia:Historical_components_of_the_Nasdaq-100+List_of_NASDAQ-100_companies,
2016-Q1,BBBY,1,unchanged,wikipedia:Historical_components_of_the_Nasdaq-100+List_of_NASDAQ-100_companies,
2016-Q1,BIDU,1,unchanged,wikipedia:Historical_components_of_the_Nasdaq-100+List_of_NASDAQ-100_companies,
2016-Q1,BIIB,1,unchanged,wikipedia:Historical_components_of_the_Nasdaq-100+List_of_NASDAQ-100_companies,
2016-Q1,BKNG,1,unchanged,wikipedia:Historical_components_of_the_Nasdaq-100+List_of_NASDAQ-100_companies,
2016-Q1,BMRN,1,unchanged,wikipedia:Historical_components_of_the_Nasdaq-100+List_of_NASDAQ-100_companies,
2016-Q1,CA,1,unchanged,wikipedia:Historical_components_of_the_Nasdaq-100+List_of_NASDAQ-100_companies,
2016-Q1,CELG,1,unchanged,wikipedia:Historical_components_of_the_Nasdaq-100+List_of_NASDAQ-100_companies,
2016-Q1,CERN,1,unchanged,wikipedia:Historical_components_of_the_Nasdaq-100+List_of_NASDAQ-100_companies,
2016-Q1,CHKP,1,unchanged,wikipedia:Historical_components_of_the_Nasdaq-100+List_of_NASDAQ-100_companies,
2016-Q1,CHTR,1,unchanged,wikipedia:Historical_components_of_the_Nasdaq-100+List_of_NASDAQ-100_companies,
2016-Q1,CMCSA,1,unchanged,wikipedia:Historical_components_of_the_Nasdaq-100+List_of_NASDAQ-100_companies,
2016-Q1,COST,1,unchanged,wikipedia:Historical_components_of_the_Nasdaq-100+List_of_NASDAQ-100_companies,
2016-Q1,CSCO,1,unchanged,wikipedia:Historical_components_of_the_Nasdaq-100+List_of_NASDAQ-100_companies,
2016-Q1,CSX,1,added,wikipedia:Historical_components_of_the_Nasdaq-100+List_of_NASDAQ-100_companies,
2016-Q1,CTSH,1,unchanged,wikipedia:Historical_components_of_the_Nasdaq-100+List_of_NASDAQ-100_companies,
2016-Q1,CTXS,1,unchanged,wikipedia:Historical_components_of_the_Nasdaq-100+List_of_NASDAQ-100_companies,
2016-Q1,DISCA,1,unchanged,wikipedia:Historical_components_of_the_Nasdaq-100+List_of_NASDAQ-100_companies,
2016-Q1,DISCK,1,unchanged,wikipedia:Historical_components_of_the_Nasdaq-100+List_of_NASDAQ-100_companies,
2016-Q1,DISH,1,unchanged,wikipedia:Historical_components_of_the_Nasdaq-100+List_of_NASDAQ-100_companies,
2016-Q1,DLTR,1,unchanged,wikipedia:Historical_components_of_the_Nasdaq-100+List_of_NASDAQ-100_companies,
2016-Q1,EA,1,unchanged,wikipedia:Historical_components_of_the_Nasdaq-100+List_of_NASDAQ-100_companies,
2016-Q1,EBAY,1,unchanged,wikipedia:Historical_components_of_the_Nasdaq-100+List_of_NASDAQ-100_companies,
2016-Q1,ENDP,1,unchanged,wikipedia:Historical_components_of_the_Nasdaq-100+List_of_NASDAQ-100_companies,
2016-Q1,ESRX,1,unchanged,wikipedia:Historical_components_of_the_Nasdaq-100+List_of_NASDAQ-100_companies,
2016-Q1,EXPE,1,unchanged,wikipedia:Historical_components_of_the_Nasdaq-100+List_of_NASDAQ-100_companies,
2016-Q1,FAST,1,unchanged,wikipedia:Historical_components_of_the_Nasdaq-100+List_of_NASDAQ-100_companies,
2016-Q1,FI,1,unchanged,wikipedia:Historical_components_of_the_Nasdaq-100+List_of_NASDAQ-100_companies,
2016-Q1,FOX,1,unchanged,wikipedia:Historical_components_of_the_Nasdaq-100+List_of_NASDAQ-100_companies,
2016-Q1,FOXA,1,unchanged,wikipedia:Historical_components_of_the_Nasdaq-100+List_of_NASDAQ-100_companies,
2016-Q1,GILD,1,unchanged,wikipedia:Historical_components_of_the_Nasdaq-100+List_of_NASDAQ-100_companies,
2016-Q1,GOOG,1,unchanged,wikipedia:Historical_components_of_the_Nasdaq-100+List_of_NASDAQ-100_companies,
2016-Q1,GOOGL,1,unchanged,wikipedia:Historical_components_of_the_Nasdaq-100+List_of_NASDAQ-100_companies,
2016-Q1,HSIC,1,unchanged,wikipedia:Historical_components_of_the_Nasdaq-100+List_of_NASDAQ-100_companies,
2016-Q1,ILMN,1,unchanged,wikipedia:Historical_components_of_the_Nasdaq-100+List_of_NASDAQ-100_companies,
2016-Q1,INCY,1,unchanged,wikipedia:Historical_components_of_the_Nasdaq-100+List_of_NASDAQ-100_companies,
2016-Q1,INTC,1,unchanged,wikipedia:Historical_components_of_the_Nasdaq-100+List_of_NASDAQ-100_companies,
2016-Q1,INTU,1,unchanged,wikipedia:Historical_components_of_the_Nasdaq-100+List_of_NASDAQ-100_companies,
2016-Q1,ISRG,1,unchanged,wikipedia:Historical_components_of_the_Nasdaq-100+List_of_NASDAQ-100_companies,
2016-Q1,JD,1,unchanged,wikipedia:Historical_components_of_the_Nasdaq-100+List_of_NASDAQ-100_companies,
2016-Q1,KHC,1,unchanged,wikipedia:Historical_components_of_the_Nasdaq-100+List_of_NASDAQ-100_companies,
2016-Q1,LBTYA,1,unchanged,wikipedia:Historical_components_of_the_Nasdaq-100+List_of_NASDAQ-100_companies,
2016-Q1,LBTYK,1,unchanged,wikipedia:Historical_components_of_the_Nasdaq-100+List_of_NASDAQ-100_companies,
2016-Q1,LLTC,1,unchanged,wikipedia:Historical_components_of_the_Nasdaq-100+List_of_NASDAQ-100_companies,
2016-Q1,LMCA,1,unchanged,wikipedia:Historical_components_of_the_Nasdaq-100+List_of_NASDAQ-100_companies,
2016-Q1,LMCK,1,unchanged,wikipedia:Historical_components_of_the_Nasdaq-100+List_of_NASDAQ-100_companies,
2016-Q1,LRCX,1,unchanged,wikipedia:Historical_components_of_the_Nasdaq-100+List_of_NASDAQ-100_companies,
2016-Q1,MAR,1,unchanged,wikipedia:Historical_components_of_the_Nasdaq-100+List_of_NASDAQ-100_companies,
2016-Q1,MAT,1,unchanged,wikipedia:Historical_components_of_the_Nasdaq-100+List_of_NASDAQ-100_companies,
2016-Q1,MDLZ,1,unchanged,wikipedia:Historical_components_of_the_Nasdaq-100+List_of_NASDAQ-100_companies,
2016-Q1,META,1,unchanged,wikipedia:Historical_components_of_the_Nasdaq-100+List_of_NASDAQ-100_companies,
2016-Q1,MNST,1,unchanged,wikipedia:Historical_components_of_the_Nasdaq-100+List_of_NASDAQ-100_companies,
2016-Q1,MSFT,1,unchanged,wikipedia:Historical_components_of_the_Nasdaq-100+List_of_NASDAQ-100_companies,
2016-Q1,MU,1,unchanged,wikipedia:Historical_components_of_the_Nasdaq-100+List_of_NASDAQ-100_companies,
2016-Q1,MXIM,1,unchanged,wikipedia:Historical_components_of_the_Nasdaq-100+List_of_NASDAQ-100_companies,
2016-Q1,MYL,1,unchanged,wikipedia:Historical_components_of_the_Nasdaq-100+List_of_NASDAQ-100_companies,
2016-Q1,NCLH,1,unchanged,wikipedia:Historical_components_of_the_Nasdaq-100+List_of_NASDAQ-100_companies,
2016-Q1,NFLX,1,unchanged,wikipedia:Historical_components_of_the_Nasdaq-100+List_of_NASDAQ-100_companies,
2016-Q1,NLOK,1,unchanged,wikipedia:Historical_components_of_the_Nasdaq-100+List_of_NASDAQ-100_companies,
2016-Q1,NTAP,1,unchanged,wikipedia:Historical_components_of_the_Nasdaq-100+List_of_NASDAQ-100_companies,
2016-Q1,NTES,1,added,wikipedia:Historical_components_of_the_Nasdaq-100+List_of_NASDAQ-100_companies,
2016-Q1,NVDA,1,unchanged,wikipedia:Historical_components_of_the_Nasdaq-100+List_of_NASDAQ-100_companies,
2016-Q1,NXPI,1,unchanged,wikipedia:Historical_components_of_the_Nasdaq-100+List_of_NASDAQ-100_companies,
2016-Q1,ORLY,1,unchanged,wikipedia:Historical_components_of_the_Nasdaq-100+List_of_NASDAQ-100_companies,
2016-Q1,PAYX,1,unchanged,wikipedia:Historical_components_of_the_Nasdaq-100+List_of_NASDAQ-100_companies,
2016-Q1,PCAR,1,unchanged,wikipedia:Historical_components_of_the_Nasdaq-100+List_of_NASDAQ-100_companies,
2016-Q1,PYPL,1,unchanged,wikipedia:Historical_components_of_the_Nasdaq-100+List_of_NASDAQ-100_companies,
2016-Q1,QCOM,1,unchanged,wikipedia:Historical_components_of_the_Nasdaq-100+List_of_NASDAQ-100_companies,
2016-Q1,QRTEA,1,unchanged,wikipedia:Historical_components_of_the_Nasdaq-100+List_of_NASDAQ-100_companies,
2016-Q1,REGN,1,unchanged,wikipedia:Historical_components_of_the_Nasdaq-100+List_of_NASDAQ-100_companies,
2016-Q1,ROST,1,unchanged,wikipedia:Historical_components_of_the_Nasdaq-100+List_of_NASDAQ-100_companies,
2016-Q1,SBAC,1,unchanged,wikipedia:Historical_components_of_the_Nasdaq-100+List_of_NASDAQ-100_companies,
2016-Q1,SBUX,1,unchanged,wikipedia:Historical_components_of_the_Nasdaq-100+List_of_NASDAQ-100_companies,
2016-Q1,SIRI,1,unchanged,wikipedia:Historical_components_of_the_Nasdaq-100+List_of_NASDAQ-100_companies,
2016-Q1,SRCL,1,unchanged,wikipedia:Historical_components_of_the_Nasdaq-100+List_of_NASDAQ-100_companies,
2016-Q1,STX,1,unchanged,wikipedia:Historical_components_of_the_Nasdaq-100+List_of_NASDAQ-100_companies,
2016-Q1,SWKS,1,unchanged,wikipedia:Historical_components_of_the_Nasdaq-100+List_of_NASDAQ-100_companies,
2016-Q1,TCOM,1,unchanged,wikipedia:Historical_components_of_the_Nasdaq-100+List_of_NASDAQ-100_companies,
2016-Q1,TMUS,1,unchanged,wikipedia:Historical_components_of_the_Nasdaq-100+List_of_NASDAQ-100_companies,
2016-Q1,TRIP,1,unchanged,wikipedia:Historical_components_of_the_Nasdaq-100+List_of_NASDAQ-100_companies,
2016-Q1,TSCO,1,unchanged,wikipedia:Historical_components_of_the_Nasdaq-100+List_of_NASDAQ-100_companies,
2016-Q1,TSLA,1,unchanged,wikipedia:Historical_components_of_the_Nasdaq-100+List_of_NASDAQ-100_companies,
2016-Q1,TXN,1,unchanged,wikipedia:Historical_components_of_the_Nasdaq-100+List_of_NASDAQ-100_companies,
2016-Q1,ULTA,1,unchanged,wikipedia:Historical_components_of_the_Nasdaq-100+List_of_NASDAQ-100_companies,
2016-Q1,VIAB,1,unchanged,wikipedia:Historical_components_of_the_Nasdaq-100+List_of_NASDAQ-100_companies,
2016-Q1,VOD,1,unchanged,wikipedia:Historical_components_of_the_Nasdaq-100+List_of_NASDAQ-100_companies,
2016-Q1,VRSK,1,unchanged,wikipedia:Historical_components_of_the_Nasdaq-100+List_of_NASDAQ-100_companies,
2016-Q1,VRTX,1,unchanged,wikipedia:Historical_components_of_the_Nasdaq-100+List_of_NASDAQ-100_companies,
2016-Q1,WBA,1,unchanged,wikipedia:Historical_components_of_the_Nasdaq-100+List_of_NASDAQ-100_companies,
2016-Q1,WDC,1,unchanged,wikipedia:Historical_components_of_the_Nasdaq-100+List_of_NASDAQ-100_companies,
2016-Q1,WFM,1,unchanged,wikipedia:Historical_components_of_the_Nasdaq-100+List_of_NASDAQ-100_companies,
2016-Q1,XLNX,1,unchanged,wikipedia:Historical_components_of_the_Nasdaq-100+List_of_NASDAQ-100_companies,
2016-Q1,YHOO,1,unchanged,wikipedia:Historical_components_of_the_Nasdaq-100+List_of_NASDAQ-100_companies,
2016-Q1,KLAC,0,removed,wikipedia:Historical_components_of_the_Nasdaq-100+List_of_NASDAQ-100_companies,
2016-Q1,SNDK,0,removed,wikipedia:Historical_components_of_the_Nasdaq-100+List_of_NASDAQ-100_companies,
2016-Q2,AAL,1,unchanged,wikipedia:Historical_components_of_the_Nasdaq-100+List_of_NASDAQ-100_companies,
2016-Q2,AAPL,1,unchanged,wikipedia:Historical_components_of_the_Nasdaq-100+List_of_NASDAQ-100_companies,
2016-Q2,ADBE,1,unchanged,wikipedia:Historical_components_of_the_Nasdaq-100+List_of_NASDAQ-100_companies,
2016-Q2,ADI,1,unchanged,wikipedia:Historical_components_of_the_Nasdaq-100+List_of_NASDAQ-100_companies,
2016-Q2,ADP,1,unchanged,wikipedia:Historical_components_of_the_Nasdaq-100+List_of_NASDAQ-100_companies,
2016-Q2,ADSK,1,unchanged,wikipedia:Historical_components_of_the_Nasdaq-100+List_of_NASDAQ-100_companies,
2016-Q2,AKAM,1,unchanged,wikipedia:Historical_components_of_the_Nasdaq-100+List_of_NASDAQ-100_companies,
2016-Q2,ALXN,1,unchanged,wikipedia:Historical_components_of_the_Nasdaq-100+List_of_NASDAQ-100_companies,
2016-Q2,AMAT,1,unchanged,wikipedia:Historical_components_of_the_Nasdaq-100+List_of_NASDAQ-100_companies,
2016-Q2,AMGN,1,unchanged,wikipedia:Historical_components_of_the_Nasdaq-100+List_of_NASDAQ-100_companies,
2016-Q2,AMZN,1,unchanged,wikipedia:Historical_components_of_the_Nasdaq-100+List_of_NASDAQ-100_companies,
2016-Q2,ATVI,1,unchanged,wikipedia:Historical_components_of_the_Nasdaq-100+List_of_NASDAQ-100_companies,
2016-Q2,AVGO,1,unchanged,wikipedia:Historical_components_of_the_Nasdaq-100+List_of_NASDAQ-100_companies,
2016-Q2,BBBY,1,unchanged,wikipedia:Historical_components_of_the_Nasdaq-100+List_of_NASDAQ-100_companies,
2016-Q2,BIDU,1,unchanged,wikipedia:Historical_components_of_the_Nasdaq-100+List_of_NASDAQ-100_companies,
2016-Q2,BIIB,1,unchanged,wikipedia:Historical_components_of_the_Nasdaq-100+List_of_NASDAQ-100_companies,
2016-Q2,BKNG,1,unchanged,wikipedia:Historical_components_of_the_Nasdaq-100+List_of_NASDAQ-100_companies,
2016-Q2,BMRN,1,unchanged,wikipedia:Historical_components_of_the_Nasdaq-100+List_of_NASDAQ-100_companies,
2016-Q2,CA,1,unchanged,wikipedia:Historical_components_of_the_Nasdaq-100+List_of_NASDAQ-100_companies,
2016-Q2,CELG,1,unchanged,wikipedia:Historical_components_of_the_Nasdaq-100+List_of_NASDAQ-100_companies,
2016-Q2,CERN,1,unchanged,wikipedia:Historical_components_of_the_Nasdaq-100+List_of_NASDAQ-100_companies,
2016-Q2,CHKP,1,unchanged,wikipedia:Historical_components_of_the_Nasdaq-100+List_of_NASDAQ-100_companies,
2016-Q2,CHTR,1,unchanged,wikipedia:Historical_components_of_the_Nasdaq-100+List_of_NASDAQ-100_companies,
2016-Q2,CMCSA,1,unchanged,wikipedia:Historical_components_of_the_Nasdaq-100+List_of_NASDAQ-100_companies,
2016-Q2,COST,1,unchanged,wikipedia:Historical_components_of_the_Nasdaq-100+List_of_NASDAQ-100_companies,
2016-Q2,CSCO,1,unchanged,wikipedia:Historical_components_of_the_Nasdaq-100+List_of_NASDAQ-100_companies,
2016-Q2,CSX,1,unchanged,wikipedia:Historical_components_of_the_Nasdaq-100+List_of_NASDAQ-100_companies,
2016-Q2,CTSH,1,unchanged,wikipedia:Historical_components_of_the_Nasdaq-100+List_of_NASDAQ-100_companies,
2016-Q2,CTXS,1,unchanged,wikipedia:Historical_components_of_the_Nasdaq-100+List_of_NASDAQ-100_companies,
2016-Q2,DISCA,1,unchanged,wikipedia:Historical_components_of_the_Nasdaq-100+List_of_NASDAQ-100_companies,
2016-Q2,DISCK,1,unchanged,wikipedia:Historical_components_of_the_Nasdaq-100+List_of_NASDAQ-100_companies,
2016-Q2,DISH,1,unchanged,wikipedia:Historical_components_of_the_Nasdaq-100+List_of_NASDAQ-100_companies,
2016-Q2,DLTR,1,unchanged,wikipedia:Historical_components_of_the_Nasdaq-100+List_of_NASDAQ-100_companies,
2016-Q2,EA,1,unchanged,wikipedia:Historical_components_of_the_Nasdaq-100+List_of_NASDAQ-100_companies,
2016-Q2,EBAY,1,unchanged,wikipedia:Historical_components_of_the_Nasdaq-100+List_of_NASDAQ-100_companies,
2016-Q2,ENDP,1,unchanged,wikipedia:Historical_components_of_the_Nasdaq-100+List_of_NASDAQ-100_companies,
2016-Q2,ESRX,1,unchanged,wikipedia:Historical_components_of_the_Nasdaq-100+List_of_NASDAQ-100_companies,
2016-Q2,EXPE,1,unchanged,wikipedia:Historical_components_of_the_Nasdaq-100+List_of_NASDAQ-100_companies,
2016-Q2,FAST,1,unchanged,wikipedia:Historical_components_of_the_Nasdaq-100+List_of_NASDAQ-100_companies,
2016-Q2,FI,1,unchanged,wikipedia:Historical_components_of_the_Nasdaq-100+List_of_NASDAQ-100_companies,
2016-Q2,FOX,1,unchanged,wikipedia:Historical_components_of_the_Nasdaq-100+List_of_NASDAQ-100_companies,
2016-Q2,FOXA,1,unchanged,wikipedia:Historical_components_of_the_Nasdaq-100+List_of_NASDAQ-100_companies,
2016-Q2,GILD,1,unchanged,wikipedia:Historical_components_of_the_Nasdaq-100+List_of_NASDAQ-100_companies,
2016-Q2,GOOG,1,unchanged,wikipedia:Historical_components_of_the_Nasdaq-100+List_of_NASDAQ-100_companies,
2016-Q2,GOOGL,1,unchanged,wikipedia:Historical_components_of_the_Nasdaq-100+List_of_NASDAQ-100_companies,
2016-Q2,HSIC,1,unchanged,wikipedia:Historical_components_of_the_Nasdaq-100+List_of_NASDAQ-100_companies,
2016-Q2,ILMN,1,unchanged,wikipedia:Historical_components_of_the_Nasdaq-100+List_of_NASDAQ-100_companies,
2016-Q2,INCY,1,unchanged,wikipedia:Historical_components_of_the_Nasdaq-100+List_of_NASDAQ-100_companies,
2016-Q2,INTC,1,unchanged,wikipedia:Historical_components_of_the_Nasdaq-100+List_of_NASDAQ-100_companies,
2016-Q2,INTU,1,unchanged,wikipedia:Historical_components_of_the_Nasdaq-100+List_of_NASDAQ-100_companies,
2016-Q2,ISRG,1,unchanged,wikipedia:Historical_components_of_the_Nasdaq-100+List_of_NASDAQ-100_companies,
2016-Q2,JD,1,unchanged,wikipedia:Historical_components_of_the_Nasdaq-100+List_of_NASDAQ-100_companies,
2016-Q2,KHC,1,unchanged,wikipedia:Historical_components_of_the_Nasdaq-100+List_of_NASDAQ-100_companies,
2016-Q2,LBTYA,1,unchanged,wikipedia:Historical_components_of_the_Nasdaq-100+List_of_NASDAQ-100_companies,
2016-Q2,LBTYK,1,unchanged,wikipedia:Historical_components_of_the_Nasdaq-100+List_of_NASDAQ-100_companies,
2016-Q2,LLTC,1,unchanged,wikipedia:Historical_components_of_the_Nasdaq-100+List_of_NASDAQ-100_companies,
2016-Q2,LRCX,1,unchanged,wikipedia:Historical_components_of_the_Nasdaq-100+List_of_NASDAQ-100_companies,
2016-Q2,MAR,1,unchanged,wikipedia:Historical_components_of_the_Nasdaq-100+List_of_NASDAQ-100_companies,
2016-Q2,MAT,1,unchanged,wikipedia:Historical_components_of_the_Nasdaq-100+List_of_NASDAQ-100_companies,
2016-Q2,MDLZ,1,unchanged,wikipedia:Historical_components_of_the_Nasdaq-100+List_of_NASDAQ-100_companies,
2016-Q2,META,1,unchanged,wikipedia:Historical_components_of_the_Nasdaq-100+List_of_NASDAQ-100_companies,
2016-Q2,MNST,1,unchanged,wikipedia:Historical_components_of_the_Nasdaq-100+List_of_NASDAQ-100_companies,
2016-Q2,MSFT,1,unchanged,wikipedia:Historical_components_of_the_Nasdaq-100+List_of_NASDAQ-100_companies,
2016-Q2,MU,1,unchanged,wikipedia:Historical_components_of_the_Nasdaq-100+List_of_NASDAQ-100_companies,
2016-Q2,MXIM,1,unchanged,wikipedia:Historical_components_of_the_Nasdaq-100+List_of_NASDAQ-100_companies,
2016-Q2,MYL,1,unchanged,wikipedia:Historical_components_of_the_Nasdaq-100+List_of_NASDAQ-100_companies,
2016-Q2,NCLH,1,unchanged,wikipedia:Historical_components_of_the_Nasdaq-100+List_of_NASDAQ-100_companies,
2016-Q2,NFLX,1,unchanged,wikipedia:Historical_components_of_the_Nasdaq-100+List_of_NASDAQ-100_companies,
2016-Q2,NLOK,1,unchanged,wikipedia:Historical_components_of_the_Nasdaq-100+List_of_NASDAQ-100_companies,
2016-Q2,NTAP,1,unchanged,wikipedia:Historical_components_of_the_Nasdaq-100+List_of_NASDAQ-100_companies,
2016-Q2,NTES,1,unchanged,wikipedia:Historical_components_of_the_Nasdaq-100+List_of_NASDAQ-100_companies,
2016-Q2,NVDA,1,unchanged,wikipedia:Historical_components_of_the_Nasdaq-100+List_of_NASDAQ-100_companies,
2016-Q2,NXPI,1,unchanged,wikipedia:Historical_components_of_the_Nasdaq-100+List_of_NASDAQ-100_companies,
2016-Q2,ORLY,1,unchanged,wikipedia:Historical_components_of_the_Nasdaq-100+List_of_NASDAQ-100_companies,
2016-Q2,PAYX,1,unchanged,wikipedia:Historical_components_of_the_Nasdaq-100+List_of_NASDAQ-100_companies,
2016-Q2,PCAR,1,unchanged,wikipedia:Historical_components_of_the_Nasdaq-100+List_of_NASDAQ-100_companies,
2016-Q2,PYPL,1,unchanged,wikipedia:Historical_components_of_the_Nasdaq-100+List_of_NASDAQ-100_companies,
2016-Q2,QCOM,1,unchanged,wikipedia:Historical_components_of_the_Nasdaq-100+List_of_NASDAQ-100_companies,
2016-Q2,QRTEA,1,unchanged,wikipedia:Historical_components_of_the_Nasdaq-100+List_of_NASDAQ-100_companies,
2016-Q2,REGN,1,unchanged,wikipedia:Historical_components_of_the_Nasdaq-100+List_of_NASDAQ-100_companies,
2016-Q2,ROST,1,unchanged,wikipedia:Historical_components_of_the_Nasdaq-100+List_of_NASDAQ-100_companies,
2016-Q2,SBAC,1,unchanged,wikipedia:Historical_components_of_the_Nasdaq-100+List_of_NASDAQ-100_companies,
2016-Q2,SBUX,1,unchanged,wikipedia:Historical_components_of_the_Nasdaq-100+List_of_NASDAQ-100_companies,
2016-Q2,SIRI,1,unchanged,wikipedia:Historical_components_of_the_Nasdaq-100+List_of_NASDAQ-100_companies,
2016-Q2,SRCL,1,unchanged,wikipedia:Historical_components_of_the_Nasdaq-100+List_of_NASDAQ-100_companies,
2016-Q2,STX,1,unchanged,wikipedia:Historical_components_of_the_Nasdaq-100+List_of_NASDAQ-100_companies,
2016-Q2,SWKS,1,unchanged,wikipedia:Historical_components_of_the_Nasdaq-100+List_of_NASDAQ-100_companies,
2016-Q2,TCOM,1,unchanged,wikipedia:Historical_components_of_the_Nasdaq-100+List_of_NASDAQ-100_companies,
2016-Q2,TMUS,1,unchanged,wikipedia:Historical_components_of_the_Nasdaq-100+List_of_NASDAQ-100_companies,
2016-Q2,TRIP,1,unchanged,wikipedia:Historical_components_of_the_Nasdaq-100+List_of_NASDAQ-100_companies,
2016-Q2,TSCO,1,unchanged,wikipedia:Historical_components_of_the_Nasdaq-100+List_of_NASDAQ-100_companies,
2016-Q2,TSLA,1,unchanged,wikipedia:Historical_components_of_the_Nasdaq-100+List_of_NASDAQ-100_companies,
2016-Q2,TXN,1,unchanged,wikipedia:Historical_components_of_the_Nasdaq-100+List_of_NASDAQ-100_companies,
2016-Q2,ULTA,1,unchanged,wikipedia:Historical_components_of_the_Nasdaq-100+List_of_NASDAQ-100_companies,
2016-Q2,VIAB,1,unchanged,wikipedia:Historical_components_of_the_Nasdaq-100+List_of_NASDAQ-100_companies,
2016-Q2,VOD,1,unchanged,wikipedia:Historical_components_of_the_Nasdaq-100+List_of_NASDAQ-100_companies,
2016-Q2,VRSK,1,unchanged,wikipedia:Historical_components_of_the_Nasdaq-100+List_of_NASDAQ-100_companies,
2016-Q2,VRTX,1,unchanged,wikipedia:Historical_components_of_the_Nasdaq-100+List_of_NASDAQ-100_companies,
2016-Q2,WBA,1,unchanged,wikipedia:Historical_components_of_the_Nasdaq-100+List_of_NASDAQ-100_companies,
2016-Q2,WDC,1,unchanged,wikipedia:Historical_components_of_the_Nasdaq-100+List_of_NASDAQ-100_companies,
2016-Q2,WFM,1,unchanged,wikipedia:Historical_components_of_the_Nasdaq-100+List_of_NASDAQ-100_companies,
2016-Q2,XLNX,1,unchanged,wikipedia:Historical_components_of_the_Nasdaq-100+List_of_NASDAQ-100_companies,
2016-Q2,XRAY,1,added,wikipedia:Historical_components_of_the_Nasdaq-100+List_of_NASDAQ-100_companies,
2016-Q2,YHOO,1,unchanged,wikipedia:Historical_components_of_the_Nasdaq-100+List_of_NASDAQ-100_companies,
2016-Q2,LMCA,0,removed,wikipedia:Historical_components_of_the_Nasdaq-100+List_of_NASDAQ-100_companies,
2016-Q2,LMCK,0,removed,wikipedia:Historical_components_of_the_Nasdaq-100+List_of_NASDAQ-100_companies,
2016-Q3,AAL,1,unchanged,wikipedia:Historical_components_of_the_Nasdaq-100+List_of_NASDAQ-100_companies,
2016-Q3,AAPL,1,unchanged,wikipedia:Historical_components_of_the_Nasdaq-100+List_of_NASDAQ-100_companies,
2016-Q3,ADBE,1,unchanged,wikipedia:Historical_components_of_the_Nasdaq-100+List_of_NASDAQ-100_companies,
2016-Q3,ADI,1,unchanged,wikipedia:Historical_components_of_the_Nasdaq-100+List_of_NASDAQ-100_companies,
2016-Q3,ADP,1,unchanged,wikipedia:Historical_components_of_the_Nasdaq-100+List_of_NASDAQ-100_companies,
2016-Q3,ADSK,1,unchanged,wikipedia:Historical_components_of_the_Nasdaq-100+List_of_NASDAQ-100_companies,
2016-Q3,AKAM,1,unchanged,wikipedia:Historical_components_of_the_Nasdaq-100+List_of_NASDAQ-100_companies,
2016-Q3,ALXN,1,unchanged,wikipedia:Historical_components_of_the_Nasdaq-100+List_of_NASDAQ-100_companies,
2016-Q3,AMAT,1,unchanged,wikipedia:Historical_components_of_the_Nasdaq-100+List_of_NASDAQ-100_companies,
2016-Q3,AMGN,1,unchanged,wikipedia:Historical_components_of_the_Nasdaq-100+List_of_NASDAQ-100_companies,
2016-Q3,AMZN,1,unchanged,wikipedia:Historical_components_of_the_Nasdaq-100+List_of_NASDAQ-100_companies,
2016-Q3,ATVI,1,unchanged,wikipedia:Historical_components_of_the_Nasdaq-100+List_of_NASDAQ-100_companies,
2016-Q3,AVGO,1,unchanged,wikipedia:Historical_components_of_the_Nasdaq-100+List_of_NASDAQ-100_companies,
2016-Q3,BBBY,1,unchanged,wikipedia:Historical_components_of_the_Nasdaq-100+List_of_NASDAQ-100_companies,
2016-Q3,BIDU,1,unchanged,wikipedia:Historical_components_of_the_Nasdaq-100+List_of_NASDAQ-100_companies,
2016-Q3,BIIB,1,unchanged,wikipedia:Historical_components_of_the_Nasdaq-100+List_of_NASDAQ-100_companies,
2016-Q3,BKNG,1,unchanged,wikipedia:Historical_components_of_the_Nasdaq-100+List_of_NASDAQ-100_companies,
2016-Q3,BMRN,1,unchanged,wikipedia:Historical_components_of_the_Nasdaq-100+List_of_NASDAQ-100_companies,
2016-Q3,CA,1,unchanged,wikipedia:Historical_components_of_the_Nasdaq-100+List_of_NASDAQ-100_companies,
2016-Q3,CELG,1,unchanged,wikipedia:Historical_components_of_the_Nasdaq-100+List_of_NASDAQ-100_companies,
2016-Q3,CERN,1,unchanged,wikipedia:Historical_components_of_the_Nasdaq-100+List_of_NASDAQ-100_companies,
2016-Q3,CHKP,1,unchanged,wikipedia:Historical_components_of_the_Nasdaq-100+List_of_NASDAQ-100_companies,
2016-Q3,CHTR,1,unchanged,wikipedia:Historical_components_of_the_Nasdaq-100+List_of_NASDAQ-100_companies,
2016-Q3,CMCSA,1,unchanged,wikipedia:Historical_components_of_the_Nasdaq-100+List_of_NASDAQ-100_companies,
2016-Q3,COST,1,unchanged,wikipedia:Historical_components_of_the_Nasdaq-100+List_of_NASDAQ-100_companies,
2016-Q3,CSCO,1,unchanged,wikipedia:Historical_components_of_the_Nasdaq-100+List_of_NASDAQ-100_companies,
2016-Q3,CSX,1,unchanged,wikipedia:Historical_components_of_the_Nasdaq-100+List_of_NASDAQ-100_companies,
2016-Q3,CTSH,1,unchanged,wikipedia:Historical_components_of_the_Nasdaq-100+List_of_NASDAQ-100_companies,
2016-Q3,CTXS,1,unchanged,wikipedia:Historical_components_of_the_Nasdaq-100+List_of_NASDAQ-100_companies,
2016-Q3,DISCA,1,unchanged,wikipedia:Historical_components_of_the_Nasdaq-100+List_of_NASDAQ-100_companies,
2016-Q3,DISCK,1,unchanged,wikipedia:Historical_components_of_the_Nasdaq-100+List_of_NASDAQ-100_companies,
2016-Q3,DISH,1,unchanged,wikipedia:Historical_components_of_the_Nasdaq-100+List_of_NASDAQ-100_companies,
2016-Q3,DLTR,1,unchanged,wikipedia:Historical_components_of_the_Nasdaq-100+List_of_NASDAQ-100_companies,
2016-Q3,EA,1,unchanged,wikipedia:Historical_components_of_the_Nasdaq-100+List_of_NASDAQ-100_companies,
2016-Q3,EBAY,1,unchanged,wikipedia:Historical_components_of_the_Nasdaq-100+List_of_NASDAQ-100_companies,
2016-Q3,ESRX,1,unchanged,wikipedia:Historical_components_of_the_Nasdaq-100+List_of_NASDAQ-100_companies,
2016-Q3,EXPE,1,unchanged,wikipedia:Historical_components_of_the_Nasdaq-100+List_of_NASDAQ-100_companies,
2016-Q3,FAST,1,unchanged,wikipedia:Historical_components_of_the_Nasdaq-100+List_of_NASDAQ-100_companies,
2016-Q3,FI,1,unchanged,wikipedia:Historical_components_of_the_Nasdaq-100+List_of_NASDAQ-100_companies,
2016-Q3,FOX,1,unchanged,wikipedia:Historical_components_of_the_Nasdaq-100+List_of_NASDAQ-100_companies,
2016-Q3,FOXA,1,unchanged,wikipedia:Historical_components_of_the_Nasdaq-100+List_of_NASDAQ-100_companies,
2016-Q3,GILD,1,unchanged,wikipedia:Historical_components_of_the_Nasdaq-100+List_of_NASDAQ-100_companies,
2016-Q3,GOOG,1,unchanged,wikipedia:Historical_components_of_the_Nasdaq-100+List_of_NASDAQ-100_companies,
2016-Q3,GOOGL,1,unchanged,wikipedia:Historical_components_of_the_Nasdaq-100+List_of_NASDAQ-100_companies,
2016-Q3,HSIC,1,unchanged,wikipedia:Historical_components_of_the_Nasdaq-100+List_of_NASDAQ-100_companies,
2016-Q3,ILMN,1,unchanged,wikipedia:Historical_components_of_the_Nasdaq-100+List_of_NASDAQ-100_companies,
2016-Q3,INCY,1,unchanged,wikipedia:Historical_components_of_the_Nasdaq-100+List_of_NASDAQ-100_companies,
2016-Q3,INTC,1,unchanged,wikipedia:Historical_components_of_the_Nasdaq-100+List_of_NASDAQ-100_companies,
2016-Q3,INTU,1,unchanged,wikipedia:Historical_components_of_the_Nasdaq-100+List_of_NASDAQ-100_companies,
2016-Q3,ISRG,1,unchanged,wikipedia:Historical_components_of_the_Nasdaq-100+List_of_NASDAQ-100_companies,
2016-Q3,JD,1,unchanged,wikipedia:Historical_components_of_the_Nasdaq-100+List_of_NASDAQ-100_companies,
2016-Q3,KHC,1,unchanged,wikipedia:Historical_components_of_the_Nasdaq-100+List_of_NASDAQ-100_companies,
2016-Q3,LBTYA,1,unchanged,wikipedia:Historical_components_of_the_Nasdaq-100+List_of_NASDAQ-100_companies,
2016-Q3,LBTYK,1,unchanged,wikipedia:Historical_components_of_the_Nasdaq-100+List_of_NASDAQ-100_companies,
2016-Q3,LLTC,1,unchanged,wikipedia:Historical_components_of_the_Nasdaq-100+List_of_NASDAQ-100_companies,
2016-Q3,LRCX,1,unchanged,wikipedia:Historical_components_of_the_Nasdaq-100+List_of_NASDAQ-100_companies,
2016-Q3,MAR,1,unchanged,wikipedia:Historical_components_of_the_Nasdaq-100+List_of_NASDAQ-100_companies,
2016-Q3,MAT,1,unchanged,wikipedia:Historical_components_of_the_Nasdaq-100+List_of_NASDAQ-100_companies,
2016-Q3,MCHP,1,added,wikipedia:Historical_components_of_the_Nasdaq-100+List_of_NASDAQ-100_companies,
2016-Q3,MDLZ,1,unchanged,wikipedia:Historical_components_of_the_Nasdaq-100+List_of_NASDAQ-100_companies,
2016-Q3,META,1,unchanged,wikipedia:Historical_components_of_the_Nasdaq-100+List_of_NASDAQ-100_companies,
2016-Q3,MNST,1,unchanged,wikipedia:Historical_components_of_the_Nasdaq-100+List_of_NASDAQ-100_companies,
2016-Q3,MSFT,1,unchanged,wikipedia:Historical_components_of_the_Nasdaq-100+List_of_NASDAQ-100_companies,
2016-Q3,MU,1,unchanged,wikipedia:Historical_components_of_the_Nasdaq-100+List_of_NASDAQ-100_companies,
2016-Q3,MXIM,1,unchanged,wikipedia:Historical_components_of_the_Nasdaq-100+List_of_NASDAQ-100_companies,
2016-Q3,MYL,1,unchanged,wikipedia:Historical_components_of_the_Nasdaq-100+List_of_NASDAQ-100_companies,
2016-Q3,NCLH,1,unchanged,wikipedia:Historical_components_of_the_Nasdaq-100+List_of_NASDAQ-100_companies,
2016-Q3,NFLX,1,unchanged,wikipedia:Historical_components_of_the_Nasdaq-100+List_of_NASDAQ-100_companies,
2016-Q3,NLOK,1,unchanged,wikipedia:Historical_components_of_the_Nasdaq-100+List_of_NASDAQ-100_companies,
2016-Q3,NTAP,1,unchanged,wikipedia:Historical_components_of_the_Nasdaq-100+List_of_NASDAQ-100_companies,
2016-Q3,NTES,1,unchanged,wikipedia:Historical_components_of_the_Nasdaq-100+List_of_NASDAQ-100_companies,
2016-Q3,NVDA,1,unchanged,wikipedia:Historical_components_of_the_Nasdaq-100+List_of_NASDAQ-100_companies,
2016-Q3,NXPI,1,unchanged,wikipedia:Historical_components_of_the_Nasdaq-100+List_of_NASDAQ-100_companies,
2016-Q3,ORLY,1,unchanged,wikipedia:Historical_components_of_the_Nasdaq-100+List_of_NASDAQ-100_companies,
2016-Q3,PAYX,1,unchanged,wikipedia:Historical_components_of_the_Nasdaq-100+List_of_NASDAQ-100_companies,
2016-Q3,PCAR,1,unchanged,wikipedia:Historical_components_of_the_Nasdaq-100+List_of_NASDAQ-100_companies,
2016-Q3,PYPL,1,unchanged,wikipedia:Historical_components_of_the_Nasdaq-100+List_of_NASDAQ-100_companies,
2016-Q3,QCOM,1,unchanged,wikipedia:Historical_components_of_the_Nasdaq-100+List_of_NASDAQ-100_companies,
2016-Q3,QRTEA,1,unchanged,wikipedia:Historical_components_of_the_Nasdaq-100+List_of_NASDAQ-100_companies,
2016-Q3,REGN,1,unchanged,wikipedia:Historical_components_of_the_Nasdaq-100+List_of_NASDAQ-100_companies,
2016-Q3,ROST,1,unchanged,wikipedia:Historical_components_of_the_Nasdaq-100+List_of_NASDAQ-100_companies,
2016-Q3,SBAC,1,unchanged,wikipedia:Historical_components_of_the_Nasdaq-100+List_of_NASDAQ-100_companies,
2016-Q3,SBUX,1,unchanged,wikipedia:Historical_components_of_the_Nasdaq-100+List_of_NASDAQ-100_companies,
2016-Q3,SIRI,1,unchanged,wikipedia:Historical_components_of_the_Nasdaq-100+List_of_NASDAQ-100_companies,
2016-Q3,SRCL,1,unchanged,wikipedia:Historical_components_of_the_Nasdaq-100+List_of_NASDAQ-100_companies,
2016-Q3,STX,1,unchanged,wikipedia:Historical_components_of_the_Nasdaq-100+List_of_NASDAQ-100_companies,
2016-Q3,SWKS,1,unchanged,wikipedia:Historical_components_of_the_Nasdaq-100+List_of_NASDAQ-100_companies,
2016-Q3,TCOM,1,unchanged,wikipedia:Historical_components_of_the_Nasdaq-100+List_of_NASDAQ-100_companies,
2016-Q3,TMUS,1,unchanged,wikipedia:Historical_components_of_the_Nasdaq-100+List_of_NASDAQ-100_companies,
2016-Q3,TRIP,1,unchanged,wikipedia:Historical_components_of_the_Nasdaq-100+List_of_NASDAQ-100_companies,
2016-Q3,TSCO,1,unchanged,wikipedia:Historical_components_of_the_Nasdaq-100+List_of_NASDAQ-100_companies,
2016-Q3,TSLA,1,unchanged,wikipedia:Historical_components_of_the_Nasdaq-100+List_of_NASDAQ-100_companies,
2016-Q3,TXN,1,unchanged,wikipedia:Historical_components_of_the_Nasdaq-100+List_of_NASDAQ-100_companies,
2016-Q3,ULTA,1,unchanged,wikipedia:Historical_components_of_the_Nasdaq-100+List_of_NASDAQ-100_companies,
2016-Q3,VIAB,1,unchanged,wikipedia:Historical_components_of_the_Nasdaq-100+List_of_NASDAQ-100_companies,
2016-Q3,VOD,1,unchanged,wikipedia:Historical_components_of_the_Nasdaq-100+List_of_NASDAQ-100_companies,
2016-Q3,VRSK,1,unchanged,wikipedia:Historical_components_of_the_Nasdaq-100+List_of_NASDAQ-100_companies,
2016-Q3,VRTX,1,unchanged,wikipedia:Historical_components_of_the_Nasdaq-100+List_of_NASDAQ-100_companies,
2016-Q3,WBA,1,unchanged,wikipedia:Historical_components_of_the_Nasdaq-100+List_of_NASDAQ-100_companies,
2016-Q3,WDC,1,unchanged,wikipedia:Historical_components_of_the_Nasdaq-100+List_of_NASDAQ-100_companies,
2016-Q3,WFM,1,unchanged,wikipedia:Historical_components_of_the_Nasdaq-100+List_of_NASDAQ-100_companies,
2016-Q3,XLNX,1,unchanged,wikipedia:Historical_components_of_the_Nasdaq-100+List_of_NASDAQ-100_companies,
2016-Q3,XRAY,1,unchanged,wikipedia:Historical_components_of_the_Nasdaq-100+List_of_NASDAQ-100_companies,
2016-Q3,YHOO,1,unchanged,wikipedia:Historical_components_of_the_Nasdaq-100+List_of_NASDAQ-100_companies,
2016-Q3,ENDP,0,removed,wikipedia:Historical_components_of_the_Nasdaq-100+List_of_NASDAQ-100_companies,
2016-Q4,AAL,1,unchanged,wikipedia:Historical_components_of_the_Nasdaq-100+List_of_NASDAQ-100_companies,
2016-Q4,AAPL,1,unchanged,wikipedia:Historical_components_of_the_Nasdaq-100+List_of_NASDAQ-100_companies,
2016-Q4,ADBE,1,unchanged,wikipedia:Historical_components_of_the_Nasdaq-100+List_of_NASDAQ-100_companies,
2016-Q4,ADI,1,unchanged,wikipedia:Historical_components_of_the_Nasdaq-100+List_of_NASDAQ-100_companies,
2016-Q4,ADP,1,unchanged,wikipedia:Historical_components_of_the_Nasdaq-100+List_of_NASDAQ-100_companies,
2016-Q4,ADSK,1,unchanged,wikipedia:Historical_components_of_the_Nasdaq-100+List_of_NASDAQ-100_companies,
2016-Q4,AKAM,1,unchanged,wikipedia:Historical_components_of_the_Nasdaq-100+List_of_NASDAQ-100_companies,
2016-Q4,ALXN,1,unchanged,wikipedia:Historical_components_of_the_Nasdaq-100+List_of_NASDAQ-100_companies,
2016-Q4,AMAT,1,unchanged,wikipedia:Historical_components_of_the_Nasdaq-100+List_of_NASDAQ-100_companies,
2016-Q4,AMGN,1,unchanged,wikipedia:Historical_components_of_the_Nasdaq-100+List_of_NASDAQ-100_companies,
2016-Q4,AMZN,1,unchanged,wikipedia:Historical_components_of_the_Nasdaq-100+List_of_NASDAQ-100_companies,
2016-Q4,ATVI,1,unchanged,wikipedia:Historical_components_of_the_Nasdaq-100+List_of_NASDAQ-100_companies,
2016-Q4,AVGO,1,unchanged,wikipedia:Historical_components_of_the_Nasdaq-100+List_of_NASDAQ-100_companies,
2016-Q4,BIDU,1,unchanged,wikipedia:Historical_components_of_the_Nasdaq-100+List_of_NASDAQ-100_companies,
2016-Q4,BIIB,1,unchanged,wikipedia:Historical_components_of_the_Nasdaq-100+List_of_NASDAQ-100_companies,
2016-Q4,BKNG,1,unchanged,wikipedia:Historical_components_of_the_Nasdaq-100+List_of_NASDAQ-100_companies,
2016-Q4,BMRN,1,unchanged,wikipedia:Historical_components_of_the_Nasdaq-100+List_of_NASDAQ-100_companies,
2016-Q4,CA,1,unchanged,wikipedia:Historical_components_of_the_Nasdaq-100+List_of_NASDAQ-100_companies,
2016-Q4,CELG,1,unchanged,wikipedia:Historical_components_of_the_Nasdaq-100+List_of_NASDAQ-100_companies,
2016-Q4,CERN,1,unchanged,wikipedia:Historical_components_of_the_Nasdaq-100+List_of_NASDAQ-100_companies,
2016-Q4,CHKP,1,unchanged,wikipedia:Historical_components_of_the_Nasdaq-100+List_of_NASDAQ-100_companies,
2016-Q4,CHTR,1,unchanged,wikipedia:Historical_components_of_the_Nasdaq-100+List_of_NASDAQ-100_companies,
2016-Q4,CMCSA,1,unchanged,wikipedia:Historical_components_of_the_Nasdaq-100+List_of_NASDAQ-100_companies,
2016-Q4,COST,1,unchanged,wikipedia:Historical_components_of_the_Nasdaq-100+List_of_NASDAQ-100_companies,
2016-Q4,CSCO,1,unchanged,wikipedia:Historical_components_of_the_Nasdaq-100+List_of_NASDAQ-100_companies,
2016-Q4,CSX,1,unchanged,wikipedia:Historical_components_of_the_Nasdaq-100+List_of_NASDAQ-100_companies,
2016-Q4,CTAS,1,added,wikipedia:Historical_components_of_the_Nasdaq-100+List_of_NASDAQ-100_companies,
2016-Q4,CTSH,1,unchanged,wikipedia:Historical_components_of_the_Nasdaq-100+List_of_NASDAQ-100_companies,
2016-Q4,CTXS,1,unchanged,wikipedia:Historical_components_of_the_Nasdaq-100+List_of_NASDAQ-100_companies,
2016-Q4,DISCA,1,unchanged,wikipedia:Historical_components_of_the_Nasdaq-100+List_of_NASDAQ-100_companies,
2016-Q4,DISCK,1,unchanged,wikipedia:Historical_components_of_the_Nasdaq-100+List_of_NASDAQ-100_companies,
2016-Q4,DISH,1,unchanged,wikipedia:Historical_components_of_the_Nasdaq-100+List_of_NASDAQ-100_companies,
2016-Q4,DLTR,1,unchanged,wikipedia:Historical_components_of_the_Nasdaq-100+List_of_NASDAQ-100_companies,
2016-Q4,EA,1,unchanged,wikipedia:Historical_components_of_the_Nasdaq-100+List_of_NASDAQ-100_companies,
2016-Q4,EBAY,1,unchanged,wikipedia:Historical_components_of_the_Nasdaq-100+List_of_NASDAQ-100_companies,
2016-Q4,ESRX,1,unchanged,wikipedia:Historical_components_of_the_Nasdaq-100+List_of_NASDAQ-100_companies,
2016-Q4,EXPE,1,unchanged,wikipedia:Historical_components_of_the_Nasdaq-100+List_of_NASDAQ-100_companies,
2016-Q4,FAST,1,unchanged,wikipedia:Historical_components_of_the_Nasdaq-100+List_of_NASDAQ-100_companies,
2016-Q4,FI,1,unchanged,wikipedia:Historical_components_of_the_Nasdaq-100+List_of_NASDAQ-100_companies,
2016-Q4,FOX,1,unchanged,wikipedia:Historical_components_of_the_Nasdaq-100+List_of_NASDAQ-100_companies,
2016-Q4,FOXA,1,unchanged,wikipedia:Historical_components_of_the_Nasdaq-100+List_of_NASDAQ-100_companies,
2016-Q4,GILD,1,unchanged,wikipedia:Historical_components_of_the_Nasdaq-100+List_of_NASDAQ-100_companies,
2016-Q4,GOOG,1,unchanged,wikipedia:Historical_components_of_the_Nasdaq-100+List_of_NASDAQ-100_companies,
2016-Q4,GOOGL,1,unchanged,wikipedia:Historical_components_of_the_Nasdaq-100+List_of_NASDAQ-100_companies,
2016-Q4,HAS,1,added,wikipedia:Historical_components_of_the_Nasdaq-100+List_of_NASDAQ-100_companies,
2016-Q4,HOLX,1,added,wikipedia:Historical_components_of_the_Nasdaq-100+List_of_NASDAQ-100_companies,
2016-Q4,HSIC,1,unchanged,wikipedia:Historical_components_of_the_Nasdaq-100+List_of_NASDAQ-100_companies,
2016-Q4,ILMN,1,unchanged,wikipedia:Historical_components_of_the_Nasdaq-100+List_of_NASDAQ-100_companies,
2016-Q4,INCY,1,unchanged,wikipedia:Historical_components_of_the_Nasdaq-100+List_of_NASDAQ-100_companies,
2016-Q4,INTC,1,unchanged,wikipedia:Historical_components_of_the_Nasdaq-100+List_of_NASDAQ-100_companies,
2016-Q4,INTU,1,unchanged,wikipedia:Historical_components_of_the_Nasdaq-100+List_of_NASDAQ-100_companies,
2016-Q4,ISRG,1,unchanged,wikipedia:Historical_components_of_the_Nasdaq-100+List_of_NASDAQ-100_companies,
2016-Q4,JD,1,unchanged,wikipedia:Historical_components_of_the_Nasdaq-100+List_of_NASDAQ-100_companies,
2016-Q4,KHC,1,unchanged,wikipedia:Historical_components_of_the_Nasdaq-100+List_of_NASDAQ-100_companies,
2016-Q4,KLAC,1,added,wikipedia:Historical_components_of_the_Nasdaq-100+List_of_NASDAQ-100_companies,
2016-Q4,LBTYA,1,unchanged,wikipedia:Historical_components_of_the_Nasdaq-100+List_of_NASDAQ-100_companies,
2016-Q4,LBTYK,1,unchanged,wikipedia:Historical_components_of_the_Nasdaq-100+List_of_NASDAQ-100_companies,
2016-Q4,LRCX,1,unchanged,wikipedia:Historical_components_of_the_Nasdaq-100+List_of_NASDAQ-100_companies,
2016-Q4,MAR,1,unchanged,wikipedia:Historical_components_of_the_Nasdaq-100+List_of_NASDAQ-100_companies,
2016-Q4,MAT,1,unchanged,wikipedia:Historical_components_of_the_Nasdaq-100+List_of_NASDAQ-100_companies,
2016-Q4,MCHP,1,unchanged,wikipedia:Historical_components_of_the_Nasdaq-100+List_of_NASDAQ-100_companies,
2016-Q4,MDLZ,1,unchanged,wikipedia:Historical_components_of_the_Nasdaq-100+List_of_NASDAQ-100_companies,
2016-Q4,META,1,unchanged,wikipedia:Historical_components_of_the_Nasdaq-100+List_of_NASDAQ-100_companies,
2016-Q4,MNST,1,unchanged,wikipedia:Historical_components_of_the_Nasdaq-100+List_of_NASDAQ-100_companies,
2016-Q4,MSFT,1,unchanged,wikipedia:Historical_components_of_the_Nasdaq-100+List_of_NASDAQ-100_companies,
2016-Q4,MU,1,unchanged,wikipedia:Historical_components_of_the_Nasdaq-100+List_of_NASDAQ-100_companies,
2016-Q4,MXIM,1,unchanged,wikipedia:Historical_components_of_the_Nasdaq-100+List_of_NASDAQ-100_companies,
2016-Q4,MYL,1,unchanged,wikipedia:Historical_components_of_the_Nasdaq-100+List_of_NASDAQ-100_companies,
2016-Q4,NCLH,1,unchanged,wikipedia:Historical_components_of_the_Nasdaq-100+List_of_NASDAQ-100_companies,
2016-Q4,NFLX,1,unchanged,wikipedia:Historical_components_of_the_Nasdaq-100+List_of_NASDAQ-100_companies,
2016-Q4,NLOK,1,unchanged,wikipedia:Historical_components_of_the_Nasdaq-100+List_of_NASDAQ-100_companies,
2016-Q4,NTES,1,unchanged,wikipedia:Historical_components_of_the_Nasdaq-100+List_of_NASDAQ-100_companies,
2016-Q4,NVDA,1,unchanged,wikipedia:Historical_components_of_the_Nasdaq-100+List_of_NASDAQ-100_companies,
2016-Q4,NXPI,1,unchanged,wikipedia:Historical_components_of_the_Nasdaq-100+List_of_NASDAQ-100_companies,
2016-Q4,ORLY,1,unchanged,wikipedia:Historical_components_of_the_Nasdaq-100+List_of_NASDAQ-100_companies,
2016-Q4,PAYX,1,unchanged,wikipedia:Historical_components_of_the_Nasdaq-100+List_of_NASDAQ-100_companies,
2016-Q4,PCAR,1,unchanged,wikipedia:Historical_components_of_the_Nasdaq-100+List_of_NASDAQ-100_companies,
2016-Q4,PYPL,1,unchanged,wikipedia:Historical_components_of_the_Nasdaq-100+List_of_NASDAQ-100_companies,
2016-Q4,QCOM,1,unchanged,wikipedia:Historical_components_of_the_Nasdaq-100+List_of_NASDAQ-100_companies,
2016-Q4,QRTEA,1,unchanged,wikipedia:Historical_components_of_the_Nasdaq-100+List_of_NASDAQ-100_companies,
2016-Q4,REGN,1,unchanged,wikipedia:Historical_components_of_the_Nasdaq-100+List_of_NASDAQ-100_companies,
2016-Q4,ROST,1,unchanged,wikipedia:Historical_components_of_the_Nasdaq-100+List_of_NASDAQ-100_companies,
2016-Q4,SBAC,1,unchanged,wikipedia:Historical_components_of_the_Nasdaq-100+List_of_NASDAQ-100_companies,
2016-Q4,SBUX,1,unchanged,wikipedia:Historical_components_of_the_Nasdaq-100+List_of_NASDAQ-100_companies,
2016-Q4,SHPG,1,added,wikipedia:Historical_components_of_the_Nasdaq-100+List_of_NASDAQ-100_companies,
2016-Q4,SIRI,1,unchanged,wikipedia:Historical_components_of_the_Nasdaq-100+List_of_NASDAQ-100_companies,
2016-Q4,STX,1,unchanged,wikipedia:Historical_components_of_the_Nasdaq-100+List_of_NASDAQ-100_companies,
2016-Q4,SWKS,1,unchanged,wikipedia:Historical_components_of_the_Nasdaq-100+List_of_NASDAQ-100_companies,
2016-Q4,TCOM,1,unchanged,wikipedia:Historical_components_of_the_Nasdaq-100+List_of_NASDAQ-100_companies,
2016-Q4,TMUS,1,unchanged,wikipedia:Historical_components_of_the_Nasdaq-100+List_of_NASDAQ-100_companies,
2016-Q4,TRIP,1,unchanged,wikipedia:Historical_components_of_the_Nasdaq-100+List_of_NASDAQ-100_companies,
2016-Q4,TSCO,1,unchanged,wikipedia:Historical_components_of_the_Nasdaq-100+List_of_NASDAQ-100_companies,
2016-Q4,TSLA,1,unchanged,wikipedia:Historical_components_of_the_Nasdaq-100+List_of_NASDAQ-100_companies,
2016-Q4,TXN,1,unchanged,wikipedia:Historical_components_of_the_Nasdaq-100+List_of_NASDAQ-100_companies,
2016-Q4,ULTA,1,unchanged,wikipedia:Historical_components_of_the_Nasdaq-100+List_of_NASDAQ-100_companies,
2016-Q4,VIAB,1,unchanged,wikipedia:Historical_components_of_the_Nasdaq-100+List_of_NASDAQ-100_companies,
2016-Q4,VOD,1,unchanged,wikipedia:Historical_components_of_the_Nasdaq-100+List_of_NASDAQ-100_companies,
2016-Q4,VRSK,1,unchanged,wikipedia:Historical_components_of_the_Nasdaq-100+List_of_NASDAQ-100_companies,
2016-Q4,VRTX,1,unchanged,wikipedia:Historical_components_of_the_Nasdaq-100+List_of_NASDAQ-100_companies,
2016-Q4,WBA,1,unchanged,wikipedia:Historical_components_of_the_Nasdaq-100+List_of_NASDAQ-100_companies,
2016-Q4,WDC,1,unchanged,wikipedia:Historical_components_of_the_Nasdaq-100+List_of_NASDAQ-100_companies,
2016-Q4,XLNX,1,unchanged,wikipedia:Historical_components_of_the_Nasdaq-100+List_of_NASDAQ-100_companies,
2016-Q4,XRAY,1,unchanged,wikipedia:Historical_components_of_the_Nasdaq-100+List_of_NASDAQ-100_companies,
2016-Q4,YHOO,1,unchanged,wikipedia:Historical_components_of_the_Nasdaq-100+List_of_NASDAQ-100_companies,
2016-Q4,BBBY,0,removed,wikipedia:Historical_components_of_the_Nasdaq-100+List_of_NASDAQ-100_companies,
2016-Q4,LLTC,0,removed,wikipedia:Historical_components_of_the_Nasdaq-100+List_of_NASDAQ-100_companies,
2016-Q4,NTAP,0,removed,wikipedia:Historical_components_of_the_Nasdaq-100+List_of_NASDAQ-100_companies,
2016-Q4,SRCL,0,removed,wikipedia:Historical_components_of_the_Nasdaq-100+List_of_NASDAQ-100_companies,
2016-Q4,WFM,0,removed,wikipedia:Historical_components_of_the_Nasdaq-100+List_of_NASDAQ-100_companies,
2017-Q1,AAL,1,unchanged,wikipedia:Historical_components_of_the_Nasdaq-100+List_of_NASDAQ-100_companies,
2017-Q1,AAPL,1,unchanged,wikipedia:Historical_components_of_the_Nasdaq-100+List_of_NASDAQ-100_companies,
2017-Q1,ADBE,1,unchanged,wikipedia:Historical_components_of_the_Nasdaq-100+List_of_NASDAQ-100_companies,
2017-Q1,ADI,1,unchanged,wikipedia:Historical_components_of_the_Nasdaq-100+List_of_NASDAQ-100_companies,
2017-Q1,ADP,1,unchanged,wikipedia:Historical_components_of_the_Nasdaq-100+List_of_NASDAQ-100_companies,
2017-Q1,ADSK,1,unchanged,wikipedia:Historical_components_of_the_Nasdaq-100+List_of_NASDAQ-100_companies,
2017-Q1,AKAM,1,unchanged,wikipedia:Historical_components_of_the_Nasdaq-100+List_of_NASDAQ-100_companies,
2017-Q1,ALXN,1,unchanged,wikipedia:Historical_components_of_the_Nasdaq-100+List_of_NASDAQ-100_companies,
2017-Q1,AMAT,1,unchanged,wikipedia:Historical_components_of_the_Nasdaq-100+List_of_NASDAQ-100_companies,
2017-Q1,AMGN,1,unchanged,wikipedia:Historical_components_of_the_Nasdaq-100+List_of_NASDAQ-100_companies,
2017-Q1,AMZN,1,unchanged,wikipedia:Historical_components_of_the_Nasdaq-100+List_of_NASDAQ-100_companies,
2017-Q1,ATVI,1,unchanged,wikipedia:Historical_components_of_the_Nasdaq-100+List_of_NASDAQ-100_companies,
2017-Q1,AVGO,1,unchanged,wikipedia:Historical_components_of_the_Nasdaq-100+List_of_NASDAQ-100_companies,
2017-Q1,BIDU,1,unchanged,wikipedia:Historical_components_of_the_Nasdaq-100+List_of_NASDAQ-100_companies,
2017-Q1,BIIB,1,unchanged,wikipedia:Historical_components_of_the_Nasdaq-100+List_of_NASDAQ-100_companies,
2017-Q1,BKNG,1,unchanged,wikipedia:Historical_components_of_the_Nasdaq-100+List_of_NASDAQ-100_companies,
2017-Q1,BMRN,1,unchanged,wikipedia:Historical_components_of_the_Nasdaq-100+List_of_NASDAQ-100_companies,
2017-Q1,CA,1,unchanged,wikipedia:Historical_components_of_the_Nasdaq-100+List_of_NASDAQ-100_companies,
2017-Q1,CELG,1,unchanged,wikipedia:Historical_components_of_the_Nasdaq-100+List_of_NASDAQ-100_companies,
2017-Q1,CERN,1,unchanged,wikipedia:Historical_components_of_the_Nasdaq-100+List_of_NASDAQ-100_companies,
2017-Q1,CHKP,1,unchanged,wikipedia:Historical_components_of_the_Nasdaq-100+List_of_NASDAQ-100_companies,
2017-Q1,CHTR,1,unchanged,wikipedia:Historical_components_of_the_Nasdaq-100+List_of_NASDAQ-100_companies,
2017-Q1,CMCSA,1,unchanged,wikipedia:Historical_components_of_the_Nasdaq-100+List_of_NASDAQ-100_companies,
2017-Q1,COST,1,unchanged,wikipedia:Historical_components_of_the_Nasdaq-100+List_of_NASDAQ-100_companies,
2017-Q1,CSCO,1,unchanged,wikipedia:Historical_components_of_the_Nasdaq-100+List_of_NASDAQ-100_companies,
2017-Q1,CSX,1,unchanged,wikipedia:Historical_components_of_the_Nasdaq-100+List_of_NASDAQ-100_companies,
2017-Q1,CTAS,1,unchanged,wikipedia:Historical_components_of_the_Nasdaq-100+List_of_NASDAQ-100_companies,
2017-Q1,CTSH,1,unchanged,wikipedia:Historical_components_of_the_Nasdaq-100+List_of_NASDAQ-100_companies,
2017-Q1,CTXS,1,unchanged,wikipedia:Historical_components_of_the_Nasdaq-100+List_of_NASDAQ-100_companies,
2017-Q1,DISCA,1,unchanged,wikipedia:Historical_components_of_the_Nasdaq-100+List_of_NASDAQ-100_companies,
2017-Q1,DISCK,1,unchanged,wikipedia:Historical_components_of_the_Nasdaq-100+List_of_NASDAQ-100_companies,
2017-Q1,DISH,1,unchanged,wikipedia:Historical_components_of_the_Nasdaq-100+List_of_NASDAQ-100_companies,
2017-Q1,DLTR,1,unchanged,wikipedia:Historical_components_of_the_Nasdaq-100+List_of_NASDAQ-100_companies,
2017-Q1,EA,1,unchanged,wikipedia:Historical_components_of_the_Nasdaq-100+List_of_NASDAQ-100_companies,
2017-Q1,EBAY,1,unchanged,wikipedia:Historical_components_of_the_Nasdaq-100+List_of_NASDAQ-100_companies,
2017-Q1,ESRX,1,unchanged,wikipedia:Historical_components_of_the_Nasdaq-100+List_of_NASDAQ-100_companies,
2017-Q1,EXPE,1,unchanged,wikipedia:Historical_components_of_the_Nasdaq-100+List_of_NASDAQ-100_companies,
2017-Q1,FAST,1,unchanged,wikipedia:Historical_components_of_the_Nasdaq-100+List_of_NASDAQ-100_companies,
2017-Q1,FI,1,unchanged,wikipedia:Historical_components_of_the_Nasdaq-100+List_of_NASDAQ-100_companies,
2017-Q1,FOX,1,unchanged,wikipedia:Historical_components_of_the_Nasdaq-100+List_of_NASDAQ-100_companies,
2017-Q1,FOXA,1,unchanged,wikipedia:Historical_components_of_the_Nasdaq-100+List_of_NASDAQ-100_companies,
2017-Q1,GILD,1,unchanged,wikipedia:Historical_components_of_the_Nasdaq-100+List_of_NASDAQ-100_companies,
2017-Q1,GOOG,1,unchanged,wikipedia:Historical_components_of_the_Nasdaq-100+List_of_NASDAQ-100_companies,
2017-Q1,GOOGL,1,unchanged,wikipedia:Historical_components_of_the_Nasdaq-100+List_of_NASDAQ-100_companies,
2017-Q1,HAS,1,unchanged,wikipedia:Historical_components_of_the_Nasdaq-100+List_of_NASDAQ-100_companies,
2017-Q1,HOLX,1,unchanged,wikipedia:Historical_components_of_the_Nasdaq-100+List_of_NASDAQ-100_companies,
2017-Q1,HSIC,1,unchanged,wikipedia:Historical_components_of_the_Nasdaq-100+List_of_NASDAQ-100_companies,
2017-Q1,IDXX,1,added,wikipedia:Historical_components_of_the_Nasdaq-100+List_of_NASDAQ-100_companies,
2017-Q1,ILMN,1,unchanged,wikipedia:Historical_components_of_the_Nasdaq-100+List_of_NASDAQ-100_companies,
2017-Q1,INCY,1,unchanged,wikipedia:Historical_components_of_the_Nasdaq-100+List_of_NASDAQ-100_companies,
2017-Q1,INTC,1,unchanged,wikipedia:Historical_components_of_the_Nasdaq-100+List_of_NASDAQ-100_companies,
2017-Q1,INTU,1,unchanged,wikipedia:Historical_components_of_the_Nasdaq-100+List_of_NASDAQ-100_companies,
2017-Q1,ISRG,1,unchanged,wikipedia:Historical_components_of_the_Nasdaq-100+List_of_NASDAQ-100_companies,
2017-Q1,JBHT,1,added,wikipedia:Historical_components_of_the_Nasdaq-100+List_of_NASDAQ-100_companies,
2017-Q1,JD,1,unchanged,wikipedia:Historical_components_of_the_Nasdaq-100+List_of_NASDAQ-100_companies,
2017-Q1,KHC,1,unchanged,wikipedia:Historical_components_of_the_Nasdaq-100+List_of_NASDAQ-100_companies,
2017-Q1,KLAC,1,unchanged,wikipedia:Historical_components_of_the_Nasdaq-100+List_of_NASDAQ-100_companies,
2017-Q1,LBTYA,1,unchanged,wikipedia:Historical_components_of_the_Nasdaq-100+List_of_NASDAQ-100_companies,
2017-Q1,LBTYK,1,unchanged,wikipedia:Historical_components_of_the_Nasdaq-100+List_of_NASDAQ-100_companies,
2017-Q1,LRCX,1,unchanged,wikipedia:Historical_components_of_the_Nasdaq-100+List_of_NASDAQ-100_companies,
2017-Q1,MAR,1,unchanged,wikipedia:Historical_components_of_the_Nasdaq-100+List_of_NASDAQ-100_companies,
2017-Q1,MAT,1,unchanged,wikipedia:Historical_components_of_the_Nasdaq-100+List_of_NASDAQ-100_companies,
2017-Q1,MCHP,1,unchanged,wikipedia:Historical_components_of_the_Nasdaq-100+List_of_NASDAQ-100_companies,
2017-Q1,MDLZ,1,unchanged,wikipedia:Historical_components_of_the_Nasdaq-100+List_of_NASDAQ-100_companies,
2017-Q1,META,1,unchanged,wikipedia:Historical_components_of_the_Nasdaq-100+List_of_NASDAQ-100_companies,
2017-Q1,MNST,1,unchanged,wikipedia:Historical_components_of_the_Nasdaq-100+List_of_NASDAQ-100_companies,
2017-Q1,MSFT,1,unchanged,wikipedia:Historical_components_of_the_Nasdaq-100+List_of_NASDAQ-100_companies,
2017-Q1,MU,1,unchanged,wikipedia:Historical_components_of_the_Nasdaq-100+List_of_NASDAQ-100_companies,
2017-Q1,MXIM,1,unchanged,wikipedia:Historical_components_of_the_Nasdaq-100+List_of_NASDAQ-100_companies,
2017-Q1,MYL,1,unchanged,wikipedia:Historical_components_of_the_Nasdaq-100+List_of_NASDAQ-100_companies,
2017-Q1,NCLH,1,unchanged,wikipedia:Historical_components_of_the_Nasdaq-100+List_of_NASDAQ-100_companies,
2017-Q1,NFLX,1,unchanged,wikipedia:Historical_components_of_the_Nasdaq-100+List_of_NASDAQ-100_companies,
2017-Q1,NLOK,1,unchanged,wikipedia:Historical_components_of_the_Nasdaq-100+List_of_NASDAQ-100_companies,
2017-Q1,NTES,1,unchanged,wikipedia:Historical_components_of_the_Nasdaq-100+List_of_NASDAQ-100_companies,
2017-Q1,NVDA,1,unchanged,wikipedia:Historical_components_of_the_Nasdaq-100+List_of_NASDAQ-100_companies,
2017-Q1,ORLY,1,unchanged,wikipedia:Historical_components_of_the_Nasdaq-100+List_of_NASDAQ-100_companies,
2017-Q1,PAYX,1,unchanged,wikipedia:Historical_components_of_the_Nasdaq-100+List_of_NASDAQ-100_companies,
2017-Q1,PCAR,1,unchanged,wikipedia:Historical_components_of_the_Nasdaq-100+List_of_NASDAQ-100_companies,
2017-Q1,PYPL,1,unchanged,wikipedia:Historical_components_of_the_Nasdaq-100+List_of_NASDAQ-100_companies,
2017-Q1,QCOM,1,unchanged,wikipedia:Historical_components_of_the_Nasdaq-100+List_of_NASDAQ-100_companies,
2017-Q1,QRTEA,1,unchanged,wikipedia:Historical_components_of_the_Nasdaq-100+List_of_NASDAQ-100_companies,
2017-Q1,REGN,1,unchanged,wikipedia:Historical_components_of_the_Nasdaq-100+List_of_NASDAQ-100_companies,
2017-Q1,ROST,1,unchanged,wikipedia:Historical_components_of_the_Nasdaq-100+List_of_NASDAQ-100_companies,
2017-Q1,SBUX,1,unchanged,wikipedia:Historical_components_of_the_Nasdaq-100+List_of_NASDAQ-100_companies,
2017-Q1,SHPG,1,unchanged,wikipedia:Historical_components_of_the_Nasdaq-100+List_of_NASDAQ-100_companies,
2017-Q1,SIRI,1,unchanged,wikipedia:Historical_components_of_the_Nasdaq-100+List_of_NASDAQ-100_companies,
2017-Q1,STX,1,unchanged,wikipedia:Historical_components_of_the_Nasdaq-100+List_of_NASDAQ-100_companies,
2017-Q1,SWKS,1,unchanged,wikipedia:Historical_components_of_the_Nasdaq-100+List_of_NASDAQ-100_companies,
2017-Q1,TCOM,1,unchanged,wikipedia:Historical_components_of_the_Nasdaq-100+List_of_NASDAQ-100_companies,
2017-Q1,TMUS,1,unchanged,wikipedia:Historical_components_of_the_Nasdaq-100+List_of_NASDAQ-100_companies,
2017-Q1,TRIP,1,unchanged,wikipedia:Historical_components_of_the_Nasdaq-100+List_of_NASDAQ-100_companies,
2017-Q1,TSCO,1,unchanged,wikipedia:Historical_components_of_the_Nasdaq-100+List_of_NASDAQ-100_companies,
2017-Q1,TSLA,1,unchanged,wikipedia:Historical_components_of_the_Nasdaq-100+List_of_NASDAQ-100_companies,
2017-Q1,TXN,1,unchanged,wikipedia:Historical_components_of_the_Nasdaq-100+List_of_NASDAQ-100_companies,
2017-Q1,ULTA,1,unchanged,wikipedia:Historical_components_of_the_Nasdaq-100+List_of_NASDAQ-100_companies,
2017-Q1,VIAB,1,unchanged,wikipedia:Historical_components_of_the_Nasdaq-100+List_of_NASDAQ-100_companies,
2017-Q1,VOD,1,unchanged,wikipedia:Historical_components_of_the_Nasdaq-100+List_of_NASDAQ-100_companies,
2017-Q1,VRSK,1,unchanged,wikipedia:Historical_components_of_the_Nasdaq-100+List_of_NASDAQ-100_companies,
2017-Q1,VRTX,1,unchanged,wikipedia:Historical_components_of_the_Nasdaq-100+List_of_NASDAQ-100_companies,
2017-Q1,WBA,1,unchanged,wikipedia:Historical_components_of_the_Nasdaq-100+List_of_NASDAQ-100_companies,
2017-Q1,WDC,1,unchanged,wikipedia:Historical_components_of_the_Nasdaq-100+List_of_NASDAQ-100_companies,
2017-Q1,XLNX,1,unchanged,wikipedia:Historical_components_of_the_Nasdaq-100+List_of_NASDAQ-100_companies,
2017-Q1,XRAY,1,unchanged,wikipedia:Historical_components_of_the_Nasdaq-100+List_of_NASDAQ-100_companies,
2017-Q1,YHOO,1,unchanged,wikipedia:Historical_components_of_the_Nasdaq-100+List_of_NASDAQ-100_companies,
2017-Q1,NXPI,0,removed,wikipedia:Historical_components_of_the_Nasdaq-100+List_of_NASDAQ-100_companies,
2017-Q1,SBAC,0,removed,wikipedia:Historical_components_of_the_Nasdaq-100+List_of_NASDAQ-100_companies,
2017-Q2,AAL,1,unchanged,wikipedia:Historical_components_of_the_Nasdaq-100+List_of_NASDAQ-100_companies,
2017-Q2,AAPL,1,unchanged,wikipedia:Historical_components_of_the_Nasdaq-100+List_of_NASDAQ-100_companies,
2017-Q2,ADBE,1,unchanged,wikipedia:Historical_components_of_the_Nasdaq-100+List_of_NASDAQ-100_companies,
2017-Q2,ADI,1,unchanged,wikipedia:Historical_components_of_the_Nasdaq-100+List_of_NASDAQ-100_companies,
2017-Q2,ADP,1,unchanged,wikipedia:Historical_components_of_the_Nasdaq-100+List_of_NASDAQ-100_companies,
2017-Q2,ADSK,1,unchanged,wikipedia:Historical_components_of_the_Nasdaq-100+List_of_NASDAQ-100_companies,
2017-Q2,AKAM,1,unchanged,wikipedia:Historical_components_of_the_Nasdaq-100+List_of_NASDAQ-100_companies,
2017-Q2,ALXN,1,unchanged,wikipedia:Historical_components_of_the_Nasdaq-100+List_of_NASDAQ-100_companies,
2017-Q2,AMAT,1,unchanged,wikipedia:Historical_components_of_the_Nasdaq-100+List_of_NASDAQ-100_companies,
2017-Q2,AMGN,1,unchanged,wikipedia:Historical_components_of_the_Nasdaq-100+List_of_NASDAQ-100_companies,
2017-Q2,AMZN,1,unchanged,wikipedia:Historical_components_of_the_Nasdaq-100+List_of_NASDAQ-100_companies,
2017-Q2,ATVI,1,unchanged,wikipedia:Historical_components_of_the_Nasdaq-100+List_of_NASDAQ-100_companies,
2017-Q2,AVGO,1,unchanged,wikipedia:Historical_components_of_the_Nasdaq-100+List_of_NASDAQ-100_companies,
2017-Q2,BIDU,1,unchanged,wikipedia:Historical_components_of_the_Nasdaq-100+List_of_NASDAQ-100_companies,
2017-Q2,BIIB,1,unchanged,wikipedia:Historical_components_of_the_Nasdaq-100+List_of_NASDAQ-100_companies,
2017-Q2,BKNG,1,unchanged,wikipedia:Historical_components_of_the_Nasdaq-100+List_of_NASDAQ-100_companies,
2017-Q2,BMRN,1,unchanged,wikipedia:Historical_components_of_the_Nasdaq-100+List_of_NASDAQ-100_companies,
2017-Q2,CA,1,unchanged,wikipedia:Historical_components_of_the_Nasdaq-100+List_of_NASDAQ-100_companies,
2017-Q2,CELG,1,unchanged,wikipedia:Historical_components_of_the_Nasdaq-100+List_of_NASDAQ-100_companies,
2017-Q2,CERN,1,unchanged,wikipedia:Historical_components_of_the_Nasdaq-100+List_of_NASDAQ-100_companies,
2017-Q2,CHKP,1,unchanged,wikipedia:Historical_components_of_the_Nasdaq-100+List_of_NASDAQ-100_companies,
2017-Q2,CHTR,1,unchanged,wikipedia:Historical_components_of_the_Nasdaq-100+List_of_NASDAQ-100_companies,
2017-Q2,CMCSA,1,unchanged,wikipedia:Historical_components_of_the_Nasdaq-100+List_of_NASDAQ-100_companies,
2017-Q2,COST,1,unchanged,wikipedia:Historical_components_of_the_Nasdaq-100+List_of_NASDAQ-100_companies,
2017-Q2,CSCO,1,unchanged,wikipedia:Historical_components_of_the_Nasdaq-100+List_of_NASDAQ-100_companies,
2017-Q2,CSX,1,unchanged,wikipedia:Historical_components_of_the_Nasdaq-100+List_of_NASDAQ-100_companies,
2017-Q2,CTAS,1,unchanged,wikipedia:Historical_components_of_the_Nasdaq-100+List_of_NASDAQ-100_companies,
2017-Q2,CTSH,1,unchanged,wikipedia:Historical_components_of_the_Nasdaq-100+List_of_NASDAQ-100_companies,
2017-Q2,CTXS,1,unchanged,wikipedia:Historical_components_of_the_Nasdaq-100+List_of_NASDAQ-100_companies,
2017-Q2,DISCA,1,unchanged,wikipedia:Historical_components_of_the_Nasdaq-100+List_of_NASDAQ-100_companies,
2017-Q2,DISCK,1,unchanged,wikipedia:Historical_components_of_the_Nasdaq-100+List_of_NASDAQ-100_companies,
2017-Q2,DISH,1,unchanged,wikipedia:Historical_components_of_the_Nasdaq-100+List_of_NASDAQ-100_companies,
2017-Q2,DLTR,1,unchanged,wikipedia:Historical_components_of_the_Nasdaq-100+List_of_NASDAQ-100_companies,
2017-Q2,EA,1,unchanged,wikipedia:Historical_components_of_the_Nasdaq-100+List_of_NASDAQ-100_companies,
2017-Q2,EBAY,1,unchanged,wikipedia:Historical_components_of_the_Nasdaq-100+List_of_NASDAQ-100_companies,
2017-Q2,ESRX,1,unchanged,wikipedia:Historical_components_of_the_Nasdaq-100+List_of_NASDAQ-100_companies,
2017-Q2,EXPE,1,unchanged,wikipedia:Historical_components_of_the_Nasdaq-100+List_of_NASDAQ-100_companies,
2017-Q2,FAST,1,unchanged,wikipedia:Historical_components_of_the_Nasdaq-100+List_of_NASDAQ-100_companies,
2017-Q2,FI,1,unchanged,wikipedia:Historical_components_of_the_Nasdaq-100+List_of_NASDAQ-100_companies,
2017-Q2,FOX,1,unchanged,wikipedia:Historical_components_of_the_Nasdaq-100+List_of_NASDAQ-100_companies,
2017-Q2,FOXA,1,unchanged,wikipedia:Historical_components_of_the_Nasdaq-100+List_of_NASDAQ-100_companies,
2017-Q2,GILD,1,unchanged,wikipedia:Historical_components_of_the_Nasdaq-100+List_of_NASDAQ-100_companies,
2017-Q2,GOOG,1,unchanged,wikipedia:Historical_components_of_the_Nasdaq-100+List_of_NASDAQ-100_companies,
2017-Q2,GOOGL,1,unchanged,wikipedia:Historical_components_of_the_Nasdaq-100+List_of_NASDAQ-100_companies,
2017-Q2,HAS,1,unchanged,wikipedia:Historical_components_of_the_Nasdaq-100+List_of_NASDAQ-100_companies,
2017-Q2,HOLX,1,unchanged,wikipedia:Historical_components_of_the_Nasdaq-100+List_of_NASDAQ-100_companies,
2017-Q2,HSIC,1,unchanged,wikipedia:Historical_components_of_the_Nasdaq-100+List_of_NASDAQ-100_companies,
2017-Q2,IDXX,1,unchanged,wikipedia:Historical_components_of_the_Nasdaq-100+List_of_NASDAQ-100_companies,
2017-Q2,ILMN,1,unchanged,wikipedia:Historical_components_of_the_Nasdaq-100+List_of_NASDAQ-100_companies,
2017-Q2,INCY,1,unchanged,wikipedia:Historical_components_of_the_Nasdaq-100+List_of_NASDAQ-100_companies,
2017-Q2,INTC,1,unchanged,wikipedia:Historical_components_of_the_Nasdaq-100+List_of_NASDAQ-100_companies,
2017-Q2,INTU,1,unchanged,wikipedia:Historical_components_of_the_Nasdaq-100+List_of_NASDAQ-100_companies,
2017-Q2,ISRG,1,unchanged,wikipedia:Historical_components_of_the_Nasdaq-100+List_of_NASDAQ-100_companies,
2017-Q2,JBHT,1,unchanged,wikipedia:Historical_components_of_the_Nasdaq-100+List_of_NASDAQ-100_companies,
2017-Q2,JD,1,unchanged,wikipedia:Historical_components_of_the_Nasdaq-100+List_of_NASDAQ-100_companies,
2017-Q2,KHC,1,unchanged,wikipedia:Historical_components_of_the_Nasdaq-100+List_of_NASDAQ-100_companies,
2017-Q2,KLAC,1,unchanged,wikipedia:Historical_components_of_the_Nasdaq-100+List_of_NASDAQ-100_companies,
2017-Q2,LBTYA,1,unchanged,wikipedia:Historical_components_of_the_Nasdaq-100+List_of_NASDAQ-100_companies,
2017-Q2,LBTYK,1,unchanged,wikipedia:Historical_components_of_the_Nasdaq-100+List_of_NASDAQ-100_companies,
2017-Q2,LRCX,1,unchanged,wikipedia:Historical_components_of_the_Nasdaq-100+List_of_NASDAQ-100_companies,
2017-Q2,MAR,1,unchanged,wikipedia:Historical_components_of_the_Nasdaq-100+List_of_NASDAQ-100_companies,
2017-Q2,MAT,1,unchanged,wikipedia:Historical_components_of_the_Nasdaq-100+List_of_NASDAQ-100_companies,
2017-Q2,MCHP,1,unchanged,wikipedia:Historical_components_of_the_Nasdaq-100+List_of_NASDAQ-100_companies,
2017-Q2,MDLZ,1,unchanged,wikipedia:Historical_components_of_the_Nasdaq-100+List_of_NASDAQ-100_companies,
2017-Q2,MELI,1,added,wikipedia:Historical_components_of_the_Nasdaq-100+List_of_NASDAQ-100_companies,
2017-Q2,META,1,unchanged,wikipedia:Historical_components_of_the_Nasdaq-100+List_of_NASDAQ-100_companies,
2017-Q2,MNST,1,unchanged,wikipedia:Historical_components_of_the_Nasdaq-100+List_of_NASDAQ-100_companies,
2017-Q2,MSFT,1,unchanged,wikipedia:Historical_components_of_the_Nasdaq-100+List_of_NASDAQ-100_companies,
2017-Q2,MU,1,unchanged,wikipedia:Historical_components_of_the_Nasdaq-100+List_of_NASDAQ-100_companies,
2017-Q2,MXIM,1,unchanged,wikipedia:Historical_components_of_the_Nasdaq-100+List_of_NASDAQ-100_companies,
2017-Q2,MYL,1,unchanged,wikipedia:Historical_components_of_the_Nasdaq-100+List_of_NASDAQ-100_companies,
2017-Q2,NCLH,1,unchanged,wikipedia:Historical_components_of_the_Nasdaq-100+List_of_NASDAQ-100_companies,
2017-Q2,NFLX,1,unchanged,wikipedia:Historical_components_of_the_Nasdaq-100+List_of_NASDAQ-100_companies,
2017-Q2,NLOK,1,unchanged,wikipedia:Historical_components_of_the_Nasdaq-100+List_of_NASDAQ-100_companies,
2017-Q2,NTES,1,unchanged,wikipedia:Historical_components_of_the_Nasdaq-100+List_of_NASDAQ-100_companies,
2017-Q2,NVDA,1,unchanged,wikipedia:Historical_components_of_the_Nasdaq-100+List_of_NASDAQ-100_companies,
2017-Q2,ORLY,1,unchanged,wikipedia:Historical_components_of_the_Nasdaq-100+List_of_NASDAQ-100_companies,
2017-Q2,PAYX,1,unchanged,wikipedia:Historical_components_of_the_Nasdaq-100+List_of_NASDAQ-100_companies,
2017-Q2,PCAR,1,unchanged,wikipedia:Historical_components_of_the_Nasdaq-100+List_of_NASDAQ-100_companies,
2017-Q2,PYPL,1,unchanged,wikipedia:Historical_components_of_the_Nasdaq-100+List_of_NASDAQ-100_companies,
2017-Q2,QCOM,1,unchanged,wikipedia:Historical_components_of_the_Nasdaq-100+List_of_NASDAQ-100_companies,
2017-Q2,QRTEA,1,unchanged,wikipedia:Historical_components_of_the_Nasdaq-100+List_of_NASDAQ-100_companies,
2017-Q2,REGN,1,unchanged,wikipedia:Historical_components_of_the_Nasdaq-100+List_of_NASDAQ-100_companies,
2017-Q2,ROST,1,unchanged,wikipedia:Historical_components_of_the_Nasdaq-100+List_of_NASDAQ-100_companies,
2017-Q2,SBUX,1,unchanged,wikipedia:Historical_components_of_the_Nasdaq-100+List_of_NASDAQ-100_companies,
2017-Q2,SHPG,1,unchanged,wikipedia:Historical_components_of_the_Nasdaq-100+List_of_NASDAQ-100_companies,
2017-Q2,SIRI,1,unchanged,wikipedia:Historical_components_of_the_Nasdaq-100+List_of_NASDAQ-100_companies,
2017-Q2,STX,1,unchanged,wikipedia:Historical_components_of_the_Nasdaq-100+List_of_NASDAQ-100_companies,
2017-Q2,SWKS,1,unchanged,wikipedia:Historical_components_of_the_Nasdaq-100+List_of_NASDAQ-100_companies,
2017-Q2,TCOM,1,unchanged,wikipedia:Historical_components_of_the_Nasdaq-100+List_of_NASDAQ-100_companies,
2017-Q2,TMUS,1,unchanged,wikipedia:Historical_components_of_the_Nasdaq-100+List_of_NASDAQ-100_companies,
2017-Q2,TSCO,1,unchanged,wikipedia:Historical_components_of_the_Nasdaq-100+List_of_NASDAQ-100_companies,
2017-Q2,TSLA,1,unchanged,wikipedia:Historical_components_of_the_Nasdaq-100+List_of_NASDAQ-100_companies,
2017-Q2,TXN,1,unchanged,wikipedia:Historical_components_of_the_Nasdaq-100+List_of_NASDAQ-100_companies,
2017-Q2,ULTA,1,unchanged,wikipedia:Historical_components_of_the_Nasdaq-100+List_of_NASDAQ-100_companies,
2017-Q2,VIAB,1,unchanged,wikipedia:Historical_components_of_the_Nasdaq-100+List_of_NASDAQ-100_companies,
2017-Q2,VOD,1,unchanged,wikipedia:Historical_components_of_the_Nasdaq-100+List_of_NASDAQ-100_companies,
2017-Q2,VRSK,1,unchanged,wikipedia:Historical_components_of_the_Nasdaq-100+List_of_NASDAQ-100_companies,
2017-Q2,VRTX,1,unchanged,wikipedia:Historical_components_of_the_Nasdaq-100+List_of_NASDAQ-100_companies,
2017-Q2,WBA,1,unchanged,wikipedia:Historical_components_of_the_Nasdaq-100+List_of_NASDAQ-100_companies,
2017-Q2,WDC,1,unchanged,wikipedia:Historical_components_of_the_Nasdaq-100+List_of_NASDAQ-100_companies,
2017-Q2,WYNN,1,added,wikipedia:Historical_components_of_the_Nasdaq-100+List_of_NASDAQ-100_companies,
2017-Q2,XLNX,1,unchanged,wikipedia:Historical_components_of_the_Nasdaq-100+List_of_NASDAQ-100_companies,
2017-Q2,XRAY,1,unchanged,wikipedia:Historical_components_of_the_Nasdaq-100+List_of_NASDAQ-100_companies,
2017-Q2,TRIP,0,removed,wikipedia:Historical_components_of_the_Nasdaq-100+List_of_NASDAQ-100_companies,
2017-Q2,YHOO,0,removed,wikipedia:Historical_components_of_the_Nasdaq-100+List_of_NASDAQ-100_companies,
2017-Q3,AAL,1,unchanged,wikipedia:Historical_components_of_the_Nasdaq-100+List_of_NASDAQ-100_companies,
2017-Q3,AAPL,1,unchanged,wikipedia:Historical_components_of_the_Nasdaq-100+List_of_NASDAQ-100_companies,
2017-Q3,ADBE,1,unchanged,wikipedia:Historical_components_of_the_Nasdaq-100+List_of_NASDAQ-100_companies,
2017-Q3,ADI,1,unchanged,wikipedia:Historical_components_of_the_Nasdaq-100+List_of_NASDAQ-100_companies,
2017-Q3,ADP,1,unchanged,wikipedia:Historical_components_of_the_Nasdaq-100+List_of_NASDAQ-100_companies,
2017-Q3,ADSK,1,unchanged,wikipedia:Historical_components_of_the_Nasdaq-100+List_of_NASDAQ-100_companies,
2017-Q3,AKAM,1,unchanged,wikipedia:Historical_components_of_the_Nasdaq-100+List_of_NASDAQ-100_companies,
2017-Q3,ALXN,1,unchanged,wikipedia:Historical_components_of_the_Nasdaq-100+List_of_NASDAQ-100_companies,
2017-Q3,AMAT,1,unchanged,wikipedia:Historical_components_of_the_Nasdaq-100+List_of_NASDAQ-100_companies,
2017-Q3,AMGN,1,unchanged,wikipedia:Historical_components_of_the_Nasdaq-100+List_of_NASDAQ-100_companies,
2017-Q3,AMZN,1,unchanged,wikipedia:Historical_components_of_the_Nasdaq-100+List_of_NASDAQ-100_companies,
2017-Q3,ATVI,1,unchanged,wikipedia:Historical_components_of_the_Nasdaq-100+List_of_NASDAQ-100_companies,
2017-Q3,AVGO,1,unchanged,wikipedia:Historical_components_of_the_Nasdaq-100+List_of_NASDAQ-100_companies,
2017-Q3,BIDU,1,unchanged,wikipedia:Historical_components_of_the_Nasdaq-100+List_of_NASDAQ-100_companies,
2017-Q3,BIIB,1,unchanged,wikipedia:Historical_components_of_the_Nasdaq-100+List_of_NASDAQ-100_companies,
2017-Q3,BKNG,1,unchanged,wikipedia:Historical_components_of_the_Nasdaq-100+List_of_NASDAQ-100_companies,
2017-Q3,BMRN,1,unchanged,wikipedia:Historical_components_of_the_Nasdaq-100+List_of_NASDAQ-100_companies,
2017-Q3,CA,1,unchanged,wikipedia:Historical_components_of_the_Nasdaq-100+List_of_NASDAQ-100_companies,
2017-Q3,CELG,1,unchanged,wikipedia:Historical_components_of_the_Nasdaq-100+List_of_NASDAQ-100_companies,
2017-Q3,CERN,1,unchanged,wikipedia:Historical_components_of_the_Nasdaq-100+List_of_NASDAQ-100_companies,
2017-Q3,CHKP,1,unchanged,wikipedia:Historical_components_of_the_Nasdaq-100+List_of_NASDAQ-100_companies,
2017-Q3,CHTR,1,unchanged,wikipedia:Historical_components_of_the_Nasdaq-100+List_of_NASDAQ-100_companies,
2017-Q3,CMCSA,1,unchanged,wikipedia:Historical_components_of_the_Nasdaq-100+List_of_NASDAQ-100_companies,
2017-Q3,COST,1,unchanged,wikipedia:Historical_components_of_the_Nasdaq-100+List_of_NASDAQ-100_companies,
2017-Q3,CSCO,1,unchanged,wikipedia:Historical_components_of_the_Nasdaq-100+List_of_NASDAQ-100_companies,
2017-Q3,CSX,1,unchanged,wikipedia:Historical_components_of_the_Nasdaq-100+List_of_NASDAQ-100_companies,
2017-Q3,CTAS,1,unchanged,wikipedia:Historical_components_of_the_Nasdaq-100+List_of_NASDAQ-100_companies,
2017-Q3,CTSH,1,unchanged,wikipedia:Historical_components_of_the_Nasdaq-100+List_of_NASDAQ-100_companies,
2017-Q3,CTXS,1,unchanged,wikipedia:Historical_components_of_the_Nasdaq-100+List_of_NASDAQ-100_companies,
2017-Q3,DISCA,1,unchanged,wikipedia:Historical_components_of_the_Nasdaq-100+List_of_NASDAQ-100_companies,
2017-Q3,DISCK,1,unchanged,wikipedia:Historical_components_of_the_Nasdaq-100+List_of_NASDAQ-100_companies,
2017-Q3,DISH,1,unchanged,wikipedia:Historical_components_of_the_Nasdaq-100+List_of_NASDAQ-100_companies,
2017-Q3,DLTR,1,unchanged,wikipedia:Historical_components_of_the_Nasdaq-100+List_of_NASDAQ-100_companies,
2017-Q3,EA,1,unchanged,wikipedia:Historical_components_of_the_Nasdaq-100+List_of_NASDAQ-100_companies,
2017-Q3,EBAY,1,unchanged,wikipedia:Historical_components_of_the_Nasdaq-100+List_of_NASDAQ-100_companies,
2017-Q3,ESRX,1,unchanged,wikipedia:Historical_components_of_the_Nasdaq-100+List_of_NASDAQ-100_companies,
2017-Q3,EXPE,1,unchanged,wikipedia:Historical_components_of_the_Nasdaq-100+List_of_NASDAQ-100_companies,
2017-Q3,FAST,1,unchanged,wikipedia:Historical_components_of_the_Nasdaq-100+List_of_NASDAQ-100_companies,
2017-Q3,FI,1,unchanged,wikipedia:Historical_components_of_the_Nasdaq-100+List_of_NASDAQ-100_companies,
2017-Q3,FOX,1,unchanged,wikipedia:Historical_components_of_the_Nasdaq-100+List_of_NASDAQ-100_companies,
2017-Q3,FOXA,1,unchanged,wikipedia:Historical_components_of_the_Nasdaq-100+List_of_NASDAQ-100_companies,
2017-Q3,GILD,1,unchanged,wikipedia:Historical_components_of_the_Nasdaq-100+List_of_NASDAQ-100_companies,
2017-Q3,GOOG,1,unchanged,wikipedia:Historical_components_of_the_Nasdaq-100+List_of_NASDAQ-100_companies,
2017-Q3,GOOGL,1,unchanged,wikipedia:Historical_components_of_the_Nasdaq-100+List_of_NASDAQ-100_companies,
2017-Q3,HAS,1,unchanged,wikipedia:Historical_components_of_the_Nasdaq-100+List_of_NASDAQ-100_companies,
2017-Q3,HOLX,1,unchanged,wikipedia:Historical_components_of_the_Nasdaq-100+List_of_NASDAQ-100_companies,
2017-Q3,HSIC,1,unchanged,wikipedia:Historical_components_of_the_Nasdaq-100+List_of_NASDAQ-100_companies,
2017-Q3,IDXX,1,unchanged,wikipedia:Historical_components_of_the_Nasdaq-100+List_of_NASDAQ-100_companies,
2017-Q3,ILMN,1,unchanged,wikipedia:Historical_components_of_the_Nasdaq-100+List_of_NASDAQ-100_companies,
2017-Q3,INCY,1,unchanged,wikipedia:Historical_components_of_the_Nasdaq-100+List_of_NASDAQ-100_companies,
2017-Q3,INTC,1,unchanged,wikipedia:Historical_components_of_the_Nasdaq-100+List_of_NASDAQ-100_companies,
2017-Q3,INTU,1,unchanged,wikipedia:Historical_components_of_the_Nasdaq-100+List_of_NASDAQ-100_companies,
2017-Q3,ISRG,1,unchanged,wikipedia:Historical_components_of_the_Nasdaq-100+List_of_NASDAQ-100_companies,
2017-Q3,JBHT,1,unchanged,wikipedia:Historical_components_of_the_Nasdaq-100+List_of_NASDAQ-100_companies,
2017-Q3,JD,1,unchanged,wikipedia:Historical_components_of_the_Nasdaq-100+List_of_NASDAQ-100_companies,
2017-Q3,KHC,1,unchanged,wikipedia:Historical_components_of_the_Nasdaq-100+List_of_NASDAQ-100_companies,
2017-Q3,KLAC,1,unchanged,wikipedia:Historical_components_of_the_Nasdaq-100+List_of_NASDAQ-100_companies,
2017-Q3,LBTYA,1,unchanged,wikipedia:Historical_components_of_the_Nasdaq-100+List_of_NASDAQ-100_companies,
2017-Q3,LBTYK,1,unchanged,wikipedia:Historical_components_of_the_Nasdaq-100+List_of_NASDAQ-100_companies,
2017-Q3,LRCX,1,unchanged,wikipedia:Historical_components_of_the_Nasdaq-100+List_of_NASDAQ-100_companies,
2017-Q3,MAR,1,unchanged,wikipedia:Historical_components_of_the_Nasdaq-100+List_of_NASDAQ-100_companies,
2017-Q3,MAT,1,unchanged,wikipedia:Historical_components_of_the_Nasdaq-100+List_of_NASDAQ-100_companies,
2017-Q3,MCHP,1,unchanged,wikipedia:Historical_components_of_the_Nasdaq-100+List_of_NASDAQ-100_companies,
2017-Q3,MDLZ,1,unchanged,wikipedia:Historical_components_of_the_Nasdaq-100+List_of_NASDAQ-100_companies,
2017-Q3,MELI,1,unchanged,wikipedia:Historical_components_of_the_Nasdaq-100+List_of_NASDAQ-100_companies,
2017-Q3,META,1,unchanged,wikipedia:Historical_components_of_the_Nasdaq-100+List_of_NASDAQ-100_companies,
2017-Q3,MNST,1,unchanged,wikipedia:Historical_components_of_the_Nasdaq-100+List_of_NASDAQ-100_companies,
2017-Q3,MSFT,1,unchanged,wikipedia:Historical_components_of_the_Nasdaq-100+List_of_NASDAQ-100_companies,
2017-Q3,MU,1,unchanged,wikipedia:Historical_components_of_the_Nasdaq-100+List_of_NASDAQ-100_companies,
2017-Q3,MXIM,1,unchanged,wikipedia:Historical_components_of_the_Nasdaq-100+List_of_NASDAQ-100_companies,
2017-Q3,MYL,1,unchanged,wikipedia:Historical_components_of_the_Nasdaq-100+List_of_NASDAQ-100_companies,
2017-Q3,NCLH,1,unchanged,wikipedia:Historical_components_of_the_Nasdaq-100+List_of_NASDAQ-100_companies,
2017-Q3,NFLX,1,unchanged,wikipedia:Historical_components_of_the_Nasdaq-100+List_of_NASDAQ-100_companies,
2017-Q3,NLOK,1,unchanged,wikipedia:Historical_components_of_the_Nasdaq-100+List_of_NASDAQ-100_companies,
2017-Q3,NTES,1,unchanged,wikipedia:Historical_components_of_the_Nasdaq-100+List_of_NASDAQ-100_companies,
2017-Q3,NVDA,1,unchanged,wikipedia:Historical_components_of_the_Nasdaq-100+List_of_NASDAQ-100_companies,
2017-Q3,ORLY,1,unchanged,wikipedia:Historical_components_of_the_Nasdaq-100+List_of_NASDAQ-100_companies,
2017-Q3,PAYX,1,unchanged,wikipedia:Historical_components_of_the_Nasdaq-100+List_of_NASDAQ-100_companies,
2017-Q3,PCAR,1,unchanged,wikipedia:Historical_components_of_the_Nasdaq-100+List_of_NASDAQ-100_companies,
2017-Q3,PYPL,1,unchanged,wikipedia:Historical_components_of_the_Nasdaq-100+List_of_NASDAQ-100_companies,
2017-Q3,QCOM,1,unchanged,wikipedia:Historical_components_of_the_Nasdaq-100+List_of_NASDAQ-100_companies,
2017-Q3,QRTEA,1,unchanged,wikipedia:Historical_components_of_the_Nasdaq-100+List_of_NASDAQ-100_companies,
2017-Q3,REGN,1,unchanged,wikipedia:Historical_components_of_the_Nasdaq-100+List_of_NASDAQ-100_companies,
2017-Q3,ROST,1,unchanged,wikipedia:Historical_components_of_the_Nasdaq-100+List_of_NASDAQ-100_companies,
2017-Q3,SBUX,1,unchanged,wikipedia:Historical_components_of_the_Nasdaq-100+List_of_NASDAQ-100_companies,
2017-Q3,SHPG,1,unchanged,wikipedia:Historical_components_of_the_Nasdaq-100+List_of_NASDAQ-100_companies,
2017-Q3,SIRI,1,unchanged,wikipedia:Historical_components_of_the_Nasdaq-100+List_of_NASDAQ-100_companies,
2017-Q3,STX,1,unchanged,wikipedia:Historical_components_of_the_Nasdaq-100+List_of_NASDAQ-100_companies,
2017-Q3,SWKS,1,unchanged,wikipedia:Historical_components_of_the_Nasdaq-100+List_of_NASDAQ-100_companies,
2017-Q3,TCOM,1,unchanged,wikipedia:Historical_components_of_the_Nasdaq-100+List_of_NASDAQ-100_companies,
2017-Q3,TMUS,1,unchanged,wikipedia:Historical_components_of_the_Nasdaq-100+List_of_NASDAQ-100_companies,
2017-Q3,TSCO,1,unchanged,wikipedia:Historical_components_of_the_Nasdaq-100+List_of_NASDAQ-100_companies,
2017-Q3,TSLA,1,unchanged,wikipedia:Historical_components_of_the_Nasdaq-100+List_of_NASDAQ-100_companies,
2017-Q3,TXN,1,unchanged,wikipedia:Historical_components_of_the_Nasdaq-100+List_of_NASDAQ-100_companies,
2017-Q3,ULTA,1,unchanged,wikipedia:Historical_components_of_the_Nasdaq-100+List_of_NASDAQ-100_companies,
2017-Q3,VIAB,1,unchanged,wikipedia:Historical_components_of_the_Nasdaq-100+List_of_NASDAQ-100_companies,
2017-Q3,VOD,1,unchanged,wikipedia:Historical_components_of_the_Nasdaq-100+List_of_NASDAQ-100_companies,
2017-Q3,VRSK,1,unchanged,wikipedia:Historical_components_of_the_Nasdaq-100+List_of_NASDAQ-100_companies,
2017-Q3,VRTX,1,unchanged,wikipedia:Historical_components_of_the_Nasdaq-100+List_of_NASDAQ-100_companies,
2017-Q3,WBA,1,unchanged,wikipedia:Historical_components_of_the_Nasdaq-100+List_of_NASDAQ-100_companies,
2017-Q3,WDC,1,unchanged,wikipedia:Historical_components_of_the_Nasdaq-100+List_of_NASDAQ-100_companies,
2017-Q3,WYNN,1,unchanged,wikipedia:Historical_components_of_the_Nasdaq-100+List_of_NASDAQ-100_companies,
2017-Q3,XLNX,1,unchanged,wikipedia:Historical_components_of_the_Nasdaq-100+List_of_NASDAQ-100_companies,
2017-Q3,XRAY,1,unchanged,wikipedia:Historical_components_of_the_Nasdaq-100+List_of_NASDAQ-100_companies,
2017-Q4,AAL,1,unchanged,wikipedia:Historical_components_of_the_Nasdaq-100+List_of_NASDAQ-100_companies,
2017-Q4,AAPL,1,unchanged,wikipedia:Historical_components_of_the_Nasdaq-100+List_of_NASDAQ-100_companies,
2017-Q4,ADBE,1,unchanged,wikipedia:Historical_components_of_the_Nasdaq-100+List_of_NASDAQ-100_companies,
2017-Q4,ADI,1,unchanged,wikipedia:Historical_components_of_the_Nasdaq-100+List_of_NASDAQ-100_companies,
2017-Q4,ADP,1,unchanged,wikipedia:Historical_components_of_the_Nasdaq-100+List_of_NASDAQ-100_companies,
2017-Q4,ADSK,1,unchanged,wikipedia:Historical_components_of_the_Nasdaq-100+List_of_NASDAQ-100_companies,
2017-Q4,ALGN,1,added,wikipedia:Historical_components_of_the_Nasdaq-100+List_of_NASDAQ-100_companies,
2017-Q4,ALXN,1,unchanged,wikipedia:Historical_components_of_the_Nasdaq-100+List_of_NASDAQ-100_companies,
2017-Q4,AMAT,1,unchanged,wikipedia:Historical_components_of_the_Nasdaq-100+List_of_NASDAQ-100_companies,
2017-Q4,AMGN,1,unchanged,wikipedia:Historical_components_of_the_Nasdaq-100+List_of_NASDAQ-100_companies,
2017-Q4,AMZN,1,unchanged,wikipedia:Historical_components_of_the_Nasdaq-100+List_of_NASDAQ-100_companies,
2017-Q4,ASML,1,added,wikipedia:Historical_components_of_the_Nasdaq-100+List_of_NASDAQ-100_companies,
2017-Q4,ATVI,1,unchanged,wikipedia:Historical_components_of_the_Nasdaq-100+List_of_NASDAQ-100_companies,
2017-Q4,AVGO,1,unchanged,wikipedia:Historical_components_of_the_Nasdaq-100+List_of_NASDAQ-100_companies,
2017-Q4,BIDU,1,unchanged,wikipedia:Historical_components_of_the_Nasdaq-100+List_of_NASDAQ-100_companies,
2017-Q4,BIIB,1,unchanged,wikipedia:Historical_components_of_the_Nasdaq-100+List_of_NASDAQ-100_companies,
2017-Q4,BKNG,1,unchanged,wikipedia:Historical_components_of_the_Nasdaq-100+List_of_NASDAQ-100_companies,
2017-Q4,BMRN,1,unchanged,wikipedia:Historical_components_of_the_Nasdaq-100+List_of_NASDAQ-100_companies,
2017-Q4,CA,1,unchanged,wikipedia:Historical_components_of_the_Nasdaq-100+List_of_NASDAQ-100_companies,
2017-Q4,CDNS,1,added,wikipedia:Historical_components_of_the_Nasdaq-100+List_of_NASDAQ-100_companies,
2017-Q4,CELG,1,unchanged,wikipedia:Historical_components_of_the_Nasdaq-100+List_of_NASDAQ-100_companies,
2017-Q4,CERN,1,unchanged,wikipedia:Historical_components_of_the_Nasdaq-100+List_of_NASDAQ-100_companies,
2017-Q4,CHKP,1,unchanged,wikipedia:Historical_components_of_the_Nasdaq-100+List_of_NASDAQ-100_companies,
2017-Q4,CHTR,1,unchanged,wikipedia:Historical_components_of_the_Nasdaq-100+List_of_NASDAQ-100_companies,
2017-Q4,CMCSA,1,unchanged,wikipedia:Historical_components_of_the_Nasdaq-100+List_of_NASDAQ-100_companies,
2017-Q4,COST,1,unchanged,wikipedia:Historical_components_of_the_Nasdaq-100+List_of_NASDAQ-100_companies,
2017-Q4,CSCO,1,unchanged,wikipedia:Historical_components_of_the_Nasdaq-100+List_of_NASDAQ-100_companies,
2017-Q4,CSX,1,unchanged,wikipedia:Historical_components_of_the_Nasdaq-100+List_of_NASDAQ-100_companies,
2017-Q4,CTAS,1,unchanged,wikipedia:Historical_components_of_the_Nasdaq-100+List_of_NASDAQ-100_companies,
2017-Q4,CTSH,1,unchanged,wikipedia:Historical_components_of_the_Nasdaq-100+List_of_NASDAQ-100_companies,
2017-Q4,CTXS,1,unchanged,wikipedia:Historical_components_of_the_Nasdaq-100+List_of_NASDAQ-100_companies,
2017-Q4,DISH,1,unchanged,wikipedia:Historical_components_of_the_Nasdaq-100+List_of_NASDAQ-100_companies,
2017-Q4,DLTR,1,unchanged,wikipedia:Historical_components_of_the_Nasdaq-100+List_of_NASDAQ-100_companies,
2017-Q4,EA,1,unchanged,wikipedia:Historical_components_of_the_Nasdaq-100+List_of_NASDAQ-100_companies,
2017-Q4,EBAY,1,unchanged,wikipedia:Historical_components_of_the_Nasdaq-100+List_of_NASDAQ-100_companies,
2017-Q4,ESRX,1,unchanged,wikipedia:Historical_components_of_the_Nasdaq-100+List_of_NASDAQ-100_companies,
2017-Q4,EXPE,1,unchanged,wikipedia:Historical_components_of_the_Nasdaq-100+List_of_NASDAQ-100_companies,
2017-Q4,FAST,1,unchanged,wikipedia:Historical_components_of_the_Nasdaq-100+List_of_NASDAQ-100_companies,
2017-Q4,FI,1,unchanged,wikipedia:Historical_components_of_the_Nasdaq-100+List_of_NASDAQ-100_companies,
2017-Q4,FOX,1,unchanged,wikipedia:Historical_components_of_the_Nasdaq-100+List_of_NASDAQ-100_companies,
2017-Q4,FOXA,1,unchanged,wikipedia:Historical_components_of_the_Nasdaq-100+List_of_NASDAQ-100_companies,
2017-Q4,GILD,1,unchanged,wikipedia:Historical_components_of_the_Nasdaq-100+List_of_NASDAQ-100_companies,
2017-Q4,GOOG,1,unchanged,wikipedia:Historical_components_of_the_Nasdaq-100+List_of_NASDAQ-100_companies,
2017-Q4,GOOGL,1,unchanged,wikipedia:Historical_components_of_the_Nasdaq-100+List_of_NASDAQ-100_companies,
2017-Q4,HAS,1,unchanged,wikipedia:Historical_components_of_the_Nasdaq-100+List_of_NASDAQ-100_companies,
2017-Q4,HOLX,1,unchanged,wikipedia:Historical_components_of_the_Nasdaq-100+List_of_NASDAQ-100_companies,
2017-Q4,HSIC,1,unchanged,wikipedia:Historical_components_of_the_Nasdaq-100+List_of_NASDAQ-100_companies,
2017-Q4,IDXX,1,unchanged,wikipedia:Historical_components_of_the_Nasdaq-100+List_of_NASDAQ-100_companies,
2017-Q4,ILMN,1,unchanged,wikipedia:Historical_components_of_the_Nasdaq-100+List_of_NASDAQ-100_companies,
2017-Q4,INCY,1,unchanged,wikipedia:Historical_components_of_the_Nasdaq-100+List_of_NASDAQ-100_companies,
2017-Q4,INTC,1,unchanged,wikipedia:Historical_components_of_the_Nasdaq-100+List_of_NASDAQ-100_companies,
2017-Q4,INTU,1,unchanged,wikipedia:Historical_components_of_the_Nasdaq-100+List_of_NASDAQ-100_companies,
2017-Q4,ISRG,1,unchanged,wikipedia:Historical_components_of_the_Nasdaq-100+List_of_NASDAQ-100_companies,
2017-Q4,JBHT,1,unchanged,wikipedia:Historical_components_of_the_Nasdaq-100+List_of_NASDAQ-100_companies,
2017-Q4,JD,1,unchanged,wikipedia:Historical_components_of_the_Nasdaq-100+List_of_NASDAQ-100_companies,
2017-Q4,KHC,1,unchanged,wikipedia:Historical_components_of_the_Nasdaq-100+List_of_NASDAQ-100_companies,
2017-Q4,KLAC,1,unchanged,wikipedia:Historical_components_of_the_Nasdaq-100+List_of_NASDAQ-100_companies,
2017-Q4,LBTYA,1,unchanged,wikipedia:Historical_components_of_the_Nasdaq-100+List_of_NASDAQ-100_companies,
2017-Q4,LBTYK,1,unchanged,wikipedia:Historical_components_of_the_Nasdaq-100+List_of_NASDAQ-100_companies,
2017-Q4,LRCX,1,unchanged,wikipedia:Historical_components_of_the_Nasdaq-100+List_of_NASDAQ-100_companies,
2017-Q4,MAR,1,unchanged,wikipedia:Historical_components_of_the_Nasdaq-100+List_of_NASDAQ-100_companies,
2017-Q4,MCHP,1,unchanged,wikipedia:Historical_components_of_the_Nasdaq-100+List_of_NASDAQ-100_companies,
2017-Q4,MDLZ,1,unchanged,wikipedia:Historical_components_of_the_Nasdaq-100+List_of_NASDAQ-100_companies,
2017-Q4,MELI,1,unchanged,wikipedia:Historical_components_of_the_Nasdaq-100+List_of_NASDAQ-100_companies,
2017-Q4,META,1,unchanged,wikipedia:Historical_components_of_the_Nasdaq-100+List_of_NASDAQ-100_companies,
2017-Q4,MNST,1,unchanged,wikipedia:Historical_components_of_the_Nasdaq-100+List_of_NASDAQ-100_companies,
2017-Q4,MSFT,1,unchanged,wikipedia:Historical_components_of_the_Nasdaq-100+List_of_NASDAQ-100_companies,
2017-Q4,MU,1,unchanged,wikipedia:Historical_components_of_the_Nasdaq-100+List_of_NASDAQ-100_companies,
2017-Q4,MXIM,1,unchanged,wikipedia:Historical_components_of_the_Nasdaq-100+List_of_NASDAQ-100_companies,
2017-Q4,MYL,1,unchanged,wikipedia:Historical_components_of_the_Nasdaq-100+List_of_NASDAQ-100_companies,
2017-Q4,NFLX,1,unchanged,wikipedia:Historical_components_of_the_Nasdaq-100+List_of_NASDAQ-100_companies,
2017-Q4,NLOK,1,unchanged,wikipedia:Historical_components_of_the_Nasdaq-100+List_of_NASDAQ-100_companies,
2017-Q4,NTES,1,unchanged,wikipedia:Historical_components_of_the_Nasdaq-100+List_of_NASDAQ-100_companies,
2017-Q4,NVDA,1,unchanged,wikipedia:Historical_components_of_the_Nasdaq-100+List_of_NASDAQ-100_companies,
2017-Q4,ORLY,1,unchanged,wikipedia:Historical_components_of_the_Nasdaq-100+List_of_NASDAQ-100_companies,
2017-Q4,PAYX,1,unchanged,wikipedia:Historical_components_of_the_Nasdaq-100+List_of_NASDAQ-100_companies,
2017-Q4,PCAR,1,unchanged,wikipedia:Historical_components_of_the_Nasdaq-100+List_of_NASDAQ-100_companies,
2017-Q4,PYPL,1,unchanged,wikipedia:Historical_components_of_the_Nasdaq-100+List_of_NASDAQ-100_companies,
2017-Q4,QCOM,1,unchanged,wikipedia:Historical_components_of_the_Nasdaq-100+List_of_NASDAQ-100_companies,
2017-Q4,QRTEA,1,unchanged,wikipedia:Historical_components_of_the_Nasdaq-100+List_of_NASDAQ-100_companies,
2017-Q4,REGN,1,unchanged,wikipedia:Historical_components_of_the_Nasdaq-100+List_of_NASDAQ-100_companies,
2017-Q4,ROST,1,unchanged,wikipedia:Historical_components_of_the_Nasdaq-100+List_of_NASDAQ-100_companies,
2017-Q4,SBUX,1,unchanged,wikipedia:Historical_components_of_the_Nasdaq-100+List_of_NASDAQ-100_companies,
2017-Q4,SHPG,1,unchanged,wikipedia:Historical_components_of_the_Nasdaq-100+List_of_NASDAQ-100_companies,
2017-Q4,SIRI,1,unchanged,wikipedia:Historical_components_of_the_Nasdaq-100+List_of_NASDAQ-100_companies,
2017-Q4,SNPS,1,added,wikipedia:Historical_components_of_the_Nasdaq-100+List_of_NASDAQ-100_companies,
2017-Q4,STX,1,unchanged,wikipedia:Historical_components_of_the_Nasdaq-100+List_of_NASDAQ-100_companies,
2017-Q4,SWKS,1,unchanged,wikipedia:Historical_components_of_the_Nasdaq-100+List_of_NASDAQ-100_companies,
2017-Q4,TCOM,1,unchanged,wikipedia:Historical_components_of_the_Nasdaq-100+List_of_NASDAQ-100_companies,
2017-Q4,TMUS,1,unchanged,wikipedia:Historical_components_of_the_Nasdaq-100+List_of_NASDAQ-100_companies,
2017-Q4,TSLA,1,unchanged,wikipedia:Historical_components_of_the_Nasdaq-100+List_of_NASDAQ-100_companies,
2017-Q4,TTWO,1,added,wikipedia:Historical_components_of_the_Nasdaq-100+List_of_NASDAQ-100_companies,
2017-Q4,TXN,1,unchanged,wikipedia:Historical_components_of_the_Nasdaq-100+List_of_NASDAQ-100_companies,
2017-Q4,ULTA,1,unchanged,wikipedia:Historical_components_of_the_Nasdaq-100+List_of_NASDAQ-100_companies,
2017-Q4,VOD,1,unchanged,wikipedia:Historical_components_of_the_Nasdaq-100+List_of_NASDAQ-100_companies,
2017-Q4,VRSK,1,unchanged,wikipedia:Historical_components_of_the_Nasdaq-100+List_of_NASDAQ-100_companies,
2017-Q4,VRTX,1,unchanged,wikipedia:Historical_components_of_the_Nasdaq-100+List_of_NASDAQ-100_companies,
2017-Q4,WBA,1,unchanged,wikipedia:Historical_components_of_the_Nasdaq-100+List_of_NASDAQ-100_companies,
2017-Q4,WDAY,1,added,wikipedia:Historical_components_of_the_Nasdaq-100+List_of_NASDAQ-100_companies,
2017-Q4,WDC,1,unchanged,wikipedia:Historical_components_of_the_Nasdaq-100+List_of_NASDAQ-100_companies,
2017-Q4,WYNN,1,unchanged,wikipedia:Historical_components_of_the_Nasdaq-100+List_of_NASDAQ-100_companies,
2017-Q4,XLNX,1,unchanged,wikipedia:Historical_components_of_the_Nasdaq-100+List_of_NASDAQ-100_companies,
2017-Q4,XRAY,1,unchanged,wikipedia:Historical_components_of_the_Nasdaq-100+List_of_NASDAQ-100_companies,
2017-Q4,AKAM,0,removed,wikipedia:Historical_components_of_the_Nasdaq-100+List_of_NASDAQ-100_companies,
2017-Q4,DISCA,0,removed,wikipedia:Historical_components_of_the_Nasdaq-100+List_of_NASDAQ-100_companies,
2017-Q4,DISCK,0,removed,wikipedia:Historical_components_of_the_Nasdaq-100+List_of_NASDAQ-100_companies,
2017-Q4,MAT,0,removed,wikipedia:Historical_components_of_the_Nasdaq-100+List_of_NASDAQ-100_companies,
2017-Q4,NCLH,0,removed,wikipedia:Historical_components_of_the_Nasdaq-100+List_of_NASDAQ-100_companies,
2017-Q4,TSCO,0,removed,wikipedia:Historical_components_of_the_Nasdaq-100+List_of_NASDAQ-100_companies,
2017-Q4,VIAB,0,removed,wikipedia:Historical_components_of_the_Nasdaq-100+List_of_NASDAQ-100_companies,
2018-Q1,AAL,1,unchanged,wikipedia:Historical_components_of_the_Nasdaq-100+List_of_NASDAQ-100_companies,
2018-Q1,AAPL,1,unchanged,wikipedia:Historical_components_of_the_Nasdaq-100+List_of_NASDAQ-100_companies,
2018-Q1,ADBE,1,unchanged,wikipedia:Historical_components_of_the_Nasdaq-100+List_of_NASDAQ-100_companies,
2018-Q1,ADI,1,unchanged,wikipedia:Historical_components_of_the_Nasdaq-100+List_of_NASDAQ-100_companies,
2018-Q1,ADP,1,unchanged,wikipedia:Historical_components_of_the_Nasdaq-100+List_of_NASDAQ-100_companies,
2018-Q1,ADSK,1,unchanged,wikipedia:Historical_components_of_the_Nasdaq-100+List_of_NASDAQ-100_companies,
2018-Q1,ALGN,1,unchanged,wikipedia:Historical_components_of_the_Nasdaq-100+List_of_NASDAQ-100_companies,
2018-Q1,ALXN,1,unchanged,wikipedia:Historical_components_of_the_Nasdaq-100+List_of_NASDAQ-100_companies,
2018-Q1,AMAT,1,unchanged,wikipedia:Historical_components_of_the_Nasdaq-100+List_of_NASDAQ-100_companies,
2018-Q1,AMGN,1,unchanged,wikipedia:Historical_components_of_the_Nasdaq-100+List_of_NASDAQ-100_companies,
2018-Q1,AMZN,1,unchanged,wikipedia:Historical_components_of_the_Nasdaq-100+List_of_NASDAQ-100_companies,
2018-Q1,ASML,1,unchanged,wikipedia:Historical_components_of_the_Nasdaq-100+List_of_NASDAQ-100_companies,
2018-Q1,ATVI,1,unchanged,wikipedia:Historical_components_of_the_Nasdaq-100+List_of_NASDAQ-100_companies,
2018-Q1,AVGO,1,unchanged,wikipedia:Historical_components_of_the_Nasdaq-100+List_of_NASDAQ-100_companies,
2018-Q1,BIDU,1,unchanged,wikipedia:Historical_components_of_the_Nasdaq-100+List_of_NASDAQ-100_companies,
2018-Q1,BIIB,1,unchanged,wikipedia:Historical_components_of_the_Nasdaq-100+List_of_NASDAQ-100_companies,
2018-Q1,BKNG,1,unchanged,wikipedia:Historical_components_of_the_Nasdaq-100+List_of_NASDAQ-100_companies,
2018-Q1,BMRN,1,unchanged,wikipedia:Historical_components_of_the_Nasdaq-100+List_of_NASDAQ-100_companies,
2018-Q1,CA,1,unchanged,wikipedia:Historical_components_of_the_Nasdaq-100+List_of_NASDAQ-100_companies,
2018-Q1,CDNS,1,unchanged,wikipedia:Historical_components_of_the_Nasdaq-100+List_of_NASDAQ-100_companies,
2018-Q1,CELG,1,unchanged,wikipedia:Historical_components_of_the_Nasdaq-100+List_of_NASDAQ-100_companies,
2018-Q1,CERN,1,unchanged,wikipedia:Historical_components_of_the_Nasdaq-100+List_of_NASDAQ-100_companies,
2018-Q1,CHKP,1,unchanged,wikipedia:Historical_components_of_the_Nasdaq-100+List_of_NASDAQ-100_companies,
2018-Q1,CHTR,1,unchanged,wikipedia:Historical_components_of_the_Nasdaq-100+List_of_NASDAQ-100_companies,
2018-Q1,CMCSA,1,unchanged,wikipedia:Historical_components_of_the_Nasdaq-100+List_of_NASDAQ-100_companies,
2018-Q1,COST,1,unchanged,wikipedia:Historical_components_of_the_Nasdaq-100+List_of_NASDAQ-100_companies,
2018-Q1,CSCO,1,unchanged,wikipedia:Historical_components_of_the_Nasdaq-100+List_of_NASDAQ-100_companies,
2018-Q1,CSX,1,unchanged,wikipedia:Historical_components_of_the_Nasdaq-100+List_of_NASDAQ-100_companies,
2018-Q1,CTAS,1,unchanged,wikipedia:Historical_components_of_the_Nasdaq-100+List_of_NASDAQ-100_companies,
2018-Q1,CTSH,1,unchanged,wikipedia:Historical_components_of_the_Nasdaq-100+List_of_NASDAQ-100_companies,
2018-Q1,CTXS,1,unchanged,wikipedia:Historical_components_of_the_Nasdaq-100+List_of_NASDAQ-100_companies,
2018-Q1,DISH,1,unchanged,wikipedia:Historical_components_of_the_Nasdaq-100+List_of_NASDAQ-100_companies,
2018-Q1,DLTR,1,unchanged,wikipedia:Historical_components_of_the_Nasdaq-100+List_of_NASDAQ-100_companies,
2018-Q1,EA,1,unchanged,wikipedia:Historical_components_of_the_Nasdaq-100+List_of_NASDAQ-100_companies,
2018-Q1,EBAY,1,unchanged,wikipedia:Historical_components_of_the_Nasdaq-100+List_of_NASDAQ-100_companies,
2018-Q1,ESRX,1,unchanged,wikipedia:Historical_components_of_the_Nasdaq-100+List_of_NASDAQ-100_companies,
2018-Q1,EXPE,1,unchanged,wikipedia:Historical_components_of_the_Nasdaq-100+List_of_NASDAQ-100_companies,
2018-Q1,FAST,1,unchanged,wikipedia:Historical_components_of_the_Nasdaq-100+List_of_NASDAQ-100_companies,
2018-Q1,FI,1,unchanged,wikipedia:Historical_components_of_the_Nasdaq-100+List_of_NASDAQ-100_companies,
2018-Q1,FOX,1,unchanged,wikipedia:Historical_components_of_the_Nasdaq-100+List_of_NASDAQ-100_companies,
2018-Q1,FOXA,1,unchanged,wikipedia:Historical_components_of_the_Nasdaq-100+List_of_NASDAQ-100_companies,
2018-Q1,GILD,1,unchanged,wikipedia:Historical_components_of_the_Nasdaq-100+List_of_NASDAQ-100_companies,
2018-Q1,GOOG,1,unchanged,wikipedia:Historical_components_of_the_Nasdaq-100+List_of_NASDAQ-100_companies,
2018-Q1,GOOGL,1,unchanged,wikipedia:Historical_components_of_the_Nasdaq-100+List_of_NASDAQ-100_companies,
2018-Q1,HAS,1,unchanged,wikipedia:Historical_components_of_the_Nasdaq-100+List_of_NASDAQ-100_companies,
2018-Q1,HOLX,1,unchanged,wikipedia:Historical_components_of_the_Nasdaq-100+List_of_NASDAQ-100_companies,
2018-Q1,HSIC,1,unchanged,wikipedia:Historical_components_of_the_Nasdaq-100+List_of_NASDAQ-100_companies,
2018-Q1,IDXX,1,unchanged,wikipedia:Historical_components_of_the_Nasdaq-100+List_of_NASDAQ-100_companies,
2018-Q1,ILMN,1,unchanged,wikipedia:Historical_components_of_the_Nasdaq-100+List_of_NASDAQ-100_companies,
2018-Q1,INCY,1,unchanged,wikipedia:Historical_components_of_the_Nasdaq-100+List_of_NASDAQ-100_companies,
2018-Q1,INTC,1,unchanged,wikipedia:Historical_components_of_the_Nasdaq-100+List_of_NASDAQ-100_companies,
2018-Q1,INTU,1,unchanged,wikipedia:Historical_components_of_the_Nasdaq-100+List_of_NASDAQ-100_companies,
2018-Q1,ISRG,1,unchanged,wikipedia:Historical_components_of_the_Nasdaq-100+List_of_NASDAQ-100_companies,
2018-Q1,JBHT,1,unchanged,wikipedia:Historical_components_of_the_Nasdaq-100+List_of_NASDAQ-100_companies,
2018-Q1,JD,1,unchanged,wikipedia:Historical_components_of_the_Nasdaq-100+List_of_NASDAQ-100_companies,
2018-Q1,KHC,1,unchanged,wikipedia:Historical_components_of_the_Nasdaq-100+List_of_NASDAQ-100_companies,
2018-Q1,KLAC,1,unchanged,wikipedia:Historical_components_of_the_Nasdaq-100+List_of_NASDAQ-100_companies,
2018-Q1,LBTYA,1,unchanged,wikipedia:Historical_components_of_the_Nasdaq-100+List_of_NASDAQ-100_companies,
2018-Q1,LBTYK,1,unchanged,wikipedia:Historical_components_of_the_Nasdaq-100+List_of_NASDAQ-100_companies,
2018-Q1,LRCX,1,unchanged,wikipedia:Historical_components_of_the_Nasdaq-100+List_of_NASDAQ-100_companies,
2018-Q1,MAR,1,unchanged,wikipedia:Historical_components_of_the_Nasdaq-100+List_of_NASDAQ-100_companies,
2018-Q1,MCHP,1,unchanged,wikipedia:Historical_components_of_the_Nasdaq-100+List_of_NASDAQ-100_companies,
2018-Q1,MDLZ,1,unchanged,wikipedia:Historical_components_of_the_Nasdaq-100+List_of_NASDAQ-100_companies,
2018-Q1,MELI,1,unchanged,wikipedia:Historical_components_of_the_Nasdaq-100+List_of_NASDAQ-100_companies,
2018-Q1,META,1,unchanged,wikipedia:Historical_components_of_the_Nasdaq-100+List_of_NASDAQ-100_companies,
2018-Q1,MNST,1,unchanged,wikipedia:Historical_components_of_the_Nasdaq-100+List_of_NASDAQ-100_companies,
2018-Q1,MSFT,1,unchanged,wikipedia:Historical_components_of_the_Nasdaq-100+List_of_NASDAQ-100_companies,
2018-Q1,MU,1,unchanged,wikipedia:Historical_components_of_the_Nasdaq-100+List_of_NASDAQ-100_companies,
2018-Q1,MXIM,1,unchanged,wikipedia:Historical_components_of_the_Nasdaq-100+List_of_NASDAQ-100_companies,
2018-Q1,MYL,1,unchanged,wikipedia:Historical_components_of_the_Nasdaq-100+List_of_NASDAQ-100_companies,
2018-Q1,NFLX,1,unchanged,wikipedia:Historical_components_of_the_Nasdaq-100+List_of_NASDAQ-100_companies,
2018-Q1,NLOK,1,unchanged,wikipedia:Historical_components_of_the_Nasdaq-100+List_of_NASDAQ-100_companies,
2018-Q1,NTES,1,unchanged,wikipedia:Historical_components_of_the_Nasdaq-100+List_of_NASDAQ-100_companies,
2018-Q1,NVDA,1,unchanged,wikipedia:Historical_components_of_the_Nasdaq-100+List_of_NASDAQ-100_companies,
2018-Q1,ORLY,1,unchanged,wikipedia:Historical_components_of_the_Nasdaq-100+List_of_NASDAQ-100_companies,
2018-Q1,PAYX,1,unchanged,wikipedia:Historical_components_of_the_Nasdaq-100+List_of_NASDAQ-100_companies,
2018-Q1,PCAR,1,unchanged,wikipedia:Historical_components_of_the_Nasdaq-100+List_of_NASDAQ-100_companies,
2018-Q1,PYPL,1,unchanged,wikipedia:Historical_components_of_the_Nasdaq-100+List_of_NASDAQ-100_companies,
2018-Q1,QCOM,1,unchanged,wikipedia:Historical_components_of_the_Nasdaq-100+List_of_NASDAQ-100_companies,
2018-Q1,QRTEA,1,unchanged,wikipedia:Historical_components_of_the_Nasdaq-100+List_of_NASDAQ-100_companies,
2018-Q1,REGN,1,unchanged,wikipedia:Historical_components_of_the_Nasdaq-100+List_of_NASDAQ-100_companies,
2018-Q1,ROST,1,unchanged,wikipedia:Historical_components_of_the_Nasdaq-100+List_of_NASDAQ-100_companies,
2018-Q1,SBUX,1,unchanged,wikipedia:Historical_components_of_the_Nasdaq-100+List_of_NASDAQ-100_companies,
2018-Q1,SHPG,1,unchanged,wikipedia:Historical_components_of_the_Nasdaq-100+List_of_NASDAQ-100_companies,
2018-Q1,SIRI,1,unchanged,wikipedia:Historical_components_of_the_Nasdaq-100+List_of_NASDAQ-100_companies,
2018-Q1,SNPS,1,unchanged,wikipedia:Historical_components_of_the_Nasdaq-100+List_of_NASDAQ-100_companies,
2018-Q1,STX,1,unchanged,wikipedia:Historical_components_of_the_Nasdaq-100+List_of_NASDAQ-100_companies,
2018-Q1,SWKS,1,unchanged,wikipedia:Historical_components_of_the_Nasdaq-100+List_of_NASDAQ-100_companies,
2018-Q1,TCOM,1,unchanged,wikipedia:Historical_components_of_the_Nasdaq-100+List_of_NASDAQ-100_companies,
2018-Q1,TMUS,1,unchanged,wikipedia:Historical_components_of_the_Nasdaq-100+List_of_NASDAQ-100_companies,
2018-Q1,TSLA,1,unchanged,wikipedia:Historical_components_of_the_Nasdaq-100+List_of_NASDAQ-100_companies,
2018-Q1,TTWO,1,unchanged,wikipedia:Historical_components_of_the_Nasdaq-100+List_of_NASDAQ-100_companies,
2018-Q1,TXN,1,unchanged,wikipedia:Historical_components_of_the_Nasdaq-100+List_of_NASDAQ-100_companies,
2018-Q1,ULTA,1,unchanged,wikipedia:Historical_components_of_the_Nasdaq-100+List_of_NASDAQ-100_companies,
2018-Q1,VOD,1,unchanged,wikipedia:Historical_components_of_the_Nasdaq-100+List_of_NASDAQ-100_companies,
2018-Q1,VRSK,1,unchanged,wikipedia:Historical_components_of_the_Nasdaq-100+List_of_NASDAQ-100_companies,
2018-Q1,VRTX,1,unchanged,wikipedia:Historical_components_of_the_Nasdaq-100+List_of_NASDAQ-100_companies,
2018-Q1,WBA,1,unchanged,wikipedia:Historical_components_of_the_Nasdaq-100+List_of_NASDAQ-100_companies,
2018-Q1,WDAY,1,unchanged,wikipedia:Historical_components_of_the_Nasdaq-100+List_of_NASDAQ-100_companies,
2018-Q1,WDC,1,unchanged,wikipedia:Historical_components_of_the_Nasdaq-100+List_of_NASDAQ-100_companies,
2018-Q1,WYNN,1,unchanged,wikipedia:Historical_components_of_the_Nasdaq-100+List_of_NASDAQ-100_companies,
2018-Q1,XLNX,1,unchanged,wikipedia:Historical_components_of_the_Nasdaq-100+List_of_NASDAQ-100_companies,
2018-Q1,XRAY,1,unchanged,wikipedia:Historical_components_of_the_Nasdaq-100+List_of_NASDAQ-100_companies,
2018-Q2,AAL,1,unchanged,wikipedia:Historical_components_of_the_Nasdaq-100+List_of_NASDAQ-100_companies,
2018-Q2,AAPL,1,unchanged,wikipedia:Historical_components_of_the_Nasdaq-100+List_of_NASDAQ-100_companies,
2018-Q2,ADBE,1,unchanged,wikipedia:Historical_components_of_the_Nasdaq-100+List_of_NASDAQ-100_companies,
2018-Q2,ADI,1,unchanged,wikipedia:Historical_components_of_the_Nasdaq-100+List_of_NASDAQ-100_companies,
2018-Q2,ADP,1,unchanged,wikipedia:Historical_components_of_the_Nasdaq-100+List_of_NASDAQ-100_companies,
2018-Q2,ADSK,1,unchanged,wikipedia:Historical_components_of_the_Nasdaq-100+List_of_NASDAQ-100_companies,
2018-Q2,ALGN,1,unchanged,wikipedia:Historical_components_of_the_Nasdaq-100+List_of_NASDAQ-100_companies,
2018-Q2,ALXN,1,unchanged,wikipedia:Historical_components_of_the_Nasdaq-100+List_of_NASDAQ-100_companies,
2018-Q2,AMAT,1,unchanged,wikipedia:Historical_components_of_the_Nasdaq-100+List_of_NASDAQ-100_companies,
2018-Q2,AMGN,1,unchanged,wikipedia:Historical_components_of_the_Nasdaq-100+List_of_NASDAQ-100_companies,
2018-Q2,AMZN,1,unchanged,wikipedia:Historical_components_of_the_Nasdaq-100+List_of_NASDAQ-100_companies,
2018-Q2,ASML,1,unchanged,wikipedia:Historical_components_of_the_Nasdaq-100+List_of_NASDAQ-100_companies,
2018-Q2,ATVI,1,unchanged,wikipedia:Historical_components_of_the_Nasdaq-100+List_of_NASDAQ-100_companies,
2018-Q2,AVGO,1,unchanged,wikipedia:Historical_components_of_the_Nasdaq-100+List_of_NASDAQ-100_companies,
2018-Q2,BIDU,1,unchanged,wikipedia:Historical_components_of_the_Nasdaq-100+List_of_NASDAQ-100_companies,
2018-Q2,BIIB,1,unchanged,wikipedia:Historical_components_of_the_Nasdaq-100+List_of_NASDAQ-100_companies,
2018-Q2,BKNG,1,unchanged,wikipedia:Historical_components_of_the_Nasdaq-100+List_of_NASDAQ-100_companies,
2018-Q2,BMRN,1,unchanged,wikipedia:Historical_components_of_the_Nasdaq-100+List_of_NASDAQ-100_companies,
2018-Q2,CA,1,unchanged,wikipedia:Historical_components_of_the_Nasdaq-100+List_of_NASDAQ-100_companies,
2018-Q2,CDNS,1,unchanged,wikipedia:Historical_components_of_the_Nasdaq-100+List_of_NASDAQ-100_companies,
2018-Q2,CELG,1,unchanged,wikipedia:Historical_components_of_the_Nasdaq-100+List_of_NASDAQ-100_companies,
2018-Q2,CERN,1,unchanged,wikipedia:Historical_components_of_the_Nasdaq-100+List_of_NASDAQ-100_companies,
2018-Q2,CHKP,1,unchanged,wikipedia:Historical_components_of_the_Nasdaq-100+List_of_NASDAQ-100_companies,
2018-Q2,CHTR,1,unchanged,wikipedia:Historical_components_of_the_Nasdaq-100+List_of_NASDAQ-100_companies,
2018-Q2,CMCSA,1,unchanged,wikipedia:Historical_components_of_the_Nasdaq-100+List_of_NASDAQ-100_companies,
2018-Q2,COST,1,unchanged,wikipedia:Historical_components_of_the_Nasdaq-100+List_of_NASDAQ-100_companies,
2018-Q2,CSCO,1,unchanged,wikipedia:Historical_components_of_the_Nasdaq-100+List_of_NASDAQ-100_companies,
2018-Q2,CSX,1,unchanged,wikipedia:Historical_components_of_the_Nasdaq-100+List_of_NASDAQ-100_companies,
2018-Q2,CTAS,1,unchanged,wikipedia:Historical_components_of_the_Nasdaq-100+List_of_NASDAQ-100_companies,
2018-Q2,CTSH,1,unchanged,wikipedia:Historical_components_of_the_Nasdaq-100+List_of_NASDAQ-100_companies,
2018-Q2,CTXS,1,unchanged,wikipedia:Historical_components_of_the_Nasdaq-100+List_of_NASDAQ-100_companies,
2018-Q2,DISH,1,unchanged,wikipedia:Historical_components_of_the_Nasdaq-100+List_of_NASDAQ-100_companies,
2018-Q2,DLTR,1,unchanged,wikipedia:Historical_components_of_the_Nasdaq-100+List_of_NASDAQ-100_companies,
2018-Q2,EA,1,unchanged,wikipedia:Historical_components_of_the_Nasdaq-100+List_of_NASDAQ-100_companies,
2018-Q2,EBAY,1,unchanged,wikipedia:Historical_components_of_the_Nasdaq-100+List_of_NASDAQ-100_companies,
2018-Q2,ESRX,1,unchanged,wikipedia:Historical_components_of_the_Nasdaq-100+List_of_NASDAQ-100_companies,
2018-Q2,EXPE,1,unchanged,wikipedia:Historical_components_of_the_Nasdaq-100+List_of_NASDAQ-100_companies,
2018-Q2,FAST,1,unchanged,wikipedia:Historical_components_of_the_Nasdaq-100+List_of_NASDAQ-100_companies,
2018-Q2,FI,1,unchanged,wikipedia:Historical_components_of_the_Nasdaq-100+List_of_NASDAQ-100_companies,
2018-Q2,FOX,1,unchanged,wikipedia:Historical_components_of_the_Nasdaq-100+List_of_NASDAQ-100_companies,
2018-Q2,FOXA,1,unchanged,wikipedia:Historical_components_of_the_Nasdaq-100+List_of_NASDAQ-100_companies,
2018-Q2,GILD,1,unchanged,wikipedia:Historical_components_of_the_Nasdaq-100+List_of_NASDAQ-100_companies,
2018-Q2,GOOG,1,unchanged,wikipedia:Historical_components_of_the_Nasdaq-100+List_of_NASDAQ-100_companies,
2018-Q2,GOOGL,1,unchanged,wikipedia:Historical_components_of_the_Nasdaq-100+List_of_NASDAQ-100_companies,
2018-Q2,HAS,1,unchanged,wikipedia:Historical_components_of_the_Nasdaq-100+List_of_NASDAQ-100_companies,
2018-Q2,HOLX,1,unchanged,wikipedia:Historical_components_of_the_Nasdaq-100+List_of_NASDAQ-100_companies,
2018-Q2,HSIC,1,unchanged,wikipedia:Historical_components_of_the_Nasdaq-100+List_of_NASDAQ-100_companies,
2018-Q2,IDXX,1,unchanged,wikipedia:Historical_components_of_the_Nasdaq-100+List_of_NASDAQ-100_companies,
2018-Q2,ILMN,1,unchanged,wikipedia:Historical_components_of_the_Nasdaq-100+List_of_NASDAQ-100_companies,
2018-Q2,INCY,1,unchanged,wikipedia:Historical_components_of_the_Nasdaq-100+List_of_NASDAQ-100_companies,
2018-Q2,INTC,1,unchanged,wikipedia:Historical_components_of_the_Nasdaq-100+List_of_NASDAQ-100_companies,
2018-Q2,INTU,1,unchanged,wikipedia:Historical_components_of_the_Nasdaq-100+List_of_NASDAQ-100_companies,
2018-Q2,ISRG,1,unchanged,wikipedia:Historical_components_of_the_Nasdaq-100+List_of_NASDAQ-100_companies,
2018-Q2,JBHT,1,unchanged,wikipedia:Historical_components_of_the_Nasdaq-100+List_of_NASDAQ-100_companies,
2018-Q2,JD,1,unchanged,wikipedia:Historical_components_of_the_Nasdaq-100+List_of_NASDAQ-100_companies,
2018-Q2,KHC,1,unchanged,wikipedia:Historical_components_of_the_Nasdaq-100+List_of_NASDAQ-100_companies,
2018-Q2,KLAC,1,unchanged,wikipedia:Historical_components_of_the_Nasdaq-100+List_of_NASDAQ-100_companies,
2018-Q2,LBTYA,1,unchanged,wikipedia:Historical_components_of_the_Nasdaq-100+List_of_NASDAQ-100_companies,
2018-Q2,LBTYK,1,unchanged,wikipedia:Historical_components_of_the_Nasdaq-100+List_of_NASDAQ-100_companies,
2018-Q2,LRCX,1,unchanged,wikipedia:Historical_components_of_the_Nasdaq-100+List_of_NASDAQ-100_companies,
2018-Q2,MAR,1,unchanged,wikipedia:Historical_components_of_the_Nasdaq-100+List_of_NASDAQ-100_companies,
2018-Q2,MCHP,1,unchanged,wikipedia:Historical_components_of_the_Nasdaq-100+List_of_NASDAQ-100_companies,
2018-Q2,MDLZ,1,unchanged,wikipedia:Historical_components_of_the_Nasdaq-100+List_of_NASDAQ-100_companies,
2018-Q2,MELI,1,unchanged,wikipedia:Historical_components_of_the_Nasdaq-100+List_of_NASDAQ-100_companies,
2018-Q2,META,1,unchanged,wikipedia:Historical_components_of_the_Nasdaq-100+List_of_NASDAQ-100_companies,
2018-Q2,MNST,1,unchanged,wikipedia:Historical_components_of_the_Nasdaq-100+List_of_NASDAQ-100_companies,
2018-Q2,MSFT,1,unchanged,wikipedia:Historical_components_of_the_Nasdaq-100+List_of_NASDAQ-100_companies,
2018-Q2,MU,1,unchanged,wikipedia:Historical_components_of_the_Nasdaq-100+List_of_NASDAQ-100_companies,
2018-Q2,MXIM,1,unchanged,wikipedia:Historical_components_of_the_Nasdaq-100+List_of_NASDAQ-100_companies,
2018-Q2,MYL,1,unchanged,wikipedia:Historical_components_of_the_Nasdaq-100+List_of_NASDAQ-100_companies,
2018-Q2,NFLX,1,unchanged,wikipedia:Historical_components_of_the_Nasdaq-100+List_of_NASDAQ-100_companies,
2018-Q2,NLOK,1,unchanged,wikipedia:Historical_components_of_the_Nasdaq-100+List_of_NASDAQ-100_companies,
2018-Q2,NTES,1,unchanged,wikipedia:Historical_components_of_the_Nasdaq-100+List_of_NASDAQ-100_companies,
2018-Q2,NVDA,1,unchanged,wikipedia:Historical_components_of_the_Nasdaq-100+List_of_NASDAQ-100_companies,
2018-Q2,ORLY,1,unchanged,wikipedia:Historical_components_of_the_Nasdaq-100+List_of_NASDAQ-100_companies,
2018-Q2,PAYX,1,unchanged,wikipedia:Historical_components_of_the_Nasdaq-100+List_of_NASDAQ-100_companies,
2018-Q2,PCAR,1,unchanged,wikipedia:Historical_components_of_the_Nasdaq-100+List_of_NASDAQ-100_companies,
2018-Q2,PYPL,1,unchanged,wikipedia:Historical_components_of_the_Nasdaq-100+List_of_NASDAQ-100_companies,
2018-Q2,QCOM,1,unchanged,wikipedia:Historical_components_of_the_Nasdaq-100+List_of_NASDAQ-100_companies,
2018-Q2,QRTEA,1,unchanged,wikipedia:Historical_components_of_the_Nasdaq-100+List_of_NASDAQ-100_companies,
2018-Q2,REGN,1,unchanged,wikipedia:Historical_components_of_the_Nasdaq-100+List_of_NASDAQ-100_companies,
2018-Q2,ROST,1,unchanged,wikipedia:Historical_components_of_the_Nasdaq-100+List_of_NASDAQ-100_companies,
2018-Q2,SBUX,1,unchanged,wikipedia:Historical_components_of_the_Nasdaq-100+List_of_NASDAQ-100_companies,
2018-Q2,SHPG,1,unchanged,wikipedia:Historical_components_of_the_Nasdaq-100+List_of_NASDAQ-100_companies,
2018-Q2,SIRI,1,unchanged,wikipedia:Historical_components_of_the_Nasdaq-100+List_of_NASDAQ-100_companies,
2018-Q2,SNPS,1,unchanged,wikipedia:Historical_components_of_the_Nasdaq-100+List_of_NASDAQ-100_companies,
2018-Q2,STX,1,unchanged,wikipedia:Historical_components_of_the_Nasdaq-100+List_of_NASDAQ-100_companies,
2018-Q2,SWKS,1,unchanged,wikipedia:Historical_components_of_the_Nasdaq-100+List_of_NASDAQ-100_companies,
2018-Q2,TCOM,1,unchanged,wikipedia:Historical_components_of_the_Nasdaq-100+List_of_NASDAQ-100_companies,
2018-Q2,TMUS,1,unchanged,wikipedia:Historical_components_of_the_Nasdaq-100+List_of_NASDAQ-100_companies,
2018-Q2,TSLA,1,unchanged,wikipedia:Historical_components_of_the_Nasdaq-100+List_of_NASDAQ-100_companies,
2018-Q2,TTWO,1,unchanged,wikipedia:Historical_components_of_the_Nasdaq-100+List_of_NASDAQ-100_companies,
2018-Q2,TXN,1,unchanged,wikipedia:Historical_components_of_the_Nasdaq-100+List_of_NASDAQ-100_companies,
2018-Q2,ULTA,1,unchanged,wikipedia:Historical_components_of_the_Nasdaq-100+List_of_NASDAQ-100_companies,
2018-Q2,VOD,1,unchanged,wikipedia:Historical_components_of_the_Nasdaq-100+List_of_NASDAQ-100_companies,
2018-Q2,VRSK,1,unchanged,wikipedia:Historical_components_of_the_Nasdaq-100+List_of_NASDAQ-100_companies,
2018-Q2,VRTX,1,unchanged,wikipedia:Historical_components_of_the_Nasdaq-100+List_of_NASDAQ-100_companies,
2018-Q2,WBA,1,unchanged,wikipedia:Historical_components_of_the_Nasdaq-100+List_of_NASDAQ-100_companies,
2018-Q2,WDAY,1,unchanged,wikipedia:Historical_components_of_the_Nasdaq-100+List_of_NASDAQ-100_companies,
2018-Q2,WDC,1,unchanged,wikipedia:Historical_components_of_the_Nasdaq-100+List_of_NASDAQ-100_companies,
2018-Q2,WYNN,1,unchanged,wikipedia:Historical_components_of_the_Nasdaq-100+List_of_NASDAQ-100_companies,
2018-Q2,XLNX,1,unchanged,wikipedia:Historical_components_of_the_Nasdaq-100+List_of_NASDAQ-100_companies,
2018-Q2,XRAY,1,unchanged,wikipedia:Historical_components_of_the_Nasdaq-100+List_of_NASDAQ-100_companies,
2018-Q3,AAL,1,unchanged,wikipedia:Historical_components_of_the_Nasdaq-100+List_of_NASDAQ-100_companies,
2018-Q3,AAPL,1,unchanged,wikipedia:Historical_components_of_the_Nasdaq-100+List_of_NASDAQ-100_companies,
2018-Q3,ADBE,1,unchanged,wikipedia:Historical_components_of_the_Nasdaq-100+List_of_NASDAQ-100_companies,
2018-Q3,ADI,1,unchanged,wikipedia:Historical_components_of_the_Nasdaq-100+List_of_NASDAQ-100_companies,
2018-Q3,ADP,1,unchanged,wikipedia:Historical_components_of_the_Nasdaq-100+List_of_NASDAQ-100_companies,
2018-Q3,ADSK,1,unchanged,wikipedia:Historical_components_of_the_Nasdaq-100+List_of_NASDAQ-100_companies,
2018-Q3,ALGN,1,unchanged,wikipedia:Historical_components_of_the_Nasdaq-100+List_of_NASDAQ-100_companies,
2018-Q3,ALXN,1,unchanged,wikipedia:Historical_components_of_the_Nasdaq-100+List_of_NASDAQ-100_companies,
2018-Q3,AMAT,1,unchanged,wikipedia:Historical_components_of_the_Nasdaq-100+List_of_NASDAQ-100_companies,
2018-Q3,AMGN,1,unchanged,wikipedia:Historical_components_of_the_Nasdaq-100+List_of_NASDAQ-100_companies,
2018-Q3,AMZN,1,unchanged,wikipedia:Historical_components_of_the_Nasdaq-100+List_of_NASDAQ-100_companies,
2018-Q3,ASML,1,unchanged,wikipedia:Historical_components_of_the_Nasdaq-100+List_of_NASDAQ-100_companies,
2018-Q3,ATVI,1,unchanged,wikipedia:Historical_components_of_the_Nasdaq-100+List_of_NASDAQ-100_companies,
2018-Q3,AVGO,1,unchanged,wikipedia:Historical_components_of_the_Nasdaq-100+List_of_NASDAQ-100_companies,
2018-Q3,BIDU,1,unchanged,wikipedia:Historical_components_of_the_Nasdaq-100+List_of_NASDAQ-100_companies,
2018-Q3,BIIB,1,unchanged,wikipedia:Historical_components_of_the_Nasdaq-100+List_of_NASDAQ-100_companies,
2018-Q3,BKNG,1,unchanged,wikipedia:Historical_components_of_the_Nasdaq-100+List_of_NASDAQ-100_companies,
2018-Q3,BMRN,1,unchanged,wikipedia:Historical_components_of_the_Nasdaq-100+List_of_NASDAQ-100_companies,
2018-Q3,CA,1,unchanged,wikipedia:Historical_components_of_the_Nasdaq-100+List_of_NASDAQ-100_companies,
2018-Q3,CDNS,1,unchanged,wikipedia:Historical_components_of_the_Nasdaq-100+List_of_NASDAQ-100_companies,
2018-Q3,CELG,1,unchanged,wikipedia:Historical_components_of_the_Nasdaq-100+List_of_NASDAQ-100_companies,
2018-Q3,CERN,1,unchanged,wikipedia:Historical_components_of_the_Nasdaq-100+List_of_NASDAQ-100_companies,
2018-Q3,CHKP,1,unchanged,wikipedia:Historical_components_of_the_Nasdaq-100+List_of_NASDAQ-100_companies,
2018-Q3,CHTR,1,unchanged,wikipedia:Historical_components_of_the_Nasdaq-100+List_of_NASDAQ-100_companies,
2018-Q3,CMCSA,1,unchanged,wikipedia:Historical_components_of_the_Nasdaq-100+List_of_NASDAQ-100_companies,
2018-Q3,COST,1,unchanged,wikipedia:Historical_components_of_the_Nasdaq-100+List_of_NASDAQ-100_companies,
2018-Q3,CSCO,1,unchanged,wikipedia:Historical_components_of_the_Nasdaq-100+List_of_NASDAQ-100_companies,
2018-Q3,CSX,1,unchanged,wikipedia:Historical_components_of_the_Nasdaq-100+List_of_NASDAQ-100_companies,
2018-Q3,CTAS,1,unchanged,wikipedia:Historical_components_of_the_Nasdaq-100+List_of_NASDAQ-100_companies,
2018-Q3,CTSH,1,unchanged,wikipedia:Historical_components_of_the_Nasdaq-100+List_of_NASDAQ-100_companies,
2018-Q3,CTXS,1,unchanged,wikipedia:Historical_components_of_the_Nasdaq-100+List_of_NASDAQ-100_companies,
2018-Q3,DLTR,1,unchanged,wikipedia:Historical_components_of_the_Nasdaq-100+List_of_NASDAQ-100_companies,
2018-Q3,EA,1,unchanged,wikipedia:Historical_components_of_the_Nasdaq-100+List_of_NASDAQ-100_companies,
2018-Q3,EBAY,1,unchanged,wikipedia:Historical_components_of_the_Nasdaq-100+List_of_NASDAQ-100_companies,
2018-Q3,ESRX,1,unchanged,wikipedia:Historical_components_of_the_Nasdaq-100+List_of_NASDAQ-100_companies,
2018-Q3,EXPE,1,unchanged,wikipedia:Historical_components_of_the_Nasdaq-100+List_of_NASDAQ-100_companies,
2018-Q3,FAST,1,unchanged,wikipedia:Historical_components_of_the_Nasdaq-100+List_of_NASDAQ-100_companies,
2018-Q3,FI,1,unchanged,wikipedia:Historical_components_of_the_Nasdaq-100+List_of_NASDAQ-100_companies,
2018-Q3,FOX,1,unchanged,wikipedia:Historical_components_of_the_Nasdaq-100+List_of_NASDAQ-100_companies,
2018-Q3,FOXA,1,unchanged,wikipedia:Historical_components_of_the_Nasdaq-100+List_of_NASDAQ-100_companies,
2018-Q3,GILD,1,unchanged,wikipedia:Historical_components_of_the_Nasdaq-100+List_of_NASDAQ-100_companies,
2018-Q3,GOOG,1,unchanged,wikipedia:Historical_components_of_the_Nasdaq-100+List_of_NASDAQ-100_companies,
2018-Q3,GOOGL,1,unchanged,wikipedia:Historical_components_of_the_Nasdaq-100+List_of_NASDAQ-100_companies,
2018-Q3,HAS,1,unchanged,wikipedia:Historical_components_of_the_Nasdaq-100+List_of_NASDAQ-100_companies,
2018-Q3,HOLX,1,unchanged,wikipedia:Historical_components_of_the_Nasdaq-100+List_of_NASDAQ-100_companies,
2018-Q3,HSIC,1,unchanged,wikipedia:Historical_components_of_the_Nasdaq-100+List_of_NASDAQ-100_companies,
2018-Q3,IDXX,1,unchanged,wikipedia:Historical_components_of_the_Nasdaq-100+List_of_NASDAQ-100_companies,
2018-Q3,ILMN,1,unchanged,wikipedia:Historical_components_of_the_Nasdaq-100+List_of_NASDAQ-100_companies,
2018-Q3,INCY,1,unchanged,wikipedia:Historical_components_of_the_Nasdaq-100+List_of_NASDAQ-100_companies,
2018-Q3,INTC,1,unchanged,wikipedia:Historical_components_of_the_Nasdaq-100+List_of_NASDAQ-100_companies,
2018-Q3,INTU,1,unchanged,wikipedia:Historical_components_of_the_Nasdaq-100+List_of_NASDAQ-100_companies,
2018-Q3,ISRG,1,unchanged,wikipedia:Historical_components_of_the_Nasdaq-100+List_of_NASDAQ-100_companies,
2018-Q3,JBHT,1,unchanged,wikipedia:Historical_components_of_the_Nasdaq-100+List_of_NASDAQ-100_companies,
2018-Q3,JD,1,unchanged,wikipedia:Historical_components_of_the_Nasdaq-100+List_of_NASDAQ-100_companies,
2018-Q3,KHC,1,unchanged,wikipedia:Historical_components_of_the_Nasdaq-100+List_of_NASDAQ-100_companies,
2018-Q3,KLAC,1,unchanged,wikipedia:Historical_components_of_the_Nasdaq-100+List_of_NASDAQ-100_companies,
2018-Q3,LBTYA,1,unchanged,wikipedia:Historical_components_of_the_Nasdaq-100+List_of_NASDAQ-100_companies,
2018-Q3,LBTYK,1,unchanged,wikipedia:Historical_components_of_the_Nasdaq-100+List_of_NASDAQ-100_companies,
2018-Q3,LRCX,1,unchanged,wikipedia:Historical_components_of_the_Nasdaq-100+List_of_NASDAQ-100_companies,
2018-Q3,MAR,1,unchanged,wikipedia:Historical_components_of_the_Nasdaq-100+List_of_NASDAQ-100_companies,
2018-Q3,MCHP,1,unchanged,wikipedia:Historical_components_of_the_Nasdaq-100+List_of_NASDAQ-100_companies,
2018-Q3,MDLZ,1,unchanged,wikipedia:Historical_components_of_the_Nasdaq-100+List_of_NASDAQ-100_companies,
2018-Q3,MELI,1,unchanged,wikipedia:Historical_components_of_the_Nasdaq-100+List_of_NASDAQ-100_companies,
2018-Q3,META,1,unchanged,wikipedia:Historical_components_of_the_Nasdaq-100+List_of_NASDAQ-100_companies,
2018-Q3,MNST,1,unchanged,wikipedia:Historical_components_of_the_Nasdaq-100+List_of_NASDAQ-100_companies,
2018-Q3,MSFT,1,unchanged,wikipedia:Historical_components_of_the_Nasdaq-100+List_of_NASDAQ-100_companies,
2018-Q3,MU,1,unchanged,wikipedia:Historical_components_of_the_Nasdaq-100+List_of_NASDAQ-100_companies,
2018-Q3,MXIM,1,unchanged,wikipedia:Historical_components_of_the_Nasdaq-100+List_of_NASDAQ-100_companies,
2018-Q3,MYL,1,unchanged,wikipedia:Historical_components_of_the_Nasdaq-100+List_of_NASDAQ-100_companies,
2018-Q3,NFLX,1,unchanged,wikipedia:Historical_components_of_the_Nasdaq-100+List_of_NASDAQ-100_companies,
2018-Q3,NLOK,1,unchanged,wikipedia:Historical_components_of_the_Nasdaq-100+List_of_NASDAQ-100_companies,
2018-Q3,NTES,1,unchanged,wikipedia:Historical_components_of_the_Nasdaq-100+List_of_NASDAQ-100_companies,
2018-Q3,NVDA,1,unchanged,wikipedia:Historical_components_of_the_Nasdaq-100+List_of_NASDAQ-100_companies,
2018-Q3,ORLY,1,unchanged,wikipedia:Historical_components_of_the_Nasdaq-100+List_of_NASDAQ-100_companies,
2018-Q3,PAYX,1,unchanged,wikipedia:Historical_components_of_the_Nasdaq-100+List_of_NASDAQ-100_companies,
2018-Q3,PCAR,1,unchanged,wikipedia:Historical_components_of_the_Nasdaq-100+List_of_NASDAQ-100_companies,
2018-Q3,PEP,1,added,wikipedia:Historical_components_of_the_Nasdaq-100+List_of_NASDAQ-100_companies,
2018-Q3,PYPL,1,unchanged,wikipedia:Historical_components_of_the_Nasdaq-100+List_of_NASDAQ-100_companies,
2018-Q3,QCOM,1,unchanged,wikipedia:Historical_components_of_the_Nasdaq-100+List_of_NASDAQ-100_companies,
2018-Q3,QRTEA,1,unchanged,wikipedia:Historical_components_of_the_Nasdaq-100+List_of_NASDAQ-100_companies,
2018-Q3,REGN,1,unchanged,wikipedia:Historical_components_of_the_Nasdaq-100+List_of_NASDAQ-100_companies,
2018-Q3,ROST,1,unchanged,wikipedia:Historical_components_of_the_Nasdaq-100+List_of_NASDAQ-100_companies,
2018-Q3,SBUX,1,unchanged,wikipedia:Historical_components_of_the_Nasdaq-100+List_of_NASDAQ-100_companies,
2018-Q3,SHPG,1,unchanged,wikipedia:Historical_components_of_the_Nasdaq-100+List_of_NASDAQ-100_companies,
2018-Q3,SIRI,1,unchanged,wikipedia:Historical_components_of_the_Nasdaq-100+List_of_NASDAQ-100_companies,
2018-Q3,SNPS,1,unchanged,wikipedia:Historical_components_of_the_Nasdaq-100+List_of_NASDAQ-100_companies,
2018-Q3,STX,1,unchanged,wikipedia:Historical_components_of_the_Nasdaq-100+List_of_NASDAQ-100_companies,
2018-Q3,SWKS,1,unchanged,wikipedia:Historical_components_of_the_Nasdaq-100+List_of_NASDAQ-100_companies,
2018-Q3,TCOM,1,unchanged,wikipedia:Historical_components_of_the_Nasdaq-100+List_of_NASDAQ-100_companies,
2018-Q3,TMUS,1,unchanged,wikipedia:Historical_components_of_the_Nasdaq-100+List_of_NASDAQ-100_companies,
2018-Q3,TSLA,1,unchanged,wikipedia:Historical_components_of_the_Nasdaq-100+List_of_NASDAQ-100_companies,
2018-Q3,TTWO,1,unchanged,wikipedia:Historical_components_of_the_Nasdaq-100+List_of_NASDAQ-100_companies,
2018-Q3,TXN,1,unchanged,wikipedia:Historical_components_of_the_Nasdaq-100+List_of_NASDAQ-100_companies,
2018-Q3,ULTA,1,unchanged,wikipedia:Historical_components_of_the_Nasdaq-100+List_of_NASDAQ-100_companies,
2018-Q3,VOD,1,unchanged,wikipedia:Historical_components_of_the_Nasdaq-100+List_of_NASDAQ-100_companies,
2018-Q3,VRSK,1,unchanged,wikipedia:Historical_components_of_the_Nasdaq-100+List_of_NASDAQ-100_companies,
2018-Q3,VRTX,1,unchanged,wikipedia:Historical_components_of_the_Nasdaq-100+List_of_NASDAQ-100_companies,
2018-Q3,WBA,1,unchanged,wikipedia:Historical_components_of_the_Nasdaq-100+List_of_NASDAQ-100_companies,
2018-Q3,WDAY,1,unchanged,wikipedia:Historical_components_of_the_Nasdaq-100+List_of_NASDAQ-100_companies,
2018-Q3,WDC,1,unchanged,wikipedia:Historical_components_of_the_Nasdaq-100+List_of_NASDAQ-100_companies,
2018-Q3,WYNN,1,unchanged,wikipedia:Historical_components_of_the_Nasdaq-100+List_of_NASDAQ-100_companies,
2018-Q3,XLNX,1,unchanged,wikipedia:Historical_components_of_the_Nasdaq-100+List_of_NASDAQ-100_companies,
2018-Q3,XRAY,1,unchanged,wikipedia:Historical_components_of_the_Nasdaq-100+List_of_NASDAQ-100_companies,
2018-Q3,DISH,0,removed,wikipedia:Historical_components_of_the_Nasdaq-100+List_of_NASDAQ-100_companies,
2018-Q4,AAL,1,unchanged,wikipedia:Historical_components_of_the_Nasdaq-100+List_of_NASDAQ-100_companies,
2018-Q4,AAPL,1,unchanged,wikipedia:Historical_components_of_the_Nasdaq-100+List_of_NASDAQ-100_companies,
2018-Q4,ADBE,1,unchanged,wikipedia:Historical_components_of_the_Nasdaq-100+List_of_NASDAQ-100_companies,
2018-Q4,ADI,1,unchanged,wikipedia:Historical_components_of_the_Nasdaq-100+List_of_NASDAQ-100_companies,
2018-Q4,ADP,1,unchanged,wikipedia:Historical_components_of_the_Nasdaq-100+List_of_NASDAQ-100_companies,
2018-Q4,ADSK,1,unchanged,wikipedia:Historical_components_of_the_Nasdaq-100+List_of_NASDAQ-100_companies,
2018-Q4,ALGN,1,unchanged,wikipedia:Historical_components_of_the_Nasdaq-100+List_of_NASDAQ-100_companies,
2018-Q4,ALXN,1,unchanged,wikipedia:Historical_components_of_the_Nasdaq-100+List_of_NASDAQ-100_companies,
2018-Q4,AMAT,1,unchanged,wikipedia:Historical_components_of_the_Nasdaq-100+List_of_NASDAQ-100_companies,
2018-Q4,AMD,1,added,wikipedia:Historical_components_of_the_Nasdaq-100+List_of_NASDAQ-100_companies,
2018-Q4,AMGN,1,unchanged,wikipedia:Historical_components_of_the_Nasdaq-100+List_of_NASDAQ-100_companies,
2018-Q4,AMZN,1,unchanged,wikipedia:Historical_components_of_the_Nasdaq-100+List_of_NASDAQ-100_companies,
2018-Q4,ASML,1,unchanged,wikipedia:Historical_components_of_the_Nasdaq-100+List_of_NASDAQ-100_companies,
2018-Q4,ATVI,1,unchanged,wikipedia:Historical_components_of_the_Nasdaq-100+List_of_NASDAQ-100_companies,
2018-Q4,AVGO,1,unchanged,wikipedia:Historical_components_of_the_Nasdaq-100+List_of_NASDAQ-100_companies,
2018-Q4,BIDU,1,unchanged,wikipedia:Historical_components_of_the_Nasdaq-100+List_of_NASDAQ-100_companies,
2018-Q4,BIIB,1,unchanged,wikipedia:Historical_components_of_the_Nasdaq-100+List_of_NASDAQ-100_companies,
2018-Q4,BKNG,1,unchanged,wikipedia:Historical_components_of_the_Nasdaq-100+List_of_NASDAQ-100_companies,
2018-Q4,BMRN,1,unchanged,wikipedia:Historical_components_of_the_Nasdaq-100+List_of_NASDAQ-100_companies,
2018-Q4,CDNS,1,unchanged,wikipedia:Historical_components_of_the_Nasdaq-100+List_of_NASDAQ-100_companies,
2018-Q4,CELG,1,unchanged,wikipedia:Historical_components_of_the_Nasdaq-100+List_of_NASDAQ-100_companies,
2018-Q4,CERN,1,unchanged,wikipedia:Historical_components_of_the_Nasdaq-100+List_of_NASDAQ-100_companies,
2018-Q4,CHKP,1,unchanged,wikipedia:Historical_components_of_the_Nasdaq-100+List_of_NASDAQ-100_companies,
2018-Q4,CHTR,1,unchanged,wikipedia:Historical_components_of_the_Nasdaq-100+List_of_NASDAQ-100_companies,
2018-Q4,CMCSA,1,unchanged,wikipedia:Historical_components_of_the_Nasdaq-100+List_of_NASDAQ-100_companies,
2018-Q4,COST,1,unchanged,wikipedia:Historical_components_of_the_Nasdaq-100+List_of_NASDAQ-100_companies,
2018-Q4,CSCO,1,unchanged,wikipedia:Historical_components_of_the_Nasdaq-100+List_of_NASDAQ-100_companies,
2018-Q4,CSX,1,unchanged,wikipedia:Historical_components_of_the_Nasdaq-100+List_of_NASDAQ-100_companies,
2018-Q4,CTAS,1,unchanged,wikipedia:Historical_components_of_the_Nasdaq-100+List_of_NASDAQ-100_companies,
2018-Q4,CTSH,1,unchanged,wikipedia:Historical_components_of_the_Nasdaq-100+List_of_NASDAQ-100_companies,
2018-Q4,CTXS,1,unchanged,wikipedia:Historical_components_of_the_Nasdaq-100+List_of_NASDAQ-100_companies,
2018-Q4,DLTR,1,unchanged,wikipedia:Historical_components_of_the_Nasdaq-100+List_of_NASDAQ-100_companies,
2018-Q4,EA,1,unchanged,wikipedia:Historical_components_of_the_Nasdaq-100+List_of_NASDAQ-100_companies,
2018-Q4,EBAY,1,unchanged,wikipedia:Historical_components_of_the_Nasdaq-100+List_of_NASDAQ-100_companies,
2018-Q4,EXPE,1,unchanged,wikipedia:Historical_components_of_the_Nasdaq-100+List_of_NASDAQ-100_companies,
2018-Q4,FAST,1,unchanged,wikipedia:Historical_components_of_the_Nasdaq-100+List_of_NASDAQ-100_companies,
2018-Q4,FI,1,unchanged,wikipedia:Historical_components_of_the_Nasdaq-100+List_of_NASDAQ-100_companies,
2018-Q4,FOX,1,unchanged,wikipedia:Historical_components_of_the_Nasdaq-100+List_of_NASDAQ-100_companies,
2018-Q4,FOXA,1,unchanged,wikipedia:Historical_components_of_the_Nasdaq-100+List_of_NASDAQ-100_companies,
2018-Q4,GILD,1,unchanged,wikipedia:Historical_components_of_the_Nasdaq-100+List_of_NASDAQ-100_companies,
2018-Q4,GOOG,1,unchanged,wikipedia:Historical_components_of_the_Nasdaq-100+List_of_NASDAQ-100_companies,
2018-Q4,GOOGL,1,unchanged,wikipedia:Historical_components_of_the_Nasdaq-100+List_of_NASDAQ-100_companies,
2018-Q4,HAS,1,unchanged,wikipedia:Historical_components_of_the_Nasdaq-100+List_of_NASDAQ-100_companies,
2018-Q4,HSIC,1,unchanged,wikipedia:Historical_components_of_the_Nasdaq-100+List_of_NASDAQ-100_companies,
2018-Q4,IDXX,1,unchanged,wikipedia:Historical_components_of_the_Nasdaq-100+List_of_NASDAQ-100_companies,
2018-Q4,ILMN,1,unchanged,wikipedia:Historical_components_of_the_Nasdaq-100+List_of_NASDAQ-100_companies,
2018-Q4,INCY,1,unchanged,wikipedia:Historical_components_of_the_Nasdaq-100+List_of_NASDAQ-100_companies,
2018-Q4,INTC,1,unchanged,wikipedia:Historical_components_of_the_Nasdaq-100+List_of_NASDAQ-100_companies,
2018-Q4,INTU,1,unchanged,wikipedia:Historical_components_of_the_Nasdaq-100+List_of_NASDAQ-100_companies,
2018-Q4,ISRG,1,unchanged,wikipedia:Historical_components_of_the_Nasdaq-100+List_of_NASDAQ-100_companies,
2018-Q4,JBHT,1,unchanged,wikipedia:Historical_components_of_the_Nasdaq-100+List_of_NASDAQ-100_companies,
2018-Q4,JD,1,unchanged,wikipedia:Historical_components_of_the_Nasdaq-100+List_of_NASDAQ-100_companies,
2018-Q4,KHC,1,unchanged,wikipedia:Historical_components_of_the_Nasdaq-100+List_of_NASDAQ-100_companies,
2018-Q4,KLAC,1,unchanged,wikipedia:Historical_components_of_the_Nasdaq-100+List_of_NASDAQ-100_companies,
2018-Q4,LBTYA,1,unchanged,wikipedia:Historical_components_of_the_Nasdaq-100+List_of_NASDAQ-100_companies,
2018-Q4,LBTYK,1,unchanged,wikipedia:Historical_components_of_the_Nasdaq-100+List_of_NASDAQ-100_companies,
2018-Q4,LRCX,1,unchanged,wikipedia:Historical_components_of_the_Nasdaq-100+List_of_NASDAQ-100_companies,
2018-Q4,LULU,1,added,wikipedia:Historical_components_of_the_Nasdaq-100+List_of_NASDAQ-100_companies,
2018-Q4,MAR,1,unchanged,wikipedia:Historical_components_of_the_Nasdaq-100+List_of_NASDAQ-100_companies,
2018-Q4,MCHP,1,unchanged,wikipedia:Historical_components_of_the_Nasdaq-100+List_of_NASDAQ-100_companies,
2018-Q4,MDLZ,1,unchanged,wikipedia:Historical_components_of_the_Nasdaq-100+List_of_NASDAQ-100_companies,
2018-Q4,MELI,1,unchanged,wikipedia:Historical_components_of_the_Nasdaq-100+List_of_NASDAQ-100_companies,
2018-Q4,META,1,unchanged,wikipedia:Historical_components_of_the_Nasdaq-100+List_of_NASDAQ-100_companies,
2018-Q4,MNST,1,unchanged,wikipedia:Historical_components_of_the_Nasdaq-100+List_of_NASDAQ-100_companies,
2018-Q4,MSFT,1,unchanged,wikipedia:Historical_components_of_the_Nasdaq-100+List_of_NASDAQ-100_companies,
2018-Q4,MU,1,unchanged,wikipedia:Historical_components_of_the_Nasdaq-100+List_of_NASDAQ-100_companies,
2018-Q4,MXIM,1,unchanged,wikipedia:Historical_components_of_the_Nasdaq-100+List_of_NASDAQ-100_companies,
2018-Q4,MYL,1,unchanged,wikipedia:Historical_components_of_the_Nasdaq-100+List_of_NASDAQ-100_companies,
2018-Q4,NFLX,1,unchanged,wikipedia:Historical_components_of_the_Nasdaq-100+List_of_NASDAQ-100_companies,
2018-Q4,NLOK,1,unchanged,wikipedia:Historical_components_of_the_Nasdaq-100+List_of_NASDAQ-100_companies,
2018-Q4,NTAP,1,added,wikipedia:Historical_components_of_the_Nasdaq-100+List_of_NASDAQ-100_companies,
2018-Q4,NTES,1,unchanged,wikipedia:Historical_components_of_the_Nasdaq-100+List_of_NASDAQ-100_companies,
2018-Q4,NVDA,1,unchanged,wikipedia:Historical_components_of_the_Nasdaq-100+List_of_NASDAQ-100_companies,
2018-Q4,NXPI,1,added,wikipedia:Historical_components_of_the_Nasdaq-100+List_of_NASDAQ-100_companies,
2018-Q4,ORLY,1,unchanged,wikipedia:Historical_components_of_the_Nasdaq-100+List_of_NASDAQ-100_companies,
2018-Q4,PAYX,1,unchanged,wikipedia:Historical_components_of_the_Nasdaq-100+List_of_NASDAQ-100_companies,
2018-Q4,PCAR,1,unchanged,wikipedia:Historical_components_of_the_Nasdaq-100+List_of_NASDAQ-100_companies,
2018-Q4,PEP,1,unchanged,wikipedia:Historical_components_of_the_Nasdaq-100+List_of_NASDAQ-100_companies,
2018-Q4,PYPL,1,unchanged,wikipedia:Historical_components_of_the_Nasdaq-100+List_of_NASDAQ-100_companies,
2018-Q4,QCOM,1,unchanged,wikipedia:Historical_components_of_the_Nasdaq-100+List_of_NASDAQ-100_companies,
2018-Q4,REGN,1,unchanged,wikipedia:Historical_components_of_the_Nasdaq-100+List_of_NASDAQ-100_companies,
2018-Q4,ROST,1,unchanged,wikipedia:Historical_components_of_the_Nasdaq-100+List_of_NASDAQ-100_companies,
2018-Q4,SBUX,1,unchanged,wikipedia:Historical_components_of_the_Nasdaq-100+List_of_NASDAQ-100_companies,
2018-Q4,SIRI,1,unchanged,wikipedia:Historical_components_of_the_Nasdaq-100+List_of_NASDAQ-100_companies,
2018-Q4,SNPS,1,unchanged,wikipedia:Historical_components_of_the_Nasdaq-100+List_of_NASDAQ-100_companies,
2018-Q4,SWKS,1,unchanged,wikipedia:Historical_components_of_the_Nasdaq-100+List_of_NASDAQ-100_companies,
2018-Q4,TCOM,1,unchanged,wikipedia:Historical_components_of_the_Nasdaq-100+List_of_NASDAQ-100_companies,
2018-Q4,TMUS,1,unchanged,wikipedia:Historical_components_of_the_Nasdaq-100+List_of_NASDAQ-100_companies,
2018-Q4,TSLA,1,unchanged,wikipedia:Historical_components_of_the_Nasdaq-100+List_of_NASDAQ-100_companies,
2018-Q4,TTWO,1,unchanged,wikipedia:Historical_components_of_the_Nasdaq-100+List_of_NASDAQ-100_companies,
2018-Q4,TXN,1,unchanged,wikipedia:Historical_components_of_the_Nasdaq-100+List_of_NASDAQ-100_companies,
2018-Q4,UAL,1,added,wikipedia:Historical_components_of_the_Nasdaq-100+List_of_NASDAQ-100_companies,
2018-Q4,ULTA,1,unchanged,wikipedia:Historical_components_of_the_Nasdaq-100+List_of_NASDAQ-100_companies,
2018-Q4,VRSK,1,unchanged,wikipedia:Historical_components_of_the_Nasdaq-100+List_of_NASDAQ-100_companies,
2018-Q4,VRSN,1,added,wikipedia:Historical_components_of_the_Nasdaq-100+List_of_NASDAQ-100_companies,
2018-Q4,VRTX,1,unchanged,wikipedia:Historical_components_of_the_Nasdaq-100+List_of_NASDAQ-100_companies,
2018-Q4,WBA,1,unchanged,wikipedia:Historical_components_of_the_Nasdaq-100+List_of_NASDAQ-100_companies,
2018-Q4,WDAY,1,unchanged,wikipedia:Historical_components_of_the_Nasdaq-100+List_of_NASDAQ-100_companies,
2018-Q4,WDC,1,unchanged,wikipedia:Historical_components_of_the_Nasdaq-100+List_of_NASDAQ-100_companies,
2018-Q4,WTW,1,added,wikipedia:Historical_components_of_the_Nasdaq-100+List_of_NASDAQ-100_companies,
2018-Q4,WYNN,1,unchanged,wikipedia:Historical_components_of_the_Nasdaq-100+List_of_NASDAQ-100_companies,
2018-Q4,XEL,1,added,wikipedia:Historical_components_of_the_Nasdaq-100+List_of_NASDAQ-100_companies,
2018-Q4,XLNX,1,unchanged,wikipedia:Historical_components_of_the_Nasdaq-100+List_of_NASDAQ-100_companies,
2018-Q4,CA,0,removed,wikipedia:Historical_components_of_the_Nasdaq-100+List_of_NASDAQ-100_companies,
2018-Q4,ESRX,0,removed,wikipedia:Historical_components_of_the_Nasdaq-100+List_of_NASDAQ-100_companies,
2018-Q4,HOLX,0,removed,wikipedia:Historical_components_of_the_Nasdaq-100+List_of_NASDAQ-100_companies,
2018-Q4,QRTEA,0,removed,wikipedia:Historical_components_of_the_Nasdaq-100+List_of_NASDAQ-100_companies,
2018-Q4,SHPG,0,removed,wikipedia:Historical_components_of_the_Nasdaq-100+List_of_NASDAQ-100_companies,
2018-Q4,STX,0,removed,wikipedia:Historical_components_of_the_Nasdaq-100+List_of_NASDAQ-100_companies,
2018-Q4,VOD,0,removed,wikipedia:Historical_components_of_the_Nasdaq-100+List_of_NASDAQ-100_companies,
2018-Q4,XRAY,0,removed,wikipedia:Historical_components_of_the_Nasdaq-100+List_of_NASDAQ-100_companies,
2019-Q1,AAL,1,unchanged,wikipedia:Historical_components_of_the_Nasdaq-100+List_of_NASDAQ-100_companies,
2019-Q1,AAPL,1,unchanged,wikipedia:Historical_components_of_the_Nasdaq-100+List_of_NASDAQ-100_companies,
2019-Q1,ADBE,1,unchanged,wikipedia:Historical_components_of_the_Nasdaq-100+List_of_NASDAQ-100_companies,
2019-Q1,ADI,1,unchanged,wikipedia:Historical_components_of_the_Nasdaq-100+List_of_NASDAQ-100_companies,
2019-Q1,ADP,1,unchanged,wikipedia:Historical_components_of_the_Nasdaq-100+List_of_NASDAQ-100_companies,
2019-Q1,ADSK,1,unchanged,wikipedia:Historical_components_of_the_Nasdaq-100+List_of_NASDAQ-100_companies,
2019-Q1,ALGN,1,unchanged,wikipedia:Historical_components_of_the_Nasdaq-100+List_of_NASDAQ-100_companies,
2019-Q1,ALXN,1,unchanged,wikipedia:Historical_components_of_the_Nasdaq-100+List_of_NASDAQ-100_companies,
2019-Q1,AMAT,1,unchanged,wikipedia:Historical_components_of_the_Nasdaq-100+List_of_NASDAQ-100_companies,
2019-Q1,AMD,1,unchanged,wikipedia:Historical_components_of_the_Nasdaq-100+List_of_NASDAQ-100_companies,
2019-Q1,AMGN,1,unchanged,wikipedia:Historical_components_of_the_Nasdaq-100+List_of_NASDAQ-100_companies,
2019-Q1,AMZN,1,unchanged,wikipedia:Historical_components_of_the_Nasdaq-100+List_of_NASDAQ-100_companies,
2019-Q1,ASML,1,unchanged,wikipedia:Historical_components_of_the_Nasdaq-100+List_of_NASDAQ-100_companies,
2019-Q1,ATVI,1,unchanged,wikipedia:Historical_components_of_the_Nasdaq-100+List_of_NASDAQ-100_companies,
2019-Q1,AVGO,1,unchanged,wikipedia:Historical_components_of_the_Nasdaq-100+List_of_NASDAQ-100_companies,
2019-Q1,BIDU,1,unchanged,wikipedia:Historical_components_of_the_Nasdaq-100+List_of_NASDAQ-100_companies,
2019-Q1,BIIB,1,unchanged,wikipedia:Historical_components_of_the_Nasdaq-100+List_of_NASDAQ-100_companies,
2019-Q1,BKNG,1,unchanged,wikipedia:Historical_components_of_the_Nasdaq-100+List_of_NASDAQ-100_companies,
2019-Q1,BMRN,1,unchanged,wikipedia:Historical_components_of_the_Nasdaq-100+List_of_NASDAQ-100_companies,
2019-Q1,CDNS,1,unchanged,wikipedia:Historical_components_of_the_Nasdaq-100+List_of_NASDAQ-100_companies,
2019-Q1,CELG,1,unchanged,wikipedia:Historical_components_of_the_Nasdaq-100+List_of_NASDAQ-100_companies,
2019-Q1,CERN,1,unchanged,wikipedia:Historical_components_of_the_Nasdaq-100+List_of_NASDAQ-100_companies,
2019-Q1,CHKP,1,unchanged,wikipedia:Historical_components_of_the_Nasdaq-100+List_of_NASDAQ-100_companies,
2019-Q1,CHTR,1,unchanged,wikipedia:Historical_components_of_the_Nasdaq-100+List_of_NASDAQ-100_companies,
2019-Q1,CMCSA,1,unchanged,wikipedia:Historical_components_of_the_Nasdaq-100+List_of_NASDAQ-100_companies,
2019-Q1,COST,1,unchanged,wikipedia:Historical_components_of_the_Nasdaq-100+List_of_NASDAQ-100_companies,
2019-Q1,CSCO,1,unchanged,wikipedia:Historical_components_of_the_Nasdaq-100+List_of_NASDAQ-100_companies,
2019-Q1,CSX,1,unchanged,wikipedia:Historical_components_of_the_Nasdaq-100+List_of_NASDAQ-100_companies,
2019-Q1,CTAS,1,unchanged,wikipedia:Historical_components_of_the_Nasdaq-100+List_of_NASDAQ-100_companies,
2019-Q1,CTSH,1,unchanged,wikipedia:Historical_components_of_the_Nasdaq-100+List_of_NASDAQ-100_companies,
2019-Q1,CTXS,1,unchanged,wikipedia:Historical_components_of_the_Nasdaq-100+List_of_NASDAQ-100_companies,
2019-Q1,DLTR,1,unchanged,wikipedia:Historical_components_of_the_Nasdaq-100+List_of_NASDAQ-100_companies,
2019-Q1,EA,1,unchanged,wikipedia:Historical_components_of_the_Nasdaq-100+List_of_NASDAQ-100_companies,
2019-Q1,EBAY,1,unchanged,wikipedia:Historical_components_of_the_Nasdaq-100+List_of_NASDAQ-100_companies,
2019-Q1,EXPE,1,unchanged,wikipedia:Historical_components_of_the_Nasdaq-100+List_of_NASDAQ-100_companies,
2019-Q1,FAST,1,unchanged,wikipedia:Historical_components_of_the_Nasdaq-100+List_of_NASDAQ-100_companies,
2019-Q1,FI,1,unchanged,wikipedia:Historical_components_of_the_Nasdaq-100+List_of_NASDAQ-100_companies,
2019-Q1,FOX,1,unchanged,wikipedia:Historical_components_of_the_Nasdaq-100+List_of_NASDAQ-100_companies,
2019-Q1,FOXA,1,unchanged,wikipedia:Historical_components_of_the_Nasdaq-100+List_of_NASDAQ-100_companies,
2019-Q1,GILD,1,unchanged,wikipedia:Historical_components_of_the_Nasdaq-100+List_of_NASDAQ-100_companies,
2019-Q1,GOOG,1,unchanged,wikipedia:Historical_components_of_the_Nasdaq-100+List_of_NASDAQ-100_companies,
2019-Q1,GOOGL,1,unchanged,wikipedia:Historical_components_of_the_Nasdaq-100+List_of_NASDAQ-100_companies,
2019-Q1,HAS,1,unchanged,wikipedia:Historical_components_of_the_Nasdaq-100+List_of_NASDAQ-100_companies,
2019-Q1,HSIC,1,unchanged,wikipedia:Historical_components_of_the_Nasdaq-100+List_of_NASDAQ-100_companies,
2019-Q1,IDXX,1,unchanged,wikipedia:Historical_components_of_the_Nasdaq-100+List_of_NASDAQ-100_companies,
2019-Q1,ILMN,1,unchanged,wikipedia:Historical_components_of_the_Nasdaq-100+List_of_NASDAQ-100_companies,
2019-Q1,INCY,1,unchanged,wikipedia:Historical_components_of_the_Nasdaq-100+List_of_NASDAQ-100_companies,
2019-Q1,INTC,1,unchanged,wikipedia:Historical_components_of_the_Nasdaq-100+List_of_NASDAQ-100_companies,
2019-Q1,INTU,1,unchanged,wikipedia:Historical_components_of_the_Nasdaq-100+List_of_NASDAQ-100_companies,
2019-Q1,ISRG,1,unchanged,wikipedia:Historical_components_of_the_Nasdaq-100+List_of_NASDAQ-100_companies,
2019-Q1,JBHT,1,unchanged,wikipedia:Historical_components_of_the_Nasdaq-100+List_of_NASDAQ-100_companies,
2019-Q1,JD,1,unchanged,wikipedia:Historical_components_of_the_Nasdaq-100+List_of_NASDAQ-100_companies,
2019-Q1,KHC,1,unchanged,wikipedia:Historical_components_of_the_Nasdaq-100+List_of_NASDAQ-100_companies,
2019-Q1,KLAC,1,unchanged,wikipedia:Historical_components_of_the_Nasdaq-100+List_of_NASDAQ-100_companies,
2019-Q1,LBTYA,1,unchanged,wikipedia:Historical_components_of_the_Nasdaq-100+List_of_NASDAQ-100_companies,
2019-Q1,LBTYK,1,unchanged,wikipedia:Historical_components_of_the_Nasdaq-100+List_of_NASDAQ-100_companies,
2019-Q1,LRCX,1,unchanged,wikipedia:Historical_components_of_the_Nasdaq-100+List_of_NASDAQ-100_companies,
2019-Q1,LULU,1,unchanged,wikipedia:Historical_components_of_the_Nasdaq-100+List_of_NASDAQ-100_companies,
2019-Q1,MAR,1,unchanged,wikipedia:Historical_components_of_the_Nasdaq-100+List_of_NASDAQ-100_companies,
2019-Q1,MCHP,1,unchanged,wikipedia:Historical_components_of_the_Nasdaq-100+List_of_NASDAQ-100_companies,
2019-Q1,MDLZ,1,unchanged,wikipedia:Historical_components_of_the_Nasdaq-100+List_of_NASDAQ-100_companies,
2019-Q1,MELI,1,unchanged,wikipedia:Historical_components_of_the_Nasdaq-100+List_of_NASDAQ-100_companies,
2019-Q1,META,1,unchanged,wikipedia:Historical_components_of_the_Nasdaq-100+List_of_NASDAQ-100_companies,
2019-Q1,MNST,1,unchanged,wikipedia:Historical_components_of_the_Nasdaq-100+List_of_NASDAQ-100_companies,
2019-Q1,MSFT,1,unchanged,wikipedia:Historical_components_of_the_Nasdaq-100+List_of_NASDAQ-100_companies,
2019-Q1,MU,1,unchanged,wikipedia:Historical_components_of_the_Nasdaq-100+List_of_NASDAQ-100_companies,
2019-Q1,MXIM,1,unchanged,wikipedia:Historical_components_of_the_Nasdaq-100+List_of_NASDAQ-100_companies,
2019-Q1,MYL,1,unchanged,wikipedia:Historical_components_of_the_Nasdaq-100+List_of_NASDAQ-100_companies,
2019-Q1,NFLX,1,unchanged,wikipedia:Historical_components_of_the_Nasdaq-100+List_of_NASDAQ-100_companies,
2019-Q1,NLOK,1,unchanged,wikipedia:Historical_components_of_the_Nasdaq-100+List_of_NASDAQ-100_companies,
2019-Q1,NTAP,1,unchanged,wikipedia:Historical_components_of_the_Nasdaq-100+List_of_NASDAQ-100_companies,
2019-Q1,NTES,1,unchanged,wikipedia:Historical_components_of_the_Nasdaq-100+List_of_NASDAQ-100_companies,
2019-Q1,NVDA,1,unchanged,wikipedia:Historical_components_of_the_Nasdaq-100+List_of_NASDAQ-100_companies,
2019-Q1,NXPI,1,unchanged,wikipedia:Historical_components_of_the_Nasdaq-100+List_of_NASDAQ-100_companies,
2019-Q1,ORLY,1,unchanged,wikipedia:Historical_components_of_the_Nasdaq-100+List_of_NASDAQ-100_companies,
2019-Q1,PAYX,1,unchanged,wikipedia:Historical_components_of_the_Nasdaq-100+List_of_NASDAQ-100_companies,
2019-Q1,PCAR,1,unchanged,wikipedia:Historical_components_of_the_Nasdaq-100+List_of_NASDAQ-100_companies,
2019-Q1,PEP,1,unchanged,wikipedia:Historical_components_of_the_Nasdaq-100+List_of_NASDAQ-100_companies,
2019-Q1,PYPL,1,unchanged,wikipedia:Historical_components_of_the_Nasdaq-100+List_of_NASDAQ-100_companies,
2019-Q1,QCOM,1,unchanged,wikipedia:Historical_components_of_the_Nasdaq-100+List_of_NASDAQ-100_companies,
2019-Q1,REGN,1,unchanged,wikipedia:Historical_components_of_the_Nasdaq-100+List_of_NASDAQ-100_companies,
2019-Q1,ROST,1,unchanged,wikipedia:Historical_components_of_the_Nasdaq-100+List_of_NASDAQ-100_companies,
2019-Q1,SBUX,1,unchanged,wikipedia:Historical_components_of_the_Nasdaq-100+List_of_NASDAQ-100_companies,
2019-Q1,SIRI,1,unchanged,wikipedia:Historical_components_of_the_Nasdaq-100+List_of_NASDAQ-100_companies,
2019-Q1,SNPS,1,unchanged,wikipedia:Historical_components_of_the_Nasdaq-100+List_of_NASDAQ-100_companies,
2019-Q1,SWKS,1,unchanged,wikipedia:Historical_components_of_the_Nasdaq-100+List_of_NASDAQ-100_companies,
2019-Q1,TCOM,1,unchanged,wikipedia:Historical_components_of_the_Nasdaq-100+List_of_NASDAQ-100_companies,
2019-Q1,TMUS,1,unchanged,wikipedia:Historical_components_of_the_Nasdaq-100+List_of_NASDAQ-100_companies,
2019-Q1,TSLA,1,unchanged,wikipedia:Historical_components_of_the_Nasdaq-100+List_of_NASDAQ-100_companies,
2019-Q1,TTWO,1,unchanged,wikipedia:Historical_components_of_the_Nasdaq-100+List_of_NASDAQ-100_companies,
2019-Q1,TXN,1,unchanged,wikipedia:Historical_components_of_the_Nasdaq-100+List_of_NASDAQ-100_companies,
2019-Q1,UAL,1,unchanged,wikipedia:Historical_components_of_the_Nasdaq-100+List_of_NASDAQ-100_companies,
2019-Q1,ULTA,1,unchanged,wikipedia:Historical_components_of_the_Nasdaq-100+List_of_NASDAQ-100_companies,
2019-Q1,VRSK,1,unchanged,wikipedia:Historical_components_of_the_Nasdaq-100+List_of_NASDAQ-100_companies,
2019-Q1,VRSN,1,unchanged,wikipedia:Historical_components_of_the_Nasdaq-100+List_of_NASDAQ-100_companies,
2019-Q1,VRTX,1,unchanged,wikipedia:Historical_components_of_the_Nasdaq-100+List_of_NASDAQ-100_companies,
2019-Q1,WBA,1,unchanged,wikipedia:Historical_components_of_the_Nasdaq-100+List_of_NASDAQ-100_companies,
2019-Q1,WDAY,1,unchanged,wikipedia:Historical_components_of_the_Nasdaq-100+List_of_NASDAQ-100_companies,
2019-Q1,WDC,1,unchanged,wikipedia:Historical_components_of_the_Nasdaq-100+List_of_NASDAQ-100_companies,
2019-Q1,WTW,1,unchanged,wikipedia:Historical_components_of_the_Nasdaq-100+List_of_NASDAQ-100_companies,
2019-Q1,WYNN,1,unchanged,wikipedia:Historical_components_of_the_Nasdaq-100+List_of_NASDAQ-100_companies,
2019-Q1,XEL,1,unchanged,wikipedia:Historical_components_of_the_Nasdaq-100+List_of_NASDAQ-100_companies,
2019-Q1,XLNX,1,unchanged,wikipedia:Historical_components_of_the_Nasdaq-100+List_of_NASDAQ-100_companies,
2019-Q2,AAL,1,unchanged,wikipedia:Historical_components_of_the_Nasdaq-100+List_of_NASDAQ-100_companies,
2019-Q2,AAPL,1,unchanged,wikipedia:Historical_components_of_the_Nasdaq-100+List_of_NASDAQ-100_companies,
2019-Q2,ADBE,1,unchanged,wikipedia:Historical_components_of_the_Nasdaq-100+List_of_NASDAQ-100_companies,
2019-Q2,ADI,1,unchanged,wikipedia:Historical_components_of_the_Nasdaq-100+List_of_NASDAQ-100_companies,
2019-Q2,ADP,1,unchanged,wikipedia:Historical_components_of_the_Nasdaq-100+List_of_NASDAQ-100_companies,
2019-Q2,ADSK,1,unchanged,wikipedia:Historical_components_of_the_Nasdaq-100+List_of_NASDAQ-100_companies,
2019-Q2,ALGN,1,unchanged,wikipedia:Historical_components_of_the_Nasdaq-100+List_of_NASDAQ-100_companies,
2019-Q2,ALXN,1,unchanged,wikipedia:Historical_components_of_the_Nasdaq-100+List_of_NASDAQ-100_companies,
2019-Q2,AMAT,1,unchanged,wikipedia:Historical_components_of_the_Nasdaq-100+List_of_NASDAQ-100_companies,
2019-Q2,AMD,1,unchanged,wikipedia:Historical_components_of_the_Nasdaq-100+List_of_NASDAQ-100_companies,
2019-Q2,AMGN,1,unchanged,wikipedia:Historical_components_of_the_Nasdaq-100+List_of_NASDAQ-100_companies,
2019-Q2,AMZN,1,unchanged,wikipedia:Historical_components_of_the_Nasdaq-100+List_of_NASDAQ-100_companies,
2019-Q2,ASML,1,unchanged,wikipedia:Historical_components_of_the_Nasdaq-100+List_of_NASDAQ-100_companies,
2019-Q2,ATVI,1,unchanged,wikipedia:Historical_components_of_the_Nasdaq-100+List_of_NASDAQ-100_companies,
2019-Q2,AVGO,1,unchanged,wikipedia:Historical_components_of_the_Nasdaq-100+List_of_NASDAQ-100_companies,
2019-Q2,BIDU,1,unchanged,wikipedia:Historical_components_of_the_Nasdaq-100+List_of_NASDAQ-100_companies,
2019-Q2,BIIB,1,unchanged,wikipedia:Historical_components_of_the_Nasdaq-100+List_of_NASDAQ-100_companies,
2019-Q2,BKNG,1,unchanged,wikipedia:Historical_components_of_the_Nasdaq-100+List_of_NASDAQ-100_companies,
2019-Q2,BMRN,1,unchanged,wikipedia:Historical_components_of_the_Nasdaq-100+List_of_NASDAQ-100_companies,
2019-Q2,CDNS,1,unchanged,wikipedia:Historical_components_of_the_Nasdaq-100+List_of_NASDAQ-100_companies,
2019-Q2,CELG,1,unchanged,wikipedia:Historical_components_of_the_Nasdaq-100+List_of_NASDAQ-100_companies,
2019-Q2,CERN,1,unchanged,wikipedia:Historical_components_of_the_Nasdaq-100+List_of_NASDAQ-100_companies,
2019-Q2,CHKP,1,unchanged,wikipedia:Historical_components_of_the_Nasdaq-100+List_of_NASDAQ-100_companies,
2019-Q2,CHTR,1,unchanged,wikipedia:Historical_components_of_the_Nasdaq-100+List_of_NASDAQ-100_companies,
2019-Q2,CMCSA,1,unchanged,wikipedia:Historical_components_of_the_Nasdaq-100+List_of_NASDAQ-100_companies,
2019-Q2,COST,1,unchanged,wikipedia:Historical_components_of_the_Nasdaq-100+List_of_NASDAQ-100_companies,
2019-Q2,CSCO,1,unchanged,wikipedia:Historical_components_of_the_Nasdaq-100+List_of_NASDAQ-100_companies,
2019-Q2,CSX,1,unchanged,wikipedia:Historical_components_of_the_Nasdaq-100+List_of_NASDAQ-100_companies,
2019-Q2,CTAS,1,unchanged,wikipedia:Historical_components_of_the_Nasdaq-100+List_of_NASDAQ-100_companies,
2019-Q2,CTSH,1,unchanged,wikipedia:Historical_components_of_the_Nasdaq-100+List_of_NASDAQ-100_companies,
2019-Q2,CTXS,1,unchanged,wikipedia:Historical_components_of_the_Nasdaq-100+List_of_NASDAQ-100_companies,
2019-Q2,DLTR,1,unchanged,wikipedia:Historical_components_of_the_Nasdaq-100+List_of_NASDAQ-100_companies,
2019-Q2,EA,1,unchanged,wikipedia:Historical_components_of_the_Nasdaq-100+List_of_NASDAQ-100_companies,
2019-Q2,EBAY,1,unchanged,wikipedia:Historical_components_of_the_Nasdaq-100+List_of_NASDAQ-100_companies,
2019-Q2,EXPE,1,unchanged,wikipedia:Historical_components_of_the_Nasdaq-100+List_of_NASDAQ-100_companies,
2019-Q2,FAST,1,unchanged,wikipedia:Historical_components_of_the_Nasdaq-100+List_of_NASDAQ-100_companies,
2019-Q2,FI,1,unchanged,wikipedia:Historical_components_of_the_Nasdaq-100+List_of_NASDAQ-100_companies,
2019-Q2,FOX,1,unchanged,wikipedia:Historical_components_of_the_Nasdaq-100+List_of_NASDAQ-100_companies,
2019-Q2,FOXA,1,unchanged,wikipedia:Historical_components_of_the_Nasdaq-100+List_of_NASDAQ-100_companies,
2019-Q2,GILD,1,unchanged,wikipedia:Historical_components_of_the_Nasdaq-100+List_of_NASDAQ-100_companies,
2019-Q2,GOOG,1,unchanged,wikipedia:Historical_components_of_the_Nasdaq-100+List_of_NASDAQ-100_companies,
2019-Q2,GOOGL,1,unchanged,wikipedia:Historical_components_of_the_Nasdaq-100+List_of_NASDAQ-100_companies,
2019-Q2,HAS,1,unchanged,wikipedia:Historical_components_of_the_Nasdaq-100+List_of_NASDAQ-100_companies,
2019-Q2,HSIC,1,unchanged,wikipedia:Historical_components_of_the_Nasdaq-100+List_of_NASDAQ-100_companies,
2019-Q2,IDXX,1,unchanged,wikipedia:Historical_components_of_the_Nasdaq-100+List_of_NASDAQ-100_companies,
2019-Q2,ILMN,1,unchanged,wikipedia:Historical_components_of_the_Nasdaq-100+List_of_NASDAQ-100_companies,
2019-Q2,INCY,1,unchanged,wikipedia:Historical_components_of_the_Nasdaq-100+List_of_NASDAQ-100_companies,
2019-Q2,INTC,1,unchanged,wikipedia:Historical_components_of_the_Nasdaq-100+List_of_NASDAQ-100_companies,
2019-Q2,INTU,1,unchanged,wikipedia:Historical_components_of_the_Nasdaq-100+List_of_NASDAQ-100_companies,
2019-Q2,ISRG,1,unchanged,wikipedia:Historical_components_of_the_Nasdaq-100+List_of_NASDAQ-100_companies,
2019-Q2,JBHT,1,unchanged,wikipedia:Historical_components_of_the_Nasdaq-100+List_of_NASDAQ-100_companies,
2019-Q2,JD,1,unchanged,wikipedia:Historical_components_of_the_Nasdaq-100+List_of_NASDAQ-100_companies,
2019-Q2,KHC,1,unchanged,wikipedia:Historical_components_of_the_Nasdaq-100+List_of_NASDAQ-100_companies,
2019-Q2,KLAC,1,unchanged,wikipedia:Historical_components_of_the_Nasdaq-100+List_of_NASDAQ-100_companies,
2019-Q2,LBTYA,1,unchanged,wikipedia:Historical_components_of_the_Nasdaq-100+List_of_NASDAQ-100_companies,
2019-Q2,LBTYK,1,unchanged,wikipedia:Historical_components_of_the_Nasdaq-100+List_of_NASDAQ-100_companies,
2019-Q2,LRCX,1,unchanged,wikipedia:Historical_components_of_the_Nasdaq-100+List_of_NASDAQ-100_companies,
2019-Q2,LULU,1,unchanged,wikipedia:Historical_components_of_the_Nasdaq-100+List_of_NASDAQ-100_companies,
2019-Q2,MAR,1,unchanged,wikipedia:Historical_components_of_the_Nasdaq-100+List_of_NASDAQ-100_companies,
2019-Q2,MCHP,1,unchanged,wikipedia:Historical_components_of_the_Nasdaq-100+List_of_NASDAQ-100_companies,
2019-Q2,MDLZ,1,unchanged,wikipedia:Historical_components_of_the_Nasdaq-100+List_of_NASDAQ-100_companies,
2019-Q2,MELI,1,unchanged,wikipedia:Historical_components_of_the_Nasdaq-100+List_of_NASDAQ-100_companies,
2019-Q2,META,1,unchanged,wikipedia:Historical_components_of_the_Nasdaq-100+List_of_NASDAQ-100_companies,
2019-Q2,MNST,1,unchanged,wikipedia:Historical_components_of_the_Nasdaq-100+List_of_NASDAQ-100_companies,
2019-Q2,MSFT,1,unchanged,wikipedia:Historical_components_of_the_Nasdaq-100+List_of_NASDAQ-100_companies,
2019-Q2,MU,1,unchanged,wikipedia:Historical_components_of_the_Nasdaq-100+List_of_NASDAQ-100_companies,
2019-Q2,MXIM,1,unchanged,wikipedia:Historical_components_of_the_Nasdaq-100+List_of_NASDAQ-100_companies,
2019-Q2,MYL,1,unchanged,wikipedia:Historical_components_of_the_Nasdaq-100+List_of_NASDAQ-100_companies,
2019-Q2,NFLX,1,unchanged,wikipedia:Historical_components_of_the_Nasdaq-100+List_of_NASDAQ-100_companies,
2019-Q2,NLOK,1,unchanged,wikipedia:Historical_components_of_the_Nasdaq-100+List_of_NASDAQ-100_companies,
2019-Q2,NTAP,1,unchanged,wikipedia:Historical_components_of_the_Nasdaq-100+List_of_NASDAQ-100_companies,
2019-Q2,NTES,1,unchanged,wikipedia:Historical_components_of_the_Nasdaq-100+List_of_NASDAQ-100_companies,
2019-Q2,NVDA,1,unchanged,wikipedia:Historical_components_of_the_Nasdaq-100+List_of_NASDAQ-100_companies,
2019-Q2,NXPI,1,unchanged,wikipedia:Historical_components_of_the_Nasdaq-100+List_of_NASDAQ-100_companies,
2019-Q2,ORLY,1,unchanged,wikipedia:Historical_components_of_the_Nasdaq-100+List_of_NASDAQ-100_companies,
2019-Q2,PAYX,1,unchanged,wikipedia:Historical_components_of_the_Nasdaq-100+List_of_NASDAQ-100_companies,
2019-Q2,PCAR,1,unchanged,wikipedia:Historical_components_of_the_Nasdaq-100+List_of_NASDAQ-100_companies,
2019-Q2,PEP,1,unchanged,wikipedia:Historical_components_of_the_Nasdaq-100+List_of_NASDAQ-100_companies,
2019-Q2,PYPL,1,unchanged,wikipedia:Historical_components_of_the_Nasdaq-100+List_of_NASDAQ-100_companies,
2019-Q2,QCOM,1,unchanged,wikipedia:Historical_components_of_the_Nasdaq-100+List_of_NASDAQ-100_companies,
2019-Q2,REGN,1,unchanged,wikipedia:Historical_components_of_the_Nasdaq-100+List_of_NASDAQ-100_companies,
2019-Q2,ROST,1,unchanged,wikipedia:Historical_components_of_the_Nasdaq-100+List_of_NASDAQ-100_companies,
2019-Q2,SBUX,1,unchanged,wikipedia:Historical_components_of_the_Nasdaq-100+List_of_NASDAQ-100_companies,
2019-Q2,SIRI,1,unchanged,wikipedia:Historical_components_of_the_Nasdaq-100+List_of_NASDAQ-100_companies,
2019-Q2,SNPS,1,unchanged,wikipedia:Historical_components_of_the_Nasdaq-100+List_of_NASDAQ-100_companies,
2019-Q2,SWKS,1,unchanged,wikipedia:Historical_components_of_the_Nasdaq-100+List_of_NASDAQ-100_companies,
2019-Q2,TCOM,1,unchanged,wikipedia:Historical_components_of_the_Nasdaq-100+List_of_NASDAQ-100_companies,
2019-Q2,TMUS,1,unchanged,wikipedia:Historical_components_of_the_Nasdaq-100+List_of_NASDAQ-100_companies,
2019-Q2,TSLA,1,unchanged,wikipedia:Historical_components_of_the_Nasdaq-100+List_of_NASDAQ-100_companies,
2019-Q2,TTWO,1,unchanged,wikipedia:Historical_components_of_the_Nasdaq-100+List_of_NASDAQ-100_companies,
2019-Q2,TXN,1,unchanged,wikipedia:Historical_components_of_the_Nasdaq-100+List_of_NASDAQ-100_companies,
2019-Q2,UAL,1,unchanged,wikipedia:Historical_components_of_the_Nasdaq-100+List_of_NASDAQ-100_companies,
2019-Q2,ULTA,1,unchanged,wikipedia:Historical_components_of_the_Nasdaq-100+List_of_NASDAQ-100_companies,
2019-Q2,VRSK,1,unchanged,wikipedia:Historical_components_of_the_Nasdaq-100+List_of_NASDAQ-100_companies,
2019-Q2,VRSN,1,unchanged,wikipedia:Historical_components_of_the_Nasdaq-100+List_of_NASDAQ-100_companies,
2019-Q2,VRTX,1,unchanged,wikipedia:Historical_components_of_the_Nasdaq-100+List_of_NASDAQ-100_companies,
2019-Q2,WBA,1,unchanged,wikipedia:Historical_components_of_the_Nasdaq-100+List_of_NASDAQ-100_companies,
2019-Q2,WDAY,1,unchanged,wikipedia:Historical_components_of_the_Nasdaq-100+List_of_NASDAQ-100_companies,
2019-Q2,WDC,1,unchanged,wikipedia:Historical_components_of_the_Nasdaq-100+List_of_NASDAQ-100_companies,
2019-Q2,WTW,1,unchanged,wikipedia:Historical_components_of_the_Nasdaq-100+List_of_NASDAQ-100_companies,
2019-Q2,WYNN,1,unchanged,wikipedia:Historical_components_of_the_Nasdaq-100+List_of_NASDAQ-100_companies,
2019-Q2,XEL,1,unchanged,wikipedia:Historical_components_of_the_Nasdaq-100+List_of_NASDAQ-100_companies,
2019-Q2,XLNX,1,unchanged,wikipedia:Historical_components_of_the_Nasdaq-100+List_of_NASDAQ-100_companies,
2019-Q3,AAL,1,unchanged,wikipedia:Historical_components_of_the_Nasdaq-100+List_of_NASDAQ-100_companies,
2019-Q3,AAPL,1,unchanged,wikipedia:Historical_components_of_the_Nasdaq-100+List_of_NASDAQ-100_companies,
2019-Q3,ADBE,1,unchanged,wikipedia:Historical_components_of_the_Nasdaq-100+List_of_NASDAQ-100_companies,
2019-Q3,ADI,1,unchanged,wikipedia:Historical_components_of_the_Nasdaq-100+List_of_NASDAQ-100_companies,
2019-Q3,ADP,1,unchanged,wikipedia:Historical_components_of_the_Nasdaq-100+List_of_NASDAQ-100_companies,
2019-Q3,ADSK,1,unchanged,wikipedia:Historical_components_of_the_Nasdaq-100+List_of_NASDAQ-100_companies,
2019-Q3,ALGN,1,unchanged,wikipedia:Historical_components_of_the_Nasdaq-100+List_of_NASDAQ-100_companies,
2019-Q3,ALXN,1,unchanged,wikipedia:Historical_components_of_the_Nasdaq-100+List_of_NASDAQ-100_companies,
2019-Q3,AMAT,1,unchanged,wikipedia:Historical_components_of_the_Nasdaq-100+List_of_NASDAQ-100_companies,
2019-Q3,AMD,1,unchanged,wikipedia:Historical_components_of_the_Nasdaq-100+List_of_NASDAQ-100_companies,
2019-Q3,AMGN,1,unchanged,wikipedia:Historical_components_of_the_Nasdaq-100+List_of_NASDAQ-100_companies,
2019-Q3,AMZN,1,unchanged,wikipedia:Historical_components_of_the_Nasdaq-100+List_of_NASDAQ-100_companies,
2019-Q3,ASML,1,unchanged,wikipedia:Historical_components_of_the_Nasdaq-100+List_of_NASDAQ-100_companies,
2019-Q3,ATVI,1,unchanged,wikipedia:Historical_components_of_the_Nasdaq-100+List_of_NASDAQ-100_companies,
2019-Q3,AVGO,1,unchanged,wikipedia:Historical_components_of_the_Nasdaq-100+List_of_NASDAQ-100_companies,
2019-Q3,BIDU,1,unchanged,wikipedia:Historical_components_of_the_Nasdaq-100+List_of_NASDAQ-100_companies,
2019-Q3,BIIB,1,unchanged,wikipedia:Historical_components_of_the_Nasdaq-100+List_of_NASDAQ-100_companies,
2019-Q3,BKNG,1,unchanged,wikipedia:Historical_components_of_the_Nasdaq-100+List_of_NASDAQ-100_companies,
2019-Q3,BMRN,1,unchanged,wikipedia:Historical_components_of_the_Nasdaq-100+List_of_NASDAQ-100_companies,
2019-Q3,CDNS,1,unchanged,wikipedia:Historical_components_of_the_Nasdaq-100+List_of_NASDAQ-100_companies,
2019-Q3,CELG,1,unchanged,wikipedia:Historical_components_of_the_Nasdaq-100+List_of_NASDAQ-100_companies,
2019-Q3,CERN,1,unchanged,wikipedia:Historical_components_of_the_Nasdaq-100+List_of_NASDAQ-100_companies,
2019-Q3,CHKP,1,unchanged,wikipedia:Historical_components_of_the_Nasdaq-100+List_of_NASDAQ-100_companies,
2019-Q3,CHTR,1,unchanged,wikipedia:Historical_components_of_the_Nasdaq-100+List_of_NASDAQ-100_companies,
2019-Q3,CMCSA,1,unchanged,wikipedia:Historical_components_of_the_Nasdaq-100+List_of_NASDAQ-100_companies,
2019-Q3,COST,1,unchanged,wikipedia:Historical_components_of_the_Nasdaq-100+List_of_NASDAQ-100_companies,
2019-Q3,CSCO,1,unchanged,wikipedia:Historical_components_of_the_Nasdaq-100+List_of_NASDAQ-100_companies,
2019-Q3,CSX,1,unchanged,wikipedia:Historical_components_of_the_Nasdaq-100+List_of_NASDAQ-100_companies,
2019-Q3,CTAS,1,unchanged,wikipedia:Historical_components_of_the_Nasdaq-100+List_of_NASDAQ-100_companies,
2019-Q3,CTSH,1,unchanged,wikipedia:Historical_components_of_the_Nasdaq-100+List_of_NASDAQ-100_companies,
2019-Q3,CTXS,1,unchanged,wikipedia:Historical_components_of_the_Nasdaq-100+List_of_NASDAQ-100_companies,
2019-Q3,DLTR,1,unchanged,wikipedia:Historical_components_of_the_Nasdaq-100+List_of_NASDAQ-100_companies,
2019-Q3,EA,1,unchanged,wikipedia:Historical_components_of_the_Nasdaq-100+List_of_NASDAQ-100_companies,
2019-Q3,EBAY,1,unchanged,wikipedia:Historical_components_of_the_Nasdaq-100+List_of_NASDAQ-100_companies,
2019-Q3,EXPE,1,unchanged,wikipedia:Historical_components_of_the_Nasdaq-100+List_of_NASDAQ-100_companies,
2019-Q3,FAST,1,unchanged,wikipedia:Historical_components_of_the_Nasdaq-100+List_of_NASDAQ-100_companies,
2019-Q3,FI,1,unchanged,wikipedia:Historical_components_of_the_Nasdaq-100+List_of_NASDAQ-100_companies,
2019-Q3,FOX,1,unchanged,wikipedia:Historical_components_of_the_Nasdaq-100+List_of_NASDAQ-100_companies,
2019-Q3,FOXA,1,unchanged,wikipedia:Historical_components_of_the_Nasdaq-100+List_of_NASDAQ-100_companies,
2019-Q3,GILD,1,unchanged,wikipedia:Historical_components_of_the_Nasdaq-100+List_of_NASDAQ-100_companies,
2019-Q3,GOOG,1,unchanged,wikipedia:Historical_components_of_the_Nasdaq-100+List_of_NASDAQ-100_companies,
2019-Q3,GOOGL,1,unchanged,wikipedia:Historical_components_of_the_Nasdaq-100+List_of_NASDAQ-100_companies,
2019-Q3,HAS,1,unchanged,wikipedia:Historical_components_of_the_Nasdaq-100+List_of_NASDAQ-100_companies,
2019-Q3,HSIC,1,unchanged,wikipedia:Historical_components_of_the_Nasdaq-100+List_of_NASDAQ-100_companies,
2019-Q3,IDXX,1,unchanged,wikipedia:Historical_components_of_the_Nasdaq-100+List_of_NASDAQ-100_companies,
2019-Q3,ILMN,1,unchanged,wikipedia:Historical_components_of_the_Nasdaq-100+List_of_NASDAQ-100_companies,
2019-Q3,INCY,1,unchanged,wikipedia:Historical_components_of_the_Nasdaq-100+List_of_NASDAQ-100_companies,
2019-Q3,INTC,1,unchanged,wikipedia:Historical_components_of_the_Nasdaq-100+List_of_NASDAQ-100_companies,
2019-Q3,INTU,1,unchanged,wikipedia:Historical_components_of_the_Nasdaq-100+List_of_NASDAQ-100_companies,
2019-Q3,ISRG,1,unchanged,wikipedia:Historical_components_of_the_Nasdaq-100+List_of_NASDAQ-100_companies,
2019-Q3,JBHT,1,unchanged,wikipedia:Historical_components_of_the_Nasdaq-100+List_of_NASDAQ-100_companies,
2019-Q3,JD,1,unchanged,wikipedia:Historical_components_of_the_Nasdaq-100+List_of_NASDAQ-100_companies,
2019-Q3,KHC,1,unchanged,wikipedia:Historical_components_of_the_Nasdaq-100+List_of_NASDAQ-100_companies,
2019-Q3,KLAC,1,unchanged,wikipedia:Historical_components_of_the_Nasdaq-100+List_of_NASDAQ-100_companies,
2019-Q3,LBTYA,1,unchanged,wikipedia:Historical_components_of_the_Nasdaq-100+List_of_NASDAQ-100_companies,
2019-Q3,LBTYK,1,unchanged,wikipedia:Historical_components_of_the_Nasdaq-100+List_of_NASDAQ-100_companies,
2019-Q3,LRCX,1,unchanged,wikipedia:Historical_components_of_the_Nasdaq-100+List_of_NASDAQ-100_companies,
2019-Q3,LULU,1,unchanged,wikipedia:Historical_components_of_the_Nasdaq-100+List_of_NASDAQ-100_companies,
2019-Q3,MAR,1,unchanged,wikipedia:Historical_components_of_the_Nasdaq-100+List_of_NASDAQ-100_companies,
2019-Q3,MCHP,1,unchanged,wikipedia:Historical_components_of_the_Nasdaq-100+List_of_NASDAQ-100_companies,
2019-Q3,MDLZ,1,unchanged,wikipedia:Historical_components_of_the_Nasdaq-100+List_of_NASDAQ-100_companies,
2019-Q3,MELI,1,unchanged,wikipedia:Historical_components_of_the_Nasdaq-100+List_of_NASDAQ-100_companies,
2019-Q3,META,1,unchanged,wikipedia:Historical_components_of_the_Nasdaq-100+List_of_NASDAQ-100_companies,
2019-Q3,MNST,1,unchanged,wikipedia:Historical_components_of_the_Nasdaq-100+List_of_NASDAQ-100_companies,
2019-Q3,MSFT,1,unchanged,wikipedia:Historical_components_of_the_Nasdaq-100+List_of_NASDAQ-100_companies,
2019-Q3,MU,1,unchanged,wikipedia:Historical_components_of_the_Nasdaq-100+List_of_NASDAQ-100_companies,
2019-Q3,MXIM,1,unchanged,wikipedia:Historical_components_of_the_Nasdaq-100+List_of_NASDAQ-100_companies,
2019-Q3,MYL,1,unchanged,wikipedia:Historical_components_of_the_Nasdaq-100+List_of_NASDAQ-100_companies,
2019-Q3,NFLX,1,unchanged,wikipedia:Historical_components_of_the_Nasdaq-100+List_of_NASDAQ-100_companies,
2019-Q3,NLOK,1,unchanged,wikipedia:Historical_components_of_the_Nasdaq-100+List_of_NASDAQ-100_companies,
2019-Q3,NTAP,1,unchanged,wikipedia:Historical_components_of_the_Nasdaq-100+List_of_NASDAQ-100_companies,
2019-Q3,NTES,1,unchanged,wikipedia:Historical_components_of_the_Nasdaq-100+List_of_NASDAQ-100_companies,
2019-Q3,NVDA,1,unchanged,wikipedia:Historical_components_of_the_Nasdaq-100+List_of_NASDAQ-100_companies,
2019-Q3,NXPI,1,unchanged,wikipedia:Historical_components_of_the_Nasdaq-100+List_of_NASDAQ-100_companies,
2019-Q3,ORLY,1,unchanged,wikipedia:Historical_components_of_the_Nasdaq-100+List_of_NASDAQ-100_companies,
2019-Q3,PAYX,1,unchanged,wikipedia:Historical_components_of_the_Nasdaq-100+List_of_NASDAQ-100_companies,
2019-Q3,PCAR,1,unchanged,wikipedia:Historical_components_of_the_Nasdaq-100+List_of_NASDAQ-100_companies,
2019-Q3,PEP,1,unchanged,wikipedia:Historical_components_of_the_Nasdaq-100+List_of_NASDAQ-100_companies,
2019-Q3,PYPL,1,unchanged,wikipedia:Historical_components_of_the_Nasdaq-100+List_of_NASDAQ-100_companies,
2019-Q3,QCOM,1,unchanged,wikipedia:Historical_components_of_the_Nasdaq-100+List_of_NASDAQ-100_companies,
2019-Q3,REGN,1,unchanged,wikipedia:Historical_components_of_the_Nasdaq-100+List_of_NASDAQ-100_companies,
2019-Q3,ROST,1,unchanged,wikipedia:Historical_components_of_the_Nasdaq-100+List_of_NASDAQ-100_companies,
2019-Q3,SBUX,1,unchanged,wikipedia:Historical_components_of_the_Nasdaq-100+List_of_NASDAQ-100_companies,
2019-Q3,SIRI,1,unchanged,wikipedia:Historical_components_of_the_Nasdaq-100+List_of_NASDAQ-100_companies,
2019-Q3,SNPS,1,unchanged,wikipedia:Historical_components_of_the_Nasdaq-100+List_of_NASDAQ-100_companies,
2019-Q3,SWKS,1,unchanged,wikipedia:Historical_components_of_the_Nasdaq-100+List_of_NASDAQ-100_companies,
2019-Q3,TCOM,1,unchanged,wikipedia:Historical_components_of_the_Nasdaq-100+List_of_NASDAQ-100_companies,
2019-Q3,TMUS,1,unchanged,wikipedia:Historical_components_of_the_Nasdaq-100+List_of_NASDAQ-100_companies,
2019-Q3,TSLA,1,unchanged,wikipedia:Historical_components_of_the_Nasdaq-100+List_of_NASDAQ-100_companies,
2019-Q3,TTWO,1,unchanged,wikipedia:Historical_components_of_the_Nasdaq-100+List_of_NASDAQ-100_companies,
2019-Q3,TXN,1,unchanged,wikipedia:Historical_components_of_the_Nasdaq-100+List_of_NASDAQ-100_companies,
2019-Q3,UAL,1,unchanged,wikipedia:Historical_components_of_the_Nasdaq-100+List_of_NASDAQ-100_companies,
2019-Q3,ULTA,1,unchanged,wikipedia:Historical_components_of_the_Nasdaq-100+List_of_NASDAQ-100_companies,
2019-Q3,VRSK,1,unchanged,wikipedia:Historical_components_of_the_Nasdaq-100+List_of_NASDAQ-100_companies,
2019-Q3,VRSN,1,unchanged,wikipedia:Historical_components_of_the_Nasdaq-100+List_of_NASDAQ-100_companies,
2019-Q3,VRTX,1,unchanged,wikipedia:Historical_components_of_the_Nasdaq-100+List_of_NASDAQ-100_companies,
2019-Q3,WBA,1,unchanged,wikipedia:Historical_components_of_the_Nasdaq-100+List_of_NASDAQ-100_companies,
2019-Q3,WDAY,1,unchanged,wikipedia:Historical_components_of_the_Nasdaq-100+List_of_NASDAQ-100_companies,
2019-Q3,WDC,1,unchanged,wikipedia:Historical_components_of_the_Nasdaq-100+List_of_NASDAQ-100_companies,
2019-Q3,WTW,1,unchanged,wikipedia:Historical_components_of_the_Nasdaq-100+List_of_NASDAQ-100_companies,
2019-Q3,WYNN,1,unchanged,wikipedia:Historical_components_of_the_Nasdaq-100+List_of_NASDAQ-100_companies,
2019-Q3,XEL,1,unchanged,wikipedia:Historical_components_of_the_Nasdaq-100+List_of_NASDAQ-100_companies,
2019-Q3,XLNX,1,unchanged,wikipedia:Historical_components_of_the_Nasdaq-100+List_of_NASDAQ-100_companies,
2019-Q4,AAL,1,unchanged,wikipedia:Historical_components_of_the_Nasdaq-100+List_of_NASDAQ-100_companies,
2019-Q4,AAPL,1,unchanged,wikipedia:Historical_components_of_the_Nasdaq-100+List_of_NASDAQ-100_companies,
2019-Q4,ADBE,1,unchanged,wikipedia:Historical_components_of_the_Nasdaq-100+List_of_NASDAQ-100_companies,
2019-Q4,ADI,1,unchanged,wikipedia:Historical_components_of_the_Nasdaq-100+List_of_NASDAQ-100_companies,
2019-Q4,ADP,1,unchanged,wikipedia:Historical_components_of_the_Nasdaq-100+List_of_NASDAQ-100_companies,
2019-Q4,ADSK,1,unchanged,wikipedia:Historical_components_of_the_Nasdaq-100+List_of_NASDAQ-100_companies,
2019-Q4,ALGN,1,unchanged,wikipedia:Historical_components_of_the_Nasdaq-100+List_of_NASDAQ-100_companies,
2019-Q4,ALXN,1,unchanged,wikipedia:Historical_components_of_the_Nasdaq-100+List_of_NASDAQ-100_companies,
2019-Q4,AMAT,1,unchanged,wikipedia:Historical_components_of_the_Nasdaq-100+List_of_NASDAQ-100_companies,
2019-Q4,AMD,1,unchanged,wikipedia:Historical_components_of_the_Nasdaq-100+List_of_NASDAQ-100_companies,
2019-Q4,AMGN,1,unchanged,wikipedia:Historical_components_of_the_Nasdaq-100+List_of_NASDAQ-100_companies,
2019-Q4,AMZN,1,unchanged,wikipedia:Historical_components_of_the_Nasdaq-100+List_of_NASDAQ-100_companies,
2019-Q4,ANSS,1,added,wikipedia:Historical_components_of_the_Nasdaq-100+List_of_NASDAQ-100_companies,
2019-Q4,ASML,1,unchanged,wikipedia:Historical_components_of_the_Nasdaq-100+List_of_NASDAQ-100_companies,
2019-Q4,ATVI,1,unchanged,wikipedia:Historical_components_of_the_Nasdaq-100+List_of_NASDAQ-100_companies,
2019-Q4,AVGO,1,unchanged,wikipedia:Historical_components_of_the_Nasdaq-100+List_of_NASDAQ-100_companies,
2019-Q4,BIDU,1,unchanged,wikipedia:Historical_components_of_the_Nasdaq-100+List_of_NASDAQ-100_companies,
2019-Q4,BIIB,1,unchanged,wikipedia:Historical_components_of_the_Nasdaq-100+List_of_NASDAQ-100_companies,
2019-Q4,BKNG,1,unchanged,wikipedia:Historical_components_of_the_Nasdaq-100+List_of_NASDAQ-100_companies,
2019-Q4,BMRN,1,unchanged,wikipedia:Historical_components_of_the_Nasdaq-100+List_of_NASDAQ-100_companies,
2019-Q4,CDNS,1,unchanged,wikipedia:Historical_components_of_the_Nasdaq-100+List_of_NASDAQ-100_companies,
2019-Q4,CDW,1,added,wikipedia:Historical_components_of_the_Nasdaq-100+List_of_NASDAQ-100_companies,
2019-Q4,CERN,1,unchanged,wikipedia:Historical_components_of_the_Nasdaq-100+List_of_NASDAQ-100_companies,
2019-Q4,CHKP,1,unchanged,wikipedia:Historical_components_of_the_Nasdaq-100+List_of_NASDAQ-100_companies,
2019-Q4,CHTR,1,unchanged,wikipedia:Historical_components_of_the_Nasdaq-100+List_of_NASDAQ-100_companies,
2019-Q4,CMCSA,1,unchanged,wikipedia:Historical_components_of_the_Nasdaq-100+List_of_NASDAQ-100_companies,
2019-Q4,COST,1,unchanged,wikipedia:Historical_components_of_the_Nasdaq-100+List_of_NASDAQ-100_companies,
2019-Q4,CPRT,1,added,wikipedia:Historical_components_of_the_Nasdaq-100+List_of_NASDAQ-100_companies,
2019-Q4,CSCO,1,unchanged,wikipedia:Historical_components_of_the_Nasdaq-100+List_of_NASDAQ-100_companies,
2019-Q4,CSGP,1,added,wikipedia:Historical_components_of_the_Nasdaq-100+List_of_NASDAQ-100_companies,
2019-Q4,CSX,1,unchanged,wikipedia:Historical_components_of_the_Nasdaq-100+List_of_NASDAQ-100_companies,
2019-Q4,CTAS,1,unchanged,wikipedia:Historical_components_of_the_Nasdaq-100+List_of_NASDAQ-100_companies,
2019-Q4,CTSH,1,unchanged,wikipedia:Historical_components_of_the_Nasdaq-100+List_of_NASDAQ-100_companies,
2019-Q4,CTXS,1,unchanged,wikipedia:Historical_components_of_the_Nasdaq-100+List_of_NASDAQ-100_companies,
2019-Q4,DLTR,1,unchanged,wikipedia:Historical_components_of_the_Nasdaq-100+List_of_NASDAQ-100_companies,
2019-Q4,EA,1,unchanged,wikipedia:Historical_components_of_the_Nasdaq-100+List_of_NASDAQ-100_companies,
2019-Q4,EBAY,1,unchanged,wikipedia:Historical_components_of_the_Nasdaq-100+List_of_NASDAQ-100_companies,
2019-Q4,EXC,1,added,wikipedia:Historical_components_of_the_Nasdaq-100+List_of_NASDAQ-100_companies,
2019-Q4,EXPE,1,unchanged,wikipedia:Historical_components_of_the_Nasdaq-100+List_of_NASDAQ-100_companies,
2019-Q4,FAST,1,unchanged,wikipedia:Historical_components_of_the_Nasdaq-100+List_of_NASDAQ-100_companies,
2019-Q4,FI,1,unchanged,wikipedia:Historical_components_of_the_Nasdaq-100+List_of_NASDAQ-100_companies,
2019-Q4,FOX,1,unchanged,wikipedia:Historical_components_of_the_Nasdaq-100+List_of_NASDAQ-100_companies,
2019-Q4,FOXA,1,unchanged,wikipedia:Historical_components_of_the_Nasdaq-100+List_of_NASDAQ-100_companies,
2019-Q4,GILD,1,unchanged,wikipedia:Historical_components_of_the_Nasdaq-100+List_of_NASDAQ-100_companies,
2019-Q4,GOOG,1,unchanged,wikipedia:Historical_components_of_the_Nasdaq-100+List_of_NASDAQ-100_companies,
2019-Q4,GOOGL,1,unchanged,wikipedia:Historical_components_of_the_Nasdaq-100+List_of_NASDAQ-100_companies,
2019-Q4,IDXX,1,unchanged,wikipedia:Historical_components_of_the_Nasdaq-100+List_of_NASDAQ-100_companies,
2019-Q4,ILMN,1,unchanged,wikipedia:Historical_components_of_the_Nasdaq-100+List_of_NASDAQ-100_companies,
2019-Q4,INCY,1,unchanged,wikipedia:Historical_components_of_the_Nasdaq-100+List_of_NASDAQ-100_companies,
2019-Q4,INTC,1,unchanged,wikipedia:Historical_components_of_the_Nasdaq-100+List_of_NASDAQ-100_companies,
2019-Q4,INTU,1,unchanged,wikipedia:Historical_components_of_the_Nasdaq-100+List_of_NASDAQ-100_companies,
2019-Q4,ISRG,1,unchanged,wikipedia:Historical_components_of_the_Nasdaq-100+List_of_NASDAQ-100_companies,
2019-Q4,JD,1,unchanged,wikipedia:Historical_components_of_the_Nasdaq-100+List_of_NASDAQ-100_companies,
2019-Q4,KHC,1,unchanged,wikipedia:Historical_components_of_the_Nasdaq-100+List_of_NASDAQ-100_companies,
2019-Q4,KLAC,1,unchanged,wikipedia:Historical_components_of_the_Nasdaq-100+List_of_NASDAQ-100_companies,
2019-Q4,LBTYA,1,unchanged,wikipedia:Historical_components_of_the_Nasdaq-100+List_of_NASDAQ-100_companies,
2019-Q4,LBTYK,1,unchanged,wikipedia:Historical_components_of_the_Nasdaq-100+List_of_NASDAQ-100_companies,
2019-Q4,LRCX,1,unchanged,wikipedia:Historical_components_of_the_Nasdaq-100+List_of_NASDAQ-100_companies,
2019-Q4,LULU,1,unchanged,wikipedia:Historical_components_of_the_Nasdaq-100+List_of_NASDAQ-100_companies,
2019-Q4,MAR,1,unchanged,wikipedia:Historical_components_of_the_Nasdaq-100+List_of_NASDAQ-100_companies,
2019-Q4,MCHP,1,unchanged,wikipedia:Historical_components_of_the_Nasdaq-100+List_of_NASDAQ-100_companies,
2019-Q4,MDLZ,1,unchanged,wikipedia:Historical_components_of_the_Nasdaq-100+List_of_NASDAQ-100_companies,
2019-Q4,MELI,1,unchanged,wikipedia:Historical_components_of_the_Nasdaq-100+List_of_NASDAQ-100_companies,
2019-Q4,META,1,unchanged,wikipedia:Historical_components_of_the_Nasdaq-100+List_of_NASDAQ-100_companies,
2019-Q4,MNST,1,unchanged,wikipedia:Historical_components_of_the_Nasdaq-100+List_of_NASDAQ-100_companies,
2019-Q4,MSFT,1,unchanged,wikipedia:Historical_components_of_the_Nasdaq-100+List_of_NASDAQ-100_companies,
2019-Q4,MU,1,unchanged,wikipedia:Historical_components_of_the_Nasdaq-100+List_of_NASDAQ-100_companies,
2019-Q4,MXIM,1,unchanged,wikipedia:Historical_components_of_the_Nasdaq-100+List_of_NASDAQ-100_companies,
2019-Q4,NFLX,1,unchanged,wikipedia:Historical_components_of_the_Nasdaq-100+List_of_NASDAQ-100_companies,
2019-Q4,NTAP,1,unchanged,wikipedia:Historical_components_of_the_Nasdaq-100+List_of_NASDAQ-100_companies,
2019-Q4,NTES,1,unchanged,wikipedia:Historical_components_of_the_Nasdaq-100+List_of_NASDAQ-100_companies,
2019-Q4,NVDA,1,unchanged,wikipedia:Historical_components_of_the_Nasdaq-100+List_of_NASDAQ-100_companies,
2019-Q4,NXPI,1,unchanged,wikipedia:Historical_components_of_the_Nasdaq-100+List_of_NASDAQ-100_companies,
2019-Q4,ORLY,1,unchanged,wikipedia:Historical_components_of_the_Nasdaq-100+List_of_NASDAQ-100_companies,
2019-Q4,PAYX,1,unchanged,wikipedia:Historical_components_of_the_Nasdaq-100+List_of_NASDAQ-100_companies,
2019-Q4,PCAR,1,unchanged,wikipedia:Historical_components_of_the_Nasdaq-100+List_of_NASDAQ-100_companies,
2019-Q4,PEP,1,unchanged,wikipedia:Historical_components_of_the_Nasdaq-100+List_of_NASDAQ-100_companies,
2019-Q4,PYPL,1,unchanged,wikipedia:Historical_components_of_the_Nasdaq-100+List_of_NASDAQ-100_companies,
2019-Q4,QCOM,1,unchanged,wikipedia:Historical_components_of_the_Nasdaq-100+List_of_NASDAQ-100_companies,
2019-Q4,REGN,1,unchanged,wikipedia:Historical_components_of_the_Nasdaq-100+List_of_NASDAQ-100_companies,
2019-Q4,ROST,1,unchanged,wikipedia:Historical_components_of_the_Nasdaq-100+List_of_NASDAQ-100_companies,
2019-Q4,SBUX,1,unchanged,wikipedia:Historical_components_of_the_Nasdaq-100+List_of_NASDAQ-100_companies,
2019-Q4,SGEN,1,added,wikipedia:Historical_components_of_the_Nasdaq-100+List_of_NASDAQ-100_companies,
2019-Q4,SIRI,1,unchanged,wikipedia:Historical_components_of_the_Nasdaq-100+List_of_NASDAQ-100_companies,
2019-Q4,SNPS,1,unchanged,wikipedia:Historical_components_of_the_Nasdaq-100+List_of_NASDAQ-100_companies,
2019-Q4,SPLK,1,added,wikipedia:Historical_components_of_the_Nasdaq-100+List_of_NASDAQ-100_companies,
2019-Q4,SWKS,1,unchanged,wikipedia:Historical_components_of_the_Nasdaq-100+List_of_NASDAQ-100_companies,
2019-Q4,TCOM,1,unchanged,wikipedia:Historical_components_of_the_Nasdaq-100+List_of_NASDAQ-100_companies,
2019-Q4,TMUS,1,unchanged,wikipedia:Historical_components_of_the_Nasdaq-100+List_of_NASDAQ-100_companies,
2019-Q4,TSLA,1,unchanged,wikipedia:Historical_components_of_the_Nasdaq-100+List_of_NASDAQ-100_companies,
2019-Q4,TTWO,1,unchanged,wikipedia:Historical_components_of_the_Nasdaq-100+List_of_NASDAQ-100_companies,
2019-Q4,TXN,1,unchanged,wikipedia:Historical_components_of_the_Nasdaq-100+List_of_NASDAQ-100_companies,
2019-Q4,UAL,1,unchanged,wikipedia:Historical_components_of_the_Nasdaq-100+List_of_NASDAQ-100_companies,
2019-Q4,ULTA,1,unchanged,wikipedia:Historical_components_of_the_Nasdaq-100+List_of_NASDAQ-100_companies,
2019-Q4,VRSK,1,unchanged,wikipedia:Historical_components_of_the_Nasdaq-100+List_of_NASDAQ-100_companies,
2019-Q4,VRSN,1,unchanged,wikipedia:Historical_components_of_the_Nasdaq-100+List_of_NASDAQ-100_companies,
2019-Q4,VRTX,1,unchanged,wikipedia:Historical_components_of_the_Nasdaq-100+List_of_NASDAQ-100_companies,
2019-Q4,WBA,1,unchanged,wikipedia:Historical_components_of_the_Nasdaq-100+List_of_NASDAQ-100_companies,
2019-Q4,WDAY,1,unchanged,wikipedia:Historical_components_of_the_Nasdaq-100+List_of_NASDAQ-100_companies,
2019-Q4,WDC,1,unchanged,wikipedia:Historical_components_of_the_Nasdaq-100+List_of_NASDAQ-100_companies,
2019-Q4,WTW,1,unchanged,wikipedia:Historical_components_of_the_Nasdaq-100+List_of_NASDAQ-100_companies,
2019-Q4,XEL,1,unchanged,wikipedia:Historical_components_of_the_Nasdaq-100+List_of_NASDAQ-100_companies,
2019-Q4,XLNX,1,unchanged,wikipedia:Historical_components_of_the_Nasdaq-100+List_of_NASDAQ-100_companies,
2019-Q4,CELG,0,removed,wikipedia:Historical_components_of_the_Nasdaq-100+List_of_NASDAQ-100_companies,
2019-Q4,HAS,0,removed,wikipedia:Historical_components_of_the_Nasdaq-100+List_of_NASDAQ-100_companies,
2019-Q4,HSIC,0,removed,wikipedia:Historical_components_of_the_Nasdaq-100+List_of_NASDAQ-100_companies,
2019-Q4,JBHT,0,removed,wikipedia:Historical_components_of_the_Nasdaq-100+List_of_NASDAQ-100_companies,
2019-Q4,MYL,0,removed,wikipedia:Historical_components_of_the_Nasdaq-100+List_of_NASDAQ-100_companies,
2019-Q4,NLOK,0,removed,wikipedia:Historical_components_of_the_Nasdaq-100+List_of_NASDAQ-100_companies,
2019-Q4,WYNN,0,removed,wikipedia:Historical_components_of_the_Nasdaq-100+List_of_NASDAQ-100_companies,
2020-Q1,AAL,1,unchanged,wikipedia:Historical_components_of_the_Nasdaq-100+List_of_NASDAQ-100_companies,
2020-Q1,AAPL,1,unchanged,wikipedia:Historical_components_of_the_Nasdaq-100+List_of_NASDAQ-100_companies,
2020-Q1,ADBE,1,unchanged,wikipedia:Historical_components_of_the_Nasdaq-100+List_of_NASDAQ-100_companies,
2020-Q1,ADI,1,unchanged,wikipedia:Historical_components_of_the_Nasdaq-100+List_of_NASDAQ-100_companies,
2020-Q1,ADP,1,unchanged,wikipedia:Historical_components_of_the_Nasdaq-100+List_of_NASDAQ-100_companies,
2020-Q1,ADSK,1,unchanged,wikipedia:Historical_components_of_the_Nasdaq-100+List_of_NASDAQ-100_companies,
2020-Q1,ALGN,1,unchanged,wikipedia:Historical_components_of_the_Nasdaq-100+List_of_NASDAQ-100_companies,
2020-Q1,ALXN,1,unchanged,wikipedia:Historical_components_of_the_Nasdaq-100+List_of_NASDAQ-100_companies,
2020-Q1,AMAT,1,unchanged,wikipedia:Historical_components_of_the_Nasdaq-100+List_of_NASDAQ-100_companies,
2020-Q1,AMD,1,unchanged,wikipedia:Historical_components_of_the_Nasdaq-100+List_of_NASDAQ-100_companies,
2020-Q1,AMGN,1,unchanged,wikipedia:Historical_components_of_the_Nasdaq-100+List_of_NASDAQ-100_companies,
2020-Q1,AMZN,1,unchanged,wikipedia:Historical_components_of_the_Nasdaq-100+List_of_NASDAQ-100_companies,
2020-Q1,ANSS,1,unchanged,wikipedia:Historical_components_of_the_Nasdaq-100+List_of_NASDAQ-100_companies,
2020-Q1,ASML,1,unchanged,wikipedia:Historical_components_of_the_Nasdaq-100+List_of_NASDAQ-100_companies,
2020-Q1,ATVI,1,unchanged,wikipedia:Historical_components_of_the_Nasdaq-100+List_of_NASDAQ-100_companies,
2020-Q1,AVGO,1,unchanged,wikipedia:Historical_components_of_the_Nasdaq-100+List_of_NASDAQ-100_companies,
2020-Q1,BIDU,1,unchanged,wikipedia:Historical_components_of_the_Nasdaq-100+List_of_NASDAQ-100_companies,
2020-Q1,BIIB,1,unchanged,wikipedia:Historical_components_of_the_Nasdaq-100+List_of_NASDAQ-100_companies,
2020-Q1,BKNG,1,unchanged,wikipedia:Historical_components_of_the_Nasdaq-100+List_of_NASDAQ-100_companies,
2020-Q1,BMRN,1,unchanged,wikipedia:Historical_components_of_the_Nasdaq-100+List_of_NASDAQ-100_companies,
2020-Q1,CDNS,1,unchanged,wikipedia:Historical_components_of_the_Nasdaq-100+List_of_NASDAQ-100_companies,
2020-Q1,CDW,1,unchanged,wikipedia:Historical_components_of_the_Nasdaq-100+List_of_NASDAQ-100_companies,
2020-Q1,CERN,1,unchanged,wikipedia:Historical_components_of_the_Nasdaq-100+List_of_NASDAQ-100_companies,
2020-Q1,CHKP,1,unchanged,wikipedia:Historical_components_of_the_Nasdaq-100+List_of_NASDAQ-100_companies,
2020-Q1,CHTR,1,unchanged,wikipedia:Historical_components_of_the_Nasdaq-100+List_of_NASDAQ-100_companies,
2020-Q1,CMCSA,1,unchanged,wikipedia:Historical_components_of_the_Nasdaq-100+List_of_NASDAQ-100_companies,
2020-Q1,COST,1,unchanged,wikipedia:Historical_components_of_the_Nasdaq-100+List_of_NASDAQ-100_companies,
2020-Q1,CPRT,1,unchanged,wikipedia:Historical_components_of_the_Nasdaq-100+List_of_NASDAQ-100_companies,
2020-Q1,CSCO,1,unchanged,wikipedia:Historical_components_of_the_Nasdaq-100+List_of_NASDAQ-100_companies,
2020-Q1,CSGP,1,unchanged,wikipedia:Historical_components_of_the_Nasdaq-100+List_of_NASDAQ-100_companies,
2020-Q1,CSX,1,unchanged,wikipedia:Historical_components_of_the_Nasdaq-100+List_of_NASDAQ-100_companies,
2020-Q1,CTAS,1,unchanged,wikipedia:Historical_components_of_the_Nasdaq-100+List_of_NASDAQ-100_companies,
2020-Q1,CTSH,1,unchanged,wikipedia:Historical_components_of_the_Nasdaq-100+List_of_NASDAQ-100_companies,
2020-Q1,CTXS,1,unchanged,wikipedia:Historical_components_of_the_Nasdaq-100+List_of_NASDAQ-100_companies,
2020-Q1,DLTR,1,unchanged,wikipedia:Historical_components_of_the_Nasdaq-100+List_of_NASDAQ-100_companies,
2020-Q1,EA,1,unchanged,wikipedia:Historical_components_of_the_Nasdaq-100+List_of_NASDAQ-100_companies,
2020-Q1,EBAY,1,unchanged,wikipedia:Historical_components_of_the_Nasdaq-100+List_of_NASDAQ-100_companies,
2020-Q1,EXC,1,unchanged,wikipedia:Historical_components_of_the_Nasdaq-100+List_of_NASDAQ-100_companies,
2020-Q1,EXPE,1,unchanged,wikipedia:Historical_components_of_the_Nasdaq-100+List_of_NASDAQ-100_companies,
2020-Q1,FAST,1,unchanged,wikipedia:Historical_components_of_the_Nasdaq-100+List_of_NASDAQ-100_companies,
2020-Q1,FI,1,unchanged,wikipedia:Historical_components_of_the_Nasdaq-100+List_of_NASDAQ-100_companies,
2020-Q1,FOX,1,unchanged,wikipedia:Historical_components_of_the_Nasdaq-100+List_of_NASDAQ-100_companies,
2020-Q1,FOXA,1,unchanged,wikipedia:Historical_components_of_the_Nasdaq-100+List_of_NASDAQ-100_companies,
2020-Q1,GILD,1,unchanged,wikipedia:Historical_components_of_the_Nasdaq-100+List_of_NASDAQ-100_companies,
2020-Q1,GOOG,1,unchanged,wikipedia:Historical_components_of_the_Nasdaq-100+List_of_NASDAQ-100_companies,
2020-Q1,GOOGL,1,unchanged,wikipedia:Historical_components_of_the_Nasdaq-100+List_of_NASDAQ-100_companies,
2020-Q1,IDXX,1,unchanged,wikipedia:Historical_components_of_the_Nasdaq-100+List_of_NASDAQ-100_companies,
2020-Q1,ILMN,1,unchanged,wikipedia:Historical_components_of_the_Nasdaq-100+List_of_NASDAQ-100_companies,
2020-Q1,INCY,1,unchanged,wikipedia:Historical_components_of_the_Nasdaq-100+List_of_NASDAQ-100_companies,
2020-Q1,INTC,1,unchanged,wikipedia:Historical_components_of_the_Nasdaq-100+List_of_NASDAQ-100_companies,
2020-Q1,INTU,1,unchanged,wikipedia:Historical_components_of_the_Nasdaq-100+List_of_NASDAQ-100_companies,
2020-Q1,ISRG,1,unchanged,wikipedia:Historical_components_of_the_Nasdaq-100+List_of_NASDAQ-100_companies,
2020-Q1,JD,1,unchanged,wikipedia:Historical_components_of_the_Nasdaq-100+List_of_NASDAQ-100_companies,
2020-Q1,KHC,1,unchanged,wikipedia:Historical_components_of_the_Nasdaq-100+List_of_NASDAQ-100_companies,
2020-Q1,KLAC,1,unchanged,wikipedia:Historical_components_of_the_Nasdaq-100+List_of_NASDAQ-100_companies,
2020-Q1,LBTYA,1,unchanged,wikipedia:Historical_components_of_the_Nasdaq-100+List_of_NASDAQ-100_companies,
2020-Q1,LBTYK,1,unchanged,wikipedia:Historical_components_of_the_Nasdaq-100+List_of_NASDAQ-100_companies,
2020-Q1,LRCX,1,unchanged,wikipedia:Historical_components_of_the_Nasdaq-100+List_of_NASDAQ-100_companies,
2020-Q1,LULU,1,unchanged,wikipedia:Historical_components_of_the_Nasdaq-100+List_of_NASDAQ-100_companies,
2020-Q1,MAR,1,unchanged,wikipedia:Historical_components_of_the_Nasdaq-100+List_of_NASDAQ-100_companies,
2020-Q1,MCHP,1,unchanged,wikipedia:Historical_components_of_the_Nasdaq-100+List_of_NASDAQ-100_companies,
2020-Q1,MDLZ,1,unchanged,wikipedia:Historical_components_of_the_Nasdaq-100+List_of_NASDAQ-100_companies,
2020-Q1,MELI,1,unchanged,wikipedia:Historical_components_of_the_Nasdaq-100+List_of_NASDAQ-100_companies,
2020-Q1,META,1,unchanged,wikipedia:Historical_components_of_the_Nasdaq-100+List_of_NASDAQ-100_companies,
2020-Q1,MNST,1,unchanged,wikipedia:Historical_components_of_the_Nasdaq-100+List_of_NASDAQ-100_companies,
2020-Q1,MSFT,1,unchanged,wikipedia:Historical_components_of_the_Nasdaq-100+List_of_NASDAQ-100_companies,
2020-Q1,MU,1,unchanged,wikipedia:Historical_components_of_the_Nasdaq-100+List_of_NASDAQ-100_companies,
2020-Q1,MXIM,1,unchanged,wikipedia:Historical_components_of_the_Nasdaq-100+List_of_NASDAQ-100_companies,
2020-Q1,NFLX,1,unchanged,wikipedia:Historical_components_of_the_Nasdaq-100+List_of_NASDAQ-100_companies,
2020-Q1,NTAP,1,unchanged,wikipedia:Historical_components_of_the_Nasdaq-100+List_of_NASDAQ-100_companies,
2020-Q1,NTES,1,unchanged,wikipedia:Historical_components_of_the_Nasdaq-100+List_of_NASDAQ-100_companies,
2020-Q1,NVDA,1,unchanged,wikipedia:Historical_components_of_the_Nasdaq-100+List_of_NASDAQ-100_companies,
2020-Q1,NXPI,1,unchanged,wikipedia:Historical_components_of_the_Nasdaq-100+List_of_NASDAQ-100_companies,
2020-Q1,ORLY,1,unchanged,wikipedia:Historical_components_of_the_Nasdaq-100+List_of_NASDAQ-100_companies,
2020-Q1,PAYX,1,unchanged,wikipedia:Historical_components_of_the_Nasdaq-100+List_of_NASDAQ-100_companies,
2020-Q1,PCAR,1,unchanged,wikipedia:Historical_components_of_the_Nasdaq-100+List_of_NASDAQ-100_companies,
2020-Q1,PEP,1,unchanged,wikipedia:Historical_components_of_the_Nasdaq-100+List_of_NASDAQ-100_companies,
2020-Q1,PYPL,1,unchanged,wikipedia:Historical_components_of_the_Nasdaq-100+List_of_NASDAQ-100_companies,
2020-Q1,QCOM,1,unchanged,wikipedia:Historical_components_of_the_Nasdaq-100+List_of_NASDAQ-100_companies,
2020-Q1,REGN,1,unchanged,wikipedia:Historical_components_of_the_Nasdaq-100+List_of_NASDAQ-100_companies,
2020-Q1,ROST,1,unchanged,wikipedia:Historical_components_of_the_Nasdaq-100+List_of_NASDAQ-100_companies,
2020-Q1,SBUX,1,unchanged,wikipedia:Historical_components_of_the_Nasdaq-100+List_of_NASDAQ-100_companies,
2020-Q1,SGEN,1,unchanged,wikipedia:Historical_components_of_the_Nasdaq-100+List_of_NASDAQ-100_companies,
2020-Q1,SIRI,1,unchanged,wikipedia:Historical_components_of_the_Nasdaq-100+List_of_NASDAQ-100_companies,
2020-Q1,SNPS,1,unchanged,wikipedia:Historical_components_of_the_Nasdaq-100+List_of_NASDAQ-100_companies,
2020-Q1,SPLK,1,unchanged,wikipedia:Historical_components_of_the_Nasdaq-100+List_of_NASDAQ-100_companies,
2020-Q1,SWKS,1,unchanged,wikipedia:Historical_components_of_the_Nasdaq-100+List_of_NASDAQ-100_companies,
2020-Q1,TCOM,1,unchanged,wikipedia:Historical_components_of_the_Nasdaq-100+List_of_NASDAQ-100_companies,
2020-Q1,TMUS,1,unchanged,wikipedia:Historical_components_of_the_Nasdaq-100+List_of_NASDAQ-100_companies,
2020-Q1,TSLA,1,unchanged,wikipedia:Historical_components_of_the_Nasdaq-100+List_of_NASDAQ-100_companies,
2020-Q1,TTWO,1,unchanged,wikipedia:Historical_components_of_the_Nasdaq-100+List_of_NASDAQ-100_companies,
2020-Q1,TXN,1,unchanged,wikipedia:Historical_components_of_the_Nasdaq-100+List_of_NASDAQ-100_companies,
2020-Q1,UAL,1,unchanged,wikipedia:Historical_components_of_the_Nasdaq-100+List_of_NASDAQ-100_companies,
2020-Q1,ULTA,1,unchanged,wikipedia:Historical_components_of_the_Nasdaq-100+List_of_NASDAQ-100_companies,
2020-Q1,VRSK,1,unchanged,wikipedia:Historical_components_of_the_Nasdaq-100+List_of_NASDAQ-100_companies,
2020-Q1,VRSN,1,unchanged,wikipedia:Historical_components_of_the_Nasdaq-100+List_of_NASDAQ-100_companies,
2020-Q1,VRTX,1,unchanged,wikipedia:Historical_components_of_the_Nasdaq-100+List_of_NASDAQ-100_companies,
2020-Q1,WBA,1,unchanged,wikipedia:Historical_components_of_the_Nasdaq-100+List_of_NASDAQ-100_companies,
2020-Q1,WDAY,1,unchanged,wikipedia:Historical_components_of_the_Nasdaq-100+List_of_NASDAQ-100_companies,
2020-Q1,WDC,1,unchanged,wikipedia:Historical_components_of_the_Nasdaq-100+List_of_NASDAQ-100_companies,
2020-Q1,WTW,1,unchanged,wikipedia:Historical_components_of_the_Nasdaq-100+List_of_NASDAQ-100_companies,
2020-Q1,XEL,1,unchanged,wikipedia:Historical_components_of_the_Nasdaq-100+List_of_NASDAQ-100_companies,
2020-Q1,XLNX,1,unchanged,wikipedia:Historical_components_of_the_Nasdaq-100+List_of_NASDAQ-100_companies,
2020-Q2,AAPL,1,unchanged,wikipedia:Historical_components_of_the_Nasdaq-100+List_of_NASDAQ-100_companies,
2020-Q2,ADBE,1,unchanged,wikipedia:Historical_components_of_the_Nasdaq-100+List_of_NASDAQ-100_companies,
2020-Q2,ADI,1,unchanged,wikipedia:Historical_components_of_the_Nasdaq-100+List_of_NASDAQ-100_companies,
2020-Q2,ADP,1,unchanged,wikipedia:Historical_components_of_the_Nasdaq-100+List_of_NASDAQ-100_companies,
2020-Q2,ADSK,1,unchanged,wikipedia:Historical_components_of_the_Nasdaq-100+List_of_NASDAQ-100_companies,
2020-Q2,ALGN,1,unchanged,wikipedia:Historical_components_of_the_Nasdaq-100+List_of_NASDAQ-100_companies,
2020-Q2,ALXN,1,unchanged,wikipedia:Historical_components_of_the_Nasdaq-100+List_of_NASDAQ-100_companies,
2020-Q2,AMAT,1,unchanged,wikipedia:Historical_components_of_the_Nasdaq-100+List_of_NASDAQ-100_companies,
2020-Q2,AMD,1,unchanged,wikipedia:Historical_components_of_the_Nasdaq-100+List_of_NASDAQ-100_companies,
2020-Q2,AMGN,1,unchanged,wikipedia:Historical_components_of_the_Nasdaq-100+List_of_NASDAQ-100_companies,
2020-Q2,AMZN,1,unchanged,wikipedia:Historical_components_of_the_Nasdaq-100+List_of_NASDAQ-100_companies,
2020-Q2,ANSS,1,unchanged,wikipedia:Historical_components_of_the_Nasdaq-100+List_of_NASDAQ-100_companies,
2020-Q2,ASML,1,unchanged,wikipedia:Historical_components_of_the_Nasdaq-100+List_of_NASDAQ-100_companies,
2020-Q2,ATVI,1,unchanged,wikipedia:Historical_components_of_the_Nasdaq-100+List_of_NASDAQ-100_companies,
2020-Q2,AVGO,1,unchanged,wikipedia:Historical_components_of_the_Nasdaq-100+List_of_NASDAQ-100_companies,
2020-Q2,BIDU,1,unchanged,wikipedia:Historical_components_of_the_Nasdaq-100+List_of_NASDAQ-100_companies,
2020-Q2,BIIB,1,unchanged,wikipedia:Historical_components_of_the_Nasdaq-100+List_of_NASDAQ-100_companies,
2020-Q2,BKNG,1,unchanged,wikipedia:Historical_components_of_the_Nasdaq-100+List_of_NASDAQ-100_companies,
2020-Q2,BMRN,1,unchanged,wikipedia:Historical_components_of_the_Nasdaq-100+List_of_NASDAQ-100_companies,
2020-Q2,CDNS,1,unchanged,wikipedia:Historical_components_of_the_Nasdaq-100+List_of_NASDAQ-100_companies,
2020-Q2,CDW,1,unchanged,wikipedia:Historical_components_of_the_Nasdaq-100+List_of_NASDAQ-100_companies,
2020-Q2,CERN,1,unchanged,wikipedia:Historical_components_of_the_Nasdaq-100+List_of_NASDAQ-100_companies,
2020-Q2,CHKP,1,unchanged,wikipedia:Historical_components_of_the_Nasdaq-100+List_of_NASDAQ-100_companies,
2020-Q2,CHTR,1,unchanged,wikipedia:Historical_components_of_the_Nasdaq-100+List_of_NASDAQ-100_companies,
2020-Q2,CMCSA,1,unchanged,wikipedia:Historical_components_of_the_Nasdaq-100+List_of_NASDAQ-100_companies,
2020-Q2,COST,1,unchanged,wikipedia:Historical_components_of_the_Nasdaq-100+List_of_NASDAQ-100_companies,
2020-Q2,CPRT,1,unchanged,wikipedia:Historical_components_of_the_Nasdaq-100+List_of_NASDAQ-100_companies,
2020-Q2,CSCO,1,unchanged,wikipedia:Historical_components_of_the_Nasdaq-100+List_of_NASDAQ-100_companies,
2020-Q2,CSGP,1,unchanged,wikipedia:Historical_components_of_the_Nasdaq-100+List_of_NASDAQ-100_companies,
2020-Q2,CSX,1,unchanged,wikipedia:Historical_components_of_the_Nasdaq-100+List_of_NASDAQ-100_companies,
2020-Q2,CTAS,1,unchanged,wikipedia:Historical_components_of_the_Nasdaq-100+List_of_NASDAQ-100_companies,
2020-Q2,CTSH,1,unchanged,wikipedia:Historical_components_of_the_Nasdaq-100+List_of_NASDAQ-100_companies,
2020-Q2,CTXS,1,unchanged,wikipedia:Historical_components_of_the_Nasdaq-100+List_of_NASDAQ-100_companies,
2020-Q2,DLTR,1,unchanged,wikipedia:Historical_components_of_the_Nasdaq-100+List_of_NASDAQ-100_companies,
2020-Q2,DOCU,1,added,wikipedia:Historical_components_of_the_Nasdaq-100+List_of_NASDAQ-100_companies,
2020-Q2,DXCM,1,added,wikipedia:Historical_components_of_the_Nasdaq-100+List_of_NASDAQ-100_companies,
2020-Q2,EA,1,unchanged,wikipedia:Historical_components_of_the_Nasdaq-100+List_of_NASDAQ-100_companies,
2020-Q2,EBAY,1,unchanged,wikipedia:Historical_components_of_the_Nasdaq-100+List_of_NASDAQ-100_companies,
2020-Q2,EXC,1,unchanged,wikipedia:Historical_components_of_the_Nasdaq-100+List_of_NASDAQ-100_companies,
2020-Q2,EXPE,1,unchanged,wikipedia:Historical_components_of_the_Nasdaq-100+List_of_NASDAQ-100_companies,
2020-Q2,FAST,1,unchanged,wikipedia:Historical_components_of_the_Nasdaq-100+List_of_NASDAQ-100_companies,
2020-Q2,FI,1,unchanged,wikipedia:Historical_components_of_the_Nasdaq-100+List_of_NASDAQ-100_companies,
2020-Q2,FOX,1,unchanged,wikipedia:Historical_components_of_the_Nasdaq-100+List_of_NASDAQ-100_companies,
2020-Q2,FOXA,1,unchanged,wikipedia:Historical_components_of_the_Nasdaq-100+List_of_NASDAQ-100_companies,
2020-Q2,GILD,1,unchanged,wikipedia:Historical_components_of_the_Nasdaq-100+List_of_NASDAQ-100_companies,
2020-Q2,GOOG,1,unchanged,wikipedia:Historical_components_of_the_Nasdaq-100+List_of_NASDAQ-100_companies,
2020-Q2,GOOGL,1,unchanged,wikipedia:Historical_components_of_the_Nasdaq-100+List_of_NASDAQ-100_companies,
2020-Q2,IDXX,1,unchanged,wikipedia:Historical_components_of_the_Nasdaq-100+List_of_NASDAQ-100_companies,
2020-Q2,ILMN,1,unchanged,wikipedia:Historical_components_of_the_Nasdaq-100+List_of_NASDAQ-100_companies,
2020-Q2,INCY,1,unchanged,wikipedia:Historical_components_of_the_Nasdaq-100+List_of_NASDAQ-100_companies,
2020-Q2,INTC,1,unchanged,wikipedia:Historical_components_of_the_Nasdaq-100+List_of_NASDAQ-100_companies,
2020-Q2,INTU,1,unchanged,wikipedia:Historical_components_of_the_Nasdaq-100+List_of_NASDAQ-100_companies,
2020-Q2,ISRG,1,unchanged,wikipedia:Historical_components_of_the_Nasdaq-100+List_of_NASDAQ-100_companies,
2020-Q2,JD,1,unchanged,wikipedia:Historical_components_of_the_Nasdaq-100+List_of_NASDAQ-100_companies,
2020-Q2,KHC,1,unchanged,wikipedia:Historical_components_of_the_Nasdaq-100+List_of_NASDAQ-100_companies,
2020-Q2,KLAC,1,unchanged,wikipedia:Historical_components_of_the_Nasdaq-100+List_of_NASDAQ-100_companies,
2020-Q2,LBTYA,1,unchanged,wikipedia:Historical_components_of_the_Nasdaq-100+List_of_NASDAQ-100_companies,
2020-Q2,LBTYK,1,unchanged,wikipedia:Historical_components_of_the_Nasdaq-100+List_of_NASDAQ-100_companies,
2020-Q2,LRCX,1,unchanged,wikipedia:Historical_components_of_the_Nasdaq-100+List_of_NASDAQ-100_companies,
2020-Q2,LULU,1,unchanged,wikipedia:Historical_components_of_the_Nasdaq-100+List_of_NASDAQ-100_companies,
2020-Q2,MAR,1,unchanged,wikipedia:Historical_components_of_the_Nasdaq-100+List_of_NASDAQ-100_companies,
2020-Q2,MCHP,1,unchanged,wikipedia:Historical_components_of_the_Nasdaq-100+List_of_NASDAQ-100_companies,
2020-Q2,MDLZ,1,unchanged,wikipedia:Historical_components_of_the_Nasdaq-100+List_of_NASDAQ-100_companies,
2020-Q2,MELI,1,unchanged,wikipedia:Historical_components_of_the_Nasdaq-100+List_of_NASDAQ-100_companies,
2020-Q2,META,1,unchanged,wikipedia:Historical_components_of_the_Nasdaq-100+List_of_NASDAQ-100_companies,
2020-Q2,MNST,1,unchanged,wikipedia:Historical_components_of_the_Nasdaq-100+List_of_NASDAQ-100_companies,
2020-Q2,MSFT,1,unchanged,wikipedia:Historical_components_of_the_Nasdaq-100+List_of_NASDAQ-100_companies,
2020-Q2,MU,1,unchanged,wikipedia:Historical_components_of_the_Nasdaq-100+List_of_NASDAQ-100_companies,
2020-Q2,MXIM,1,unchanged,wikipedia:Historical_components_of_the_Nasdaq-100+List_of_NASDAQ-100_companies,
2020-Q2,NFLX,1,unchanged,wikipedia:Historical_components_of_the_Nasdaq-100+List_of_NASDAQ-100_companies,
2020-Q2,NTAP,1,unchanged,wikipedia:Historical_components_of_the_Nasdaq-100+List_of_NASDAQ-100_companies,
2020-Q2,NTES,1,unchanged,wikipedia:Historical_components_of_the_Nasdaq-100+List_of_NASDAQ-100_companies,
2020-Q2,NVDA,1,unchanged,wikipedia:Historical_components_of_the_Nasdaq-100+List_of_NASDAQ-100_companies,
2020-Q2,NXPI,1,unchanged,wikipedia:Historical_components_of_the_Nasdaq-100+List_of_NASDAQ-100_companies,
2020-Q2,ORLY,1,unchanged,wikipedia:Historical_components_of_the_Nasdaq-100+List_of_NASDAQ-100_companies,
2020-Q2,PAYX,1,unchanged,wikipedia:Historical_components_of_the_Nasdaq-100+List_of_NASDAQ-100_companies,
2020-Q2,PCAR,1,unchanged,wikipedia:Historical_components_of_the_Nasdaq-100+List_of_NASDAQ-100_companies,
2020-Q2,PEP,1,unchanged,wikipedia:Historical_components_of_the_Nasdaq-100+List_of_NASDAQ-100_companies,
2020-Q2,PYPL,1,unchanged,wikipedia:Historical_components_of_the_Nasdaq-100+List_of_NASDAQ-100_companies,
2020-Q2,QCOM,1,unchanged,wikipedia:Historical_components_of_the_Nasdaq-100+List_of_NASDAQ-100_companies,
2020-Q2,REGN,1,unchanged,wikipedia:Historical_components_of_the_Nasdaq-100+List_of_NASDAQ-100_companies,
2020-Q2,ROST,1,unchanged,wikipedia:Historical_components_of_the_Nasdaq-100+List_of_NASDAQ-100_companies,
2020-Q2,SBUX,1,unchanged,wikipedia:Historical_components_of_the_Nasdaq-100+List_of_NASDAQ-100_companies,
2020-Q2,SGEN,1,unchanged,wikipedia:Historical_components_of_the_Nasdaq-100+List_of_NASDAQ-100_companies,
2020-Q2,SIRI,1,unchanged,wikipedia:Historical_components_of_the_Nasdaq-100+List_of_NASDAQ-100_companies,
2020-Q2,SNPS,1,unchanged,wikipedia:Historical_components_of_the_Nasdaq-100+List_of_NASDAQ-100_companies,
2020-Q2,SPLK,1,unchanged,wikipedia:Historical_components_of_the_Nasdaq-100+List_of_NASDAQ-100_companies,
2020-Q2,SWKS,1,unchanged,wikipedia:Historical_components_of_the_Nasdaq-100+List_of_NASDAQ-100_companies,
2020-Q2,TCOM,1,unchanged,wikipedia:Historical_components_of_the_Nasdaq-100+List_of_NASDAQ-100_companies,
2020-Q2,TMUS,1,unchanged,wikipedia:Historical_components_of_the_Nasdaq-100+List_of_NASDAQ-100_companies,
2020-Q2,TSLA,1,unchanged,wikipedia:Historical_components_of_the_Nasdaq-100+List_of_NASDAQ-100_companies,
2020-Q2,TTWO,1,unchanged,wikipedia:Historical_components_of_the_Nasdaq-100+List_of_NASDAQ-100_companies,
2020-Q2,TXN,1,unchanged,wikipedia:Historical_components_of_the_Nasdaq-100+List_of_NASDAQ-100_companies,
2020-Q2,ULTA,1,unchanged,wikipedia:Historical_components_of_the_Nasdaq-100+List_of_NASDAQ-100_companies,
2020-Q2,VRSK,1,unchanged,wikipedia:Historical_components_of_the_Nasdaq-100+List_of_NASDAQ-100_companies,
2020-Q2,VRSN,1,unchanged,wikipedia:Historical_components_of_the_Nasdaq-100+List_of_NASDAQ-100_companies,
2020-Q2,VRTX,1,unchanged,wikipedia:Historical_components_of_the_Nasdaq-100+List_of_NASDAQ-100_companies,
2020-Q2,WBA,1,unchanged,wikipedia:Historical_components_of_the_Nasdaq-100+List_of_NASDAQ-100_companies,
2020-Q2,WDAY,1,unchanged,wikipedia:Historical_components_of_the_Nasdaq-100+List_of_NASDAQ-100_companies,
2020-Q2,WDC,1,unchanged,wikipedia:Historical_components_of_the_Nasdaq-100+List_of_NASDAQ-100_companies,
2020-Q2,XEL,1,unchanged,wikipedia:Historical_components_of_the_Nasdaq-100+List_of_NASDAQ-100_companies,
2020-Q2,XLNX,1,unchanged,wikipedia:Historical_components_of_the_Nasdaq-100+List_of_NASDAQ-100_companies,
2020-Q2,ZM,1,added,wikipedia:Historical_components_of_the_Nasdaq-100+List_of_NASDAQ-100_companies,
2020-Q2,AAL,0,removed,wikipedia:Historical_components_of_the_Nasdaq-100+List_of_NASDAQ-100_companies,
2020-Q2,UAL,0,removed,wikipedia:Historical_components_of_the_Nasdaq-100+List_of_NASDAQ-100_companies,
2020-Q2,WTW,0,removed,wikipedia:Historical_components_of_the_Nasdaq-100+List_of_NASDAQ-100_companies,
2020-Q3,AAPL,1,unchanged,wikipedia:Historical_components_of_the_Nasdaq-100+List_of_NASDAQ-100_companies,
2020-Q3,ADBE,1,unchanged,wikipedia:Historical_components_of_the_Nasdaq-100+List_of_NASDAQ-100_companies,
2020-Q3,ADI,1,unchanged,wikipedia:Historical_components_of_the_Nasdaq-100+List_of_NASDAQ-100_companies,
2020-Q3,ADP,1,unchanged,wikipedia:Historical_components_of_the_Nasdaq-100+List_of_NASDAQ-100_companies,
2020-Q3,ADSK,1,unchanged,wikipedia:Historical_components_of_the_Nasdaq-100+List_of_NASDAQ-100_companies,
2020-Q3,ALGN,1,unchanged,wikipedia:Historical_components_of_the_Nasdaq-100+List_of_NASDAQ-100_companies,
2020-Q3,ALXN,1,unchanged,wikipedia:Historical_components_of_the_Nasdaq-100+List_of_NASDAQ-100_companies,
2020-Q3,AMAT,1,unchanged,wikipedia:Historical_components_of_the_Nasdaq-100+List_of_NASDAQ-100_companies,
2020-Q3,AMD,1,unchanged,wikipedia:Historical_components_of_the_Nasdaq-100+List_of_NASDAQ-100_companies,
2020-Q3,AMGN,1,unchanged,wikipedia:Historical_components_of_the_Nasdaq-100+List_of_NASDAQ-100_companies,
2020-Q3,AMZN,1,unchanged,wikipedia:Historical_components_of_the_Nasdaq-100+List_of_NASDAQ-100_companies,
2020-Q3,ANSS,1,unchanged,wikipedia:Historical_components_of_the_Nasdaq-100+List_of_NASDAQ-100_companies,
2020-Q3,ASML,1,unchanged,wikipedia:Historical_components_of_the_Nasdaq-100+List_of_NASDAQ-100_companies,
2020-Q3,ATVI,1,unchanged,wikipedia:Historical_components_of_the_Nasdaq-100+List_of_NASDAQ-100_companies,
2020-Q3,AVGO,1,unchanged,wikipedia:Historical_components_of_the_Nasdaq-100+List_of_NASDAQ-100_companies,
2020-Q3,BIDU,1,unchanged,wikipedia:Historical_components_of_the_Nasdaq-100+List_of_NASDAQ-100_companies,
2020-Q3,BIIB,1,unchanged,wikipedia:Historical_components_of_the_Nasdaq-100+List_of_NASDAQ-100_companies,
2020-Q3,BKNG,1,unchanged,wikipedia:Historical_components_of_the_Nasdaq-100+List_of_NASDAQ-100_companies,
2020-Q3,BMRN,1,unchanged,wikipedia:Historical_components_of_the_Nasdaq-100+List_of_NASDAQ-100_companies,
2020-Q3,CDNS,1,unchanged,wikipedia:Historical_components_of_the_Nasdaq-100+List_of_NASDAQ-100_companies,
2020-Q3,CDW,1,unchanged,wikipedia:Historical_components_of_the_Nasdaq-100+List_of_NASDAQ-100_companies,
2020-Q3,CERN,1,unchanged,wikipedia:Historical_components_of_the_Nasdaq-100+List_of_NASDAQ-100_companies,
2020-Q3,CHKP,1,unchanged,wikipedia:Historical_components_of_the_Nasdaq-100+List_of_NASDAQ-100_companies,
2020-Q3,CHTR,1,unchanged,wikipedia:Historical_components_of_the_Nasdaq-100+List_of_NASDAQ-100_companies,
2020-Q3,CMCSA,1,unchanged,wikipedia:Historical_components_of_the_Nasdaq-100+List_of_NASDAQ-100_companies,
2020-Q3,COST,1,unchanged,wikipedia:Historical_components_of_the_Nasdaq-100+List_of_NASDAQ-100_companies,
2020-Q3,CPRT,1,unchanged,wikipedia:Historical_components_of_the_Nasdaq-100+List_of_NASDAQ-100_companies,
2020-Q3,CSCO,1,unchanged,wikipedia:Historical_components_of_the_Nasdaq-100+List_of_NASDAQ-100_companies,
2020-Q3,CSX,1,unchanged,wikipedia:Historical_components_of_the_Nasdaq-100+List_of_NASDAQ-100_companies,
2020-Q3,CTAS,1,unchanged,wikipedia:Historical_components_of_the_Nasdaq-100+List_of_NASDAQ-100_companies,
2020-Q3,CTSH,1,unchanged,wikipedia:Historical_components_of_the_Nasdaq-100+List_of_NASDAQ-100_companies,
2020-Q3,CTXS,1,unchanged,wikipedia:Historical_components_of_the_Nasdaq-100+List_of_NASDAQ-100_companies,
2020-Q3,DLTR,1,unchanged,wikipedia:Historical_components_of_the_Nasdaq-100+List_of_NASDAQ-100_companies,
2020-Q3,DOCU,1,unchanged,wikipedia:Historical_components_of_the_Nasdaq-100+List_of_NASDAQ-100_companies,
2020-Q3,DXCM,1,unchanged,wikipedia:Historical_components_of_the_Nasdaq-100+List_of_NASDAQ-100_companies,
2020-Q3,EA,1,unchanged,wikipedia:Historical_components_of_the_Nasdaq-100+List_of_NASDAQ-100_companies,
2020-Q3,EBAY,1,unchanged,wikipedia:Historical_components_of_the_Nasdaq-100+List_of_NASDAQ-100_companies,
2020-Q3,EXC,1,unchanged,wikipedia:Historical_components_of_the_Nasdaq-100+List_of_NASDAQ-100_companies,
2020-Q3,EXPE,1,unchanged,wikipedia:Historical_components_of_the_Nasdaq-100+List_of_NASDAQ-100_companies,
2020-Q3,FAST,1,unchanged,wikipedia:Historical_components_of_the_Nasdaq-100+List_of_NASDAQ-100_companies,
2020-Q3,FI,1,unchanged,wikipedia:Historical_components_of_the_Nasdaq-100+List_of_NASDAQ-100_companies,
2020-Q3,FOX,1,unchanged,wikipedia:Historical_components_of_the_Nasdaq-100+List_of_NASDAQ-100_companies,
2020-Q3,FOXA,1,unchanged,wikipedia:Historical_components_of_the_Nasdaq-100+List_of_NASDAQ-100_companies,
2020-Q3,GILD,1,unchanged,wikipedia:Historical_components_of_the_Nasdaq-100+List_of_NASDAQ-100_companies,
2020-Q3,GOOG,1,unchanged,wikipedia:Historical_components_of_the_Nasdaq-100+List_of_NASDAQ-100_companies,
2020-Q3,GOOGL,1,unchanged,wikipedia:Historical_components_of_the_Nasdaq-100+List_of_NASDAQ-100_companies,
2020-Q3,IDXX,1,unchanged,wikipedia:Historical_components_of_the_Nasdaq-100+List_of_NASDAQ-100_companies,
2020-Q3,ILMN,1,unchanged,wikipedia:Historical_components_of_the_Nasdaq-100+List_of_NASDAQ-100_companies,
2020-Q3,INCY,1,unchanged,wikipedia:Historical_components_of_the_Nasdaq-100+List_of_NASDAQ-100_companies,
2020-Q3,INTC,1,unchanged,wikipedia:Historical_components_of_the_Nasdaq-100+List_of_NASDAQ-100_companies,
2020-Q3,INTU,1,unchanged,wikipedia:Historical_components_of_the_Nasdaq-100+List_of_NASDAQ-100_companies,
2020-Q3,ISRG,1,unchanged,wikipedia:Historical_components_of_the_Nasdaq-100+List_of_NASDAQ-100_companies,
2020-Q3,JD,1,unchanged,wikipedia:Historical_components_of_the_Nasdaq-100+List_of_NASDAQ-100_companies,
2020-Q3,KHC,1,unchanged,wikipedia:Historical_components_of_the_Nasdaq-100+List_of_NASDAQ-100_companies,
2020-Q3,KLAC,1,unchanged,wikipedia:Historical_components_of_the_Nasdaq-100+List_of_NASDAQ-100_companies,
2020-Q3,LBTYA,1,unchanged,wikipedia:Historical_components_of_the_Nasdaq-100+List_of_NASDAQ-100_companies,
2020-Q3,LBTYK,1,unchanged,wikipedia:Historical_components_of_the_Nasdaq-100+List_of_NASDAQ-100_companies,
2020-Q3,LRCX,1,unchanged,wikipedia:Historical_components_of_the_Nasdaq-100+List_of_NASDAQ-100_companies,
2020-Q3,LULU,1,unchanged,wikipedia:Historical_components_of_the_Nasdaq-100+List_of_NASDAQ-100_companies,
2020-Q3,MAR,1,unchanged,wikipedia:Historical_components_of_the_Nasdaq-100+List_of_NASDAQ-100_companies,
2020-Q3,MCHP,1,unchanged,wikipedia:Historical_components_of_the_Nasdaq-100+List_of_NASDAQ-100_companies,
2020-Q3,MDLZ,1,unchanged,wikipedia:Historical_components_of_the_Nasdaq-100+List_of_NASDAQ-100_companies,
2020-Q3,MELI,1,unchanged,wikipedia:Historical_components_of_the_Nasdaq-100+List_of_NASDAQ-100_companies,
2020-Q3,META,1,unchanged,wikipedia:Historical_components_of_the_Nasdaq-100+List_of_NASDAQ-100_companies,
2020-Q3,MNST,1,unchanged,wikipedia:Historical_components_of_the_Nasdaq-100+List_of_NASDAQ-100_companies,
2020-Q3,MRNA,1,added,wikipedia:Historical_components_of_the_Nasdaq-100+List_of_NASDAQ-100_companies,
2020-Q3,MSFT,1,unchanged,wikipedia:Historical_components_of_the_Nasdaq-100+List_of_NASDAQ-100_companies,
2020-Q3,MU,1,unchanged,wikipedia:Historical_components_of_the_Nasdaq-100+List_of_NASDAQ-100_companies,
2020-Q3,MXIM,1,unchanged,wikipedia:Historical_components_of_the_Nasdaq-100+List_of_NASDAQ-100_companies,
2020-Q3,NFLX,1,unchanged,wikipedia:Historical_components_of_the_Nasdaq-100+List_of_NASDAQ-100_companies,
2020-Q3,NTES,1,unchanged,wikipedia:Historical_components_of_the_Nasdaq-100+List_of_NASDAQ-100_companies,
2020-Q3,NVDA,1,unchanged,wikipedia:Historical_components_of_the_Nasdaq-100+List_of_NASDAQ-100_companies,
2020-Q3,NXPI,1,unchanged,wikipedia:Historical_components_of_the_Nasdaq-100+List_of_NASDAQ-100_companies,
2020-Q3,ORLY,1,unchanged,wikipedia:Historical_components_of_the_Nasdaq-100+List_of_NASDAQ-100_companies,
2020-Q3,PAYX,1,unchanged,wikipedia:Historical_components_of_the_Nasdaq-100+List_of_NASDAQ-100_companies,
2020-Q3,PCAR,1,unchanged,wikipedia:Historical_components_of_the_Nasdaq-100+List_of_NASDAQ-100_companies,
2020-Q3,PDD,1,added,wikipedia:Historical_components_of_the_Nasdaq-100+List_of_NASDAQ-100_companies,
2020-Q3,PEP,1,unchanged,wikipedia:Historical_components_of_the_Nasdaq-100+List_of_NASDAQ-100_companies,
2020-Q3,PYPL,1,unchanged,wikipedia:Historical_components_of_the_Nasdaq-100+List_of_NASDAQ-100_companies,
2020-Q3,QCOM,1,unchanged,wikipedia:Historical_components_of_the_Nasdaq-100+List_of_NASDAQ-100_companies,
2020-Q3,REGN,1,unchanged,wikipedia:Historical_components_of_the_Nasdaq-100+List_of_NASDAQ-100_companies,
2020-Q3,ROST,1,unchanged,wikipedia:Historical_components_of_the_Nasdaq-100+List_of_NASDAQ-100_companies,
2020-Q3,SBUX,1,unchanged,wikipedia:Historical_components_of_the_Nasdaq-100+List_of_NASDAQ-100_companies,
2020-Q3,SGEN,1,unchanged,wikipedia:Historical_components_of_the_Nasdaq-100+List_of_NASDAQ-100_companies,
2020-Q3,SIRI,1,unchanged,wikipedia:Historical_components_of_the_Nasdaq-100+List_of_NASDAQ-100_companies,
2020-Q3,SNPS,1,unchanged,wikipedia:Historical_components_of_the_Nasdaq-100+List_of_NASDAQ-100_companies,
2020-Q3,SPLK,1,unchanged,wikipedia:Historical_components_of_the_Nasdaq-100+List_of_NASDAQ-100_companies,
2020-Q3,SWKS,1,unchanged,wikipedia:Historical_components_of_the_Nasdaq-100+List_of_NASDAQ-100_companies,
2020-Q3,TCOM,1,unchanged,wikipedia:Historical_components_of_the_Nasdaq-100+List_of_NASDAQ-100_companies,
2020-Q3,TMUS,1,unchanged,wikipedia:Historical_components_of_the_Nasdaq-100+List_of_NASDAQ-100_companies,
2020-Q3,TSLA,1,unchanged,wikipedia:Historical_components_of_the_Nasdaq-100+List_of_NASDAQ-100_companies,
2020-Q3,TTWO,1,unchanged,wikipedia:Historical_components_of_the_Nasdaq-100+List_of_NASDAQ-100_companies,
2020-Q3,TXN,1,unchanged,wikipedia:Historical_components_of_the_Nasdaq-100+List_of_NASDAQ-100_companies,
2020-Q3,ULTA,1,unchanged,wikipedia:Historical_components_of_the_Nasdaq-100+List_of_NASDAQ-100_companies,
2020-Q3,VRSK,1,unchanged,wikipedia:Historical_components_of_the_Nasdaq-100+List_of_NASDAQ-100_companies,
2020-Q3,VRSN,1,unchanged,wikipedia:Historical_components_of_the_Nasdaq-100+List_of_NASDAQ-100_companies,
2020-Q3,VRTX,1,unchanged,wikipedia:Historical_components_of_the_Nasdaq-100+List_of_NASDAQ-100_companies,
2020-Q3,WBA,1,unchanged,wikipedia:Historical_components_of_the_Nasdaq-100+List_of_NASDAQ-100_companies,
2020-Q3,WDAY,1,unchanged,wikipedia:Historical_components_of_the_Nasdaq-100+List_of_NASDAQ-100_companies,
2020-Q3,WDC,1,unchanged,wikipedia:Historical_components_of_the_Nasdaq-100+List_of_NASDAQ-100_companies,
2020-Q3,XEL,1,unchanged,wikipedia:Historical_components_of_the_Nasdaq-100+List_of_NASDAQ-100_companies,
2020-Q3,XLNX,1,unchanged,wikipedia:Historical_components_of_the_Nasdaq-100+List_of_NASDAQ-100_companies,
2020-Q3,ZM,1,unchanged,wikipedia:Historical_components_of_the_Nasdaq-100+List_of_NASDAQ-100_companies,
2020-Q3,CSGP,0,removed,wikipedia:Historical_components_of_the_Nasdaq-100+List_of_NASDAQ-100_companies,
2020-Q3,NTAP,0,removed,wikipedia:Historical_components_of_the_Nasdaq-100+List_of_NASDAQ-100_companies,
2020-Q4,AAPL,1,unchanged,wikipedia:Historical_components_of_the_Nasdaq-100+List_of_NASDAQ-100_companies,
2020-Q4,ADBE,1,unchanged,wikipedia:Historical_components_of_the_Nasdaq-100+List_of_NASDAQ-100_companies,
2020-Q4,ADI,1,unchanged,wikipedia:Historical_components_of_the_Nasdaq-100+List_of_NASDAQ-100_companies,
2020-Q4,ADP,1,unchanged,wikipedia:Historical_components_of_the_Nasdaq-100+List_of_NASDAQ-100_companies,
2020-Q4,ADSK,1,unchanged,wikipedia:Historical_components_of_the_Nasdaq-100+List_of_NASDAQ-100_companies,
2020-Q4,AEP,1,added,wikipedia:Historical_components_of_the_Nasdaq-100+List_of_NASDAQ-100_companies,
2020-Q4,ALGN,1,unchanged,wikipedia:Historical_components_of_the_Nasdaq-100+List_of_NASDAQ-100_companies,
2020-Q4,ALXN,1,unchanged,wikipedia:Historical_components_of_the_Nasdaq-100+List_of_NASDAQ-100_companies,
2020-Q4,AMAT,1,unchanged,wikipedia:Historical_components_of_the_Nasdaq-100+List_of_NASDAQ-100_companies,
2020-Q4,AMD,1,unchanged,wikipedia:Historical_components_of_the_Nasdaq-100+List_of_NASDAQ-100_companies,
2020-Q4,AMGN,1,unchanged,wikipedia:Historical_components_of_the_Nasdaq-100+List_of_NASDAQ-100_companies,
2020-Q4,AMZN,1,unchanged,wikipedia:Historical_components_of_the_Nasdaq-100+List_of_NASDAQ-100_companies,
2020-Q4,ANSS,1,unchanged,wikipedia:Historical_components_of_the_Nasdaq-100+List_of_NASDAQ-100_companies,
2020-Q4,ASML,1,unchanged,wikipedia:Historical_components_of_the_Nasdaq-100+List_of_NASDAQ-100_companies,
2020-Q4,ATVI,1,unchanged,wikipedia:Historical_components_of_the_Nasdaq-100+List_of_NASDAQ-100_companies,
2020-Q4,AVGO,1,unchanged,wikipedia:Historical_components_of_the_Nasdaq-100+List_of_NASDAQ-100_companies,
2020-Q4,BIDU,1,unchanged,wikipedia:Historical_components_of_the_Nasdaq-100+List_of_NASDAQ-100_companies,
2020-Q4,BIIB,1,unchanged,wikipedia:Historical_components_of_the_Nasdaq-100+List_of_NASDAQ-100_companies,
2020-Q4,BKNG,1,unchanged,wikipedia:Historical_components_of_the_Nasdaq-100+List_of_NASDAQ-100_companies,
2020-Q4,CDNS,1,unchanged,wikipedia:Historical_components_of_the_Nasdaq-100+List_of_NASDAQ-100_companies,
2020-Q4,CDW,1,unchanged,wikipedia:Historical_components_of_the_Nasdaq-100+List_of_NASDAQ-100_companies,
2020-Q4,CERN,1,unchanged,wikipedia:Historical_components_of_the_Nasdaq-100+List_of_NASDAQ-100_companies,
2020-Q4,CHKP,1,unchanged,wikipedia:Historical_components_of_the_Nasdaq-100+List_of_NASDAQ-100_companies,
2020-Q4,CHTR,1,unchanged,wikipedia:Historical_components_of_the_Nasdaq-100+List_of_NASDAQ-100_companies,
2020-Q4,CMCSA,1,unchanged,wikipedia:Historical_components_of_the_Nasdaq-100+List_of_NASDAQ-100_companies,
2020-Q4,COST,1,unchanged,wikipedia:Historical_components_of_the_Nasdaq-100+List_of_NASDAQ-100_companies,
2020-Q4,CPRT,1,unchanged,wikipedia:Historical_components_of_the_Nasdaq-100+List_of_NASDAQ-100_companies,
2020-Q4,CSCO,1,unchanged,wikipedia:Historical_components_of_the_Nasdaq-100+List_of_NASDAQ-100_companies,
2020-Q4,CSX,1,unchanged,wikipedia:Historical_components_of_the_Nasdaq-100+List_of_NASDAQ-100_companies,
2020-Q4,CTAS,1,unchanged,wikipedia:Historical_components_of_the_Nasdaq-100+List_of_NASDAQ-100_companies,
2020-Q4,CTSH,1,unchanged,wikipedia:Historical_components_of_the_Nasdaq-100+List_of_NASDAQ-100_companies,
2020-Q4,DLTR,1,unchanged,wikipedia:Historical_components_of_the_Nasdaq-100+List_of_NASDAQ-100_companies,
2020-Q4,DOCU,1,unchanged,wikipedia:Historical_components_of_the_Nasdaq-100+List_of_NASDAQ-100_companies,
2020-Q4,DXCM,1,unchanged,wikipedia:Historical_components_of_the_Nasdaq-100+List_of_NASDAQ-100_companies,
2020-Q4,EA,1,unchanged,wikipedia:Historical_components_of_the_Nasdaq-100+List_of_NASDAQ-100_companies,
2020-Q4,EBAY,1,unchanged,wikipedia:Historical_components_of_the_Nasdaq-100+List_of_NASDAQ-100_companies,
2020-Q4,EXC,1,unchanged,wikipedia:Historical_components_of_the_Nasdaq-100+List_of_NASDAQ-100_companies,
2020-Q4,FAST,1,unchanged,wikipedia:Historical_components_of_the_Nasdaq-100+List_of_NASDAQ-100_companies,
2020-Q4,FI,1,unchanged,wikipedia:Historical_components_of_the_Nasdaq-100+List_of_NASDAQ-100_companies,
2020-Q4,FOX,1,unchanged,wikipedia:Historical_components_of_the_Nasdaq-100+List_of_NASDAQ-100_companies,
2020-Q4,FOXA,1,unchanged,wikipedia:Historical_components_of_the_Nasdaq-100+List_of_NASDAQ-100_companies,
2020-Q4,GILD,1,unchanged,wikipedia:Historical_components_of_the_Nasdaq-100+List_of_NASDAQ-100_companies,
2020-Q4,GOOG,1,unchanged,wikipedia:Historical_components_of_the_Nasdaq-100+List_of_NASDAQ-100_companies,
2020-Q4,GOOGL,1,unchanged,wikipedia:Historical_components_of_the_Nasdaq-100+List_of_NASDAQ-100_companies,
2020-Q4,IDXX,1,unchanged,wikipedia:Historical_components_of_the_Nasdaq-100+List_of_NASDAQ-100_companies,
2020-Q4,ILMN,1,unchanged,wikipedia:Historical_components_of_the_Nasdaq-100+List_of_NASDAQ-100_companies,
2020-Q4,INCY,1,unchanged,wikipedia:Historical_components_of_the_Nasdaq-100+List_of_NASDAQ-100_companies,
2020-Q4,INTC,1,unchanged,wikipedia:Historical_components_of_the_Nasdaq-100+List_of_NASDAQ-100_companies,
2020-Q4,INTU,1,unchanged,wikipedia:Historical_components_of_the_Nasdaq-100+List_of_NASDAQ-100_companies,
2020-Q4,ISRG,1,unchanged,wikipedia:Historical_components_of_the_Nasdaq-100+List_of_NASDAQ-100_companies,
2020-Q4,JD,1,unchanged,wikipedia:Historical_components_of_the_Nasdaq-100+List_of_NASDAQ-100_companies,
2020-Q4,KDP,1,added,wikipedia:Historical_components_of_the_Nasdaq-100+List_of_NASDAQ-100_companies,
2020-Q4,KHC,1,unchanged,wikipedia:Historical_components_of_the_Nasdaq-100+List_of_NASDAQ-100_companies,
2020-Q4,KLAC,1,unchanged,wikipedia:Historical_components_of_the_Nasdaq-100+List_of_NASDAQ-100_companies,
2020-Q4,LRCX,1,unchanged,wikipedia:Historical_components_of_the_Nasdaq-100+List_of_NASDAQ-100_companies,
2020-Q4,LULU,1,unchanged,wikipedia:Historical_components_of_the_Nasdaq-100+List_of_NASDAQ-100_companies,
2020-Q4,MAR,1,unchanged,wikipedia:Historical_components_of_the_Nasdaq-100+List_of_NASDAQ-100_companies,
2020-Q4,MCHP,1,unchanged,wikipedia:Historical_components_of_the_Nasdaq-100+List_of_NASDAQ-100_companies,
2020-Q4,MDLZ,1,unchanged,wikipedia:Historical_components_of_the_Nasdaq-100+List_of_NASDAQ-100_companies,
2020-Q4,MELI,1,unchanged,wikipedia:Historical_components_of_the_Nasdaq-100+List_of_NASDAQ-100_companies,
2020-Q4,META,1,unchanged,wikipedia:Historical_components_of_the_Nasdaq-100+List_of_NASDAQ-100_companies,
2020-Q4,MNST,1,unchanged,wikipedia:Historical_components_of_the_Nasdaq-100+List_of_NASDAQ-100_companies,
2020-Q4,MRNA,1,unchanged,wikipedia:Historical_components_of_the_Nasdaq-100+List_of_NASDAQ-100_companies,
2020-Q4,MRVL,1,added,wikipedia:Historical_components_of_the_Nasdaq-100+List_of_NASDAQ-100_companies,
2020-Q4,MSFT,1,unchanged,wikipedia:Historical_components_of_the_Nasdaq-100+List_of_NASDAQ-100_companies,
2020-Q4,MTCH,1,added,wikipedia:Historical_components_of_the_Nasdaq-100+List_of_NASDAQ-100_companies,
2020-Q4,MU,1,unchanged,wikipedia:Historical_components_of_the_Nasdaq-100+List_of_NASDAQ-100_companies,
2020-Q4,MXIM,1,unchanged,wikipedia:Historical_components_of_the_Nasdaq-100+List_of_NASDAQ-100_companies,
2020-Q4,NFLX,1,unchanged,wikipedia:Historical_components_of_the_Nasdaq-100+List_of_NASDAQ-100_companies,
2020-Q4,NTES,1,unchanged,wikipedia:Historical_components_of_the_Nasdaq-100+List_of_NASDAQ-100_companies,
2020-Q4,NVDA,1,unchanged,wikipedia:Historical_components_of_the_Nasdaq-100+List_of_NASDAQ-100_companies,
2020-Q4,NXPI,1,unchanged,wikipedia:Historical_components_of_the_Nasdaq-100+List_of_NASDAQ-100_companies,
2020-Q4,OKTA,1,added,wikipedia:Historical_components_of_the_Nasdaq-100+List_of_NASDAQ-100_companies,
2020-Q4,ORLY,1,unchanged,wikipedia:Historical_components_of_the_Nasdaq-100+List_of_NASDAQ-100_companies,
2020-Q4,PAYX,1,unchanged,wikipedia:Historical_components_of_the_Nasdaq-100+List_of_NASDAQ-100_companies,
2020-Q4,PCAR,1,unchanged,wikipedia:Historical_components_of_the_Nasdaq-100+List_of_NASDAQ-100_companies,
2020-Q4,PDD,1,unchanged,wikipedia:Historical_components_of_the_Nasdaq-100+List_of_NASDAQ-100_companies,
2020-Q4,PEP,1,unchanged,wikipedia:Historical_components_of_the_Nasdaq-100+List_of_NASDAQ-100_companies,
2020-Q4,PTON,1,added,wikipedia:Historical_components_of_the_Nasdaq-100+List_of_NASDAQ-100_companies,
2020-Q4,PYPL,1,unchanged,wikipedia:Historical_components_of_the_Nasdaq-100+List_of_NASDAQ-100_companies,
2020-Q4,QCOM,1,unchanged,wikipedia:Historical_components_of_the_Nasdaq-100+List_of_NASDAQ-100_companies,
2020-Q4,REGN,1,unchanged,wikipedia:Historical_components_of_the_Nasdaq-100+List_of_NASDAQ-100_companies,
2020-Q4,ROST,1,unchanged,wikipedia:Historical_components_of_the_Nasdaq-100+List_of_NASDAQ-100_companies,
2020-Q4,SBUX,1,unchanged,wikipedia:Historical_components_of_the_Nasdaq-100+List_of_NASDAQ-100_companies,
2020-Q4,SGEN,1,unchanged,wikipedia:Historical_components_of_the_Nasdaq-100+List_of_NASDAQ-100_companies,
2020-Q4,SIRI,1,unchanged,wikipedia:Historical_components_of_the_Nasdaq-100+List_of_NASDAQ-100_companies,
2020-Q4,SNPS,1,unchanged,wikipedia:Historical_components_of_the_Nasdaq-100+List_of_NASDAQ-100_companies,
2020-Q4,SPLK,1,unchanged,wikipedia:Historical_components_of_the_Nasdaq-100+List_of_NASDAQ-100_companies,
2020-Q4,SWKS,1,unchanged,wikipedia:Historical_components_of_the_Nasdaq-100+List_of_NASDAQ-100_companies,
2020-Q4,TCOM,1,unchanged,wikipedia:Historical_components_of_the_Nasdaq-100+List_of_NASDAQ-100_companies,
2020-Q4,TEAM,1,added,wikipedia:Historical_components_of_the_Nasdaq-100+List_of_NASDAQ-100_companies,
2020-Q4,TMUS,1,unchanged,wikipedia:Historical_components_of_the_Nasdaq-100+List_of_NASDAQ-100_companies,
2020-Q4,TSLA,1,unchanged,wikipedia:Historical_components_of_the_Nasdaq-100+List_of_NASDAQ-100_companies,
2020-Q4,TXN,1,unchanged,wikipedia:Historical_components_of_the_Nasdaq-100+List_of_NASDAQ-100_companies,
2020-Q4,VRSK,1,unchanged,wikipedia:Historical_components_of_the_Nasdaq-100+List_of_NASDAQ-100_companies,
2020-Q4,VRSN,1,unchanged,wikipedia:Historical_components_of_the_Nasdaq-100+List_of_NASDAQ-100_companies,
2020-Q4,VRTX,1,unchanged,wikipedia:Historical_components_of_the_Nasdaq-100+List_of_NASDAQ-100_companies,
2020-Q4,WBA,1,unchanged,wikipedia:Historical_components_of_the_Nasdaq-100+List_of_NASDAQ-100_companies,
2020-Q4,WDAY,1,unchanged,wikipedia:Historical_components_of_the_Nasdaq-100+List_of_NASDAQ-100_companies,
2020-Q4,XEL,1,unchanged,wikipedia:Historical_components_of_the_Nasdaq-100+List_of_NASDAQ-100_companies,
2020-Q4,XLNX,1,unchanged,wikipedia:Historical_components_of_the_Nasdaq-100+List_of_NASDAQ-100_companies,
2020-Q4,ZM,1,unchanged,wikipedia:Historical_components_of_the_Nasdaq-100+List_of_NASDAQ-100_companies,
2020-Q4,BMRN,0,removed,wikipedia:Historical_components_of_the_Nasdaq-100+List_of_NASDAQ-100_companies,
2020-Q4,CTXS,0,removed,wikipedia:Historical_components_of_the_Nasdaq-100+List_of_NASDAQ-100_companies,
2020-Q4,EXPE,0,removed,wikipedia:Historical_components_of_the_Nasdaq-100+List_of_NASDAQ-100_companies,
2020-Q4,LBTYA,0,removed,wikipedia:Historical_components_of_the_Nasdaq-100+List_of_NASDAQ-100_companies,
2020-Q4,LBTYK,0,removed,wikipedia:Historical_components_of_the_Nasdaq-100+List_of_NASDAQ-100_companies,
2020-Q4,TTWO,0,removed,wikipedia:Historical_components_of_the_Nasdaq-100+List_of_NASDAQ-100_companies,
2020-Q4,ULTA,0,removed,wikipedia:Historical_components_of_the_Nasdaq-100+List_of_NASDAQ-100_companies,
2020-Q4,WDC,0,removed,wikipedia:Historical_components_of_the_Nasdaq-100+List_of_NASDAQ-100_companies,
2021-Q1,AAPL,1,unchanged,wikipedia:Historical_components_of_the_Nasdaq-100+List_of_NASDAQ-100_companies,
2021-Q1,ADBE,1,unchanged,wikipedia:Historical_components_of_the_Nasdaq-100+List_of_NASDAQ-100_companies,
2021-Q1,ADI,1,unchanged,wikipedia:Historical_components_of_the_Nasdaq-100+List_of_NASDAQ-100_companies,
2021-Q1,ADP,1,unchanged,wikipedia:Historical_components_of_the_Nasdaq-100+List_of_NASDAQ-100_companies,
2021-Q1,ADSK,1,unchanged,wikipedia:Historical_components_of_the_Nasdaq-100+List_of_NASDAQ-100_companies,
2021-Q1,AEP,1,unchanged,wikipedia:Historical_components_of_the_Nasdaq-100+List_of_NASDAQ-100_companies,
2021-Q1,ALGN,1,unchanged,wikipedia:Historical_components_of_the_Nasdaq-100+List_of_NASDAQ-100_companies,
2021-Q1,ALXN,1,unchanged,wikipedia:Historical_components_of_the_Nasdaq-100+List_of_NASDAQ-100_companies,
2021-Q1,AMAT,1,unchanged,wikipedia:Historical_components_of_the_Nasdaq-100+List_of_NASDAQ-100_companies,
2021-Q1,AMD,1,unchanged,wikipedia:Historical_components_of_the_Nasdaq-100+List_of_NASDAQ-100_companies,
2021-Q1,AMGN,1,unchanged,wikipedia:Historical_components_of_the_Nasdaq-100+List_of_NASDAQ-100_companies,
2021-Q1,AMZN,1,unchanged,wikipedia:Historical_components_of_the_Nasdaq-100+List_of_NASDAQ-100_companies,
2021-Q1,ANSS,1,unchanged,wikipedia:Historical_components_of_the_Nasdaq-100+List_of_NASDAQ-100_companies,
2021-Q1,ASML,1,unchanged,wikipedia:Historical_components_of_the_Nasdaq-100+List_of_NASDAQ-100_companies,
2021-Q1,ATVI,1,unchanged,wikipedia:Historical_components_of_the_Nasdaq-100+List_of_NASDAQ-100_companies,
2021-Q1,AVGO,1,unchanged,wikipedia:Historical_components_of_the_Nasdaq-100+List_of_NASDAQ-100_companies,
2021-Q1,BIDU,1,unchanged,wikipedia:Historical_components_of_the_Nasdaq-100+List_of_NASDAQ-100_companies,
2021-Q1,BIIB,1,unchanged,wikipedia:Historical_components_of_the_Nasdaq-100+List_of_NASDAQ-100_companies,
2021-Q1,BKNG,1,unchanged,wikipedia:Historical_components_of_the_Nasdaq-100+List_of_NASDAQ-100_companies,
2021-Q1,CDNS,1,unchanged,wikipedia:Historical_components_of_the_Nasdaq-100+List_of_NASDAQ-100_companies,
2021-Q1,CDW,1,unchanged,wikipedia:Historical_components_of_the_Nasdaq-100+List_of_NASDAQ-100_companies,
2021-Q1,CERN,1,unchanged,wikipedia:Historical_components_of_the_Nasdaq-100+List_of_NASDAQ-100_companies,
2021-Q1,CHKP,1,unchanged,wikipedia:Historical_components_of_the_Nasdaq-100+List_of_NASDAQ-100_companies,
2021-Q1,CHTR,1,unchanged,wikipedia:Historical_components_of_the_Nasdaq-100+List_of_NASDAQ-100_companies,
2021-Q1,CMCSA,1,unchanged,wikipedia:Historical_components_of_the_Nasdaq-100+List_of_NASDAQ-100_companies,
2021-Q1,COST,1,unchanged,wikipedia:Historical_components_of_the_Nasdaq-100+List_of_NASDAQ-100_companies,
2021-Q1,CPRT,1,unchanged,wikipedia:Historical_components_of_the_Nasdaq-100+List_of_NASDAQ-100_companies,
2021-Q1,CSCO,1,unchanged,wikipedia:Historical_components_of_the_Nasdaq-100+List_of_NASDAQ-100_companies,
2021-Q1,CSX,1,unchanged,wikipedia:Historical_components_of_the_Nasdaq-100+List_of_NASDAQ-100_companies,
2021-Q1,CTAS,1,unchanged,wikipedia:Historical_components_of_the_Nasdaq-100+List_of_NASDAQ-100_companies,
2021-Q1,CTSH,1,unchanged,wikipedia:Historical_components_of_the_Nasdaq-100+List_of_NASDAQ-100_companies,
2021-Q1,DLTR,1,unchanged,wikipedia:Historical_components_of_the_Nasdaq-100+List_of_NASDAQ-100_companies,
2021-Q1,DOCU,1,unchanged,wikipedia:Historical_components_of_the_Nasdaq-100+List_of_NASDAQ-100_companies,
2021-Q1,DXCM,1,unchanged,wikipedia:Historical_components_of_the_Nasdaq-100+List_of_NASDAQ-100_companies,
2021-Q1,EA,1,unchanged,wikipedia:Historical_components_of_the_Nasdaq-100+List_of_NASDAQ-100_companies,
2021-Q1,EBAY,1,unchanged,wikipedia:Historical_components_of_the_Nasdaq-100+List_of_NASDAQ-100_companies,
2021-Q1,EXC,1,unchanged,wikipedia:Historical_components_of_the_Nasdaq-100+List_of_NASDAQ-100_companies,
2021-Q1,FAST,1,unchanged,wikipedia:Historical_components_of_the_Nasdaq-100+List_of_NASDAQ-100_companies,
2021-Q1,FI,1,unchanged,wikipedia:Historical_components_of_the_Nasdaq-100+List_of_NASDAQ-100_companies,
2021-Q1,FOX,1,unchanged,wikipedia:Historical_components_of_the_Nasdaq-100+List_of_NASDAQ-100_companies,
2021-Q1,FOXA,1,unchanged,wikipedia:Historical_components_of_the_Nasdaq-100+List_of_NASDAQ-100_companies,
2021-Q1,GILD,1,unchanged,wikipedia:Historical_components_of_the_Nasdaq-100+List_of_NASDAQ-100_companies,
2021-Q1,GOOG,1,unchanged,wikipedia:Historical_components_of_the_Nasdaq-100+List_of_NASDAQ-100_companies,
2021-Q1,GOOGL,1,unchanged,wikipedia:Historical_components_of_the_Nasdaq-100+List_of_NASDAQ-100_companies,
2021-Q1,IDXX,1,unchanged,wikipedia:Historical_components_of_the_Nasdaq-100+List_of_NASDAQ-100_companies,
2021-Q1,ILMN,1,unchanged,wikipedia:Historical_components_of_the_Nasdaq-100+List_of_NASDAQ-100_companies,
2021-Q1,INCY,1,unchanged,wikipedia:Historical_components_of_the_Nasdaq-100+List_of_NASDAQ-100_companies,
2021-Q1,INTC,1,unchanged,wikipedia:Historical_components_of_the_Nasdaq-100+List_of_NASDAQ-100_companies,
2021-Q1,INTU,1,unchanged,wikipedia:Historical_components_of_the_Nasdaq-100+List_of_NASDAQ-100_companies,
2021-Q1,ISRG,1,unchanged,wikipedia:Historical_components_of_the_Nasdaq-100+List_of_NASDAQ-100_companies,
2021-Q1,JD,1,unchanged,wikipedia:Historical_components_of_the_Nasdaq-100+List_of_NASDAQ-100_companies,
2021-Q1,KDP,1,unchanged,wikipedia:Historical_components_of_the_Nasdaq-100+List_of_NASDAQ-100_companies,
2021-Q1,KHC,1,unchanged,wikipedia:Historical_components_of_the_Nasdaq-100+List_of_NASDAQ-100_companies,
2021-Q1,KLAC,1,unchanged,wikipedia:Historical_components_of_the_Nasdaq-100+List_of_NASDAQ-100_companies,
2021-Q1,LRCX,1,unchanged,wikipedia:Historical_components_of_the_Nasdaq-100+List_of_NASDAQ-100_companies,
2021-Q1,LULU,1,unchanged,wikipedia:Historical_components_of_the_Nasdaq-100+List_of_NASDAQ-100_companies,
2021-Q1,MAR,1,unchanged,wikipedia:Historical_components_of_the_Nasdaq-100+List_of_NASDAQ-100_companies,
2021-Q1,MCHP,1,unchanged,wikipedia:Historical_components_of_the_Nasdaq-100+List_of_NASDAQ-100_companies,
2021-Q1,MDLZ,1,unchanged,wikipedia:Historical_components_of_the_Nasdaq-100+List_of_NASDAQ-100_companies,
2021-Q1,MELI,1,unchanged,wikipedia:Historical_components_of_the_Nasdaq-100+List_of_NASDAQ-100_companies,
2021-Q1,META,1,unchanged,wikipedia:Historical_components_of_the_Nasdaq-100+List_of_NASDAQ-100_companies,
2021-Q1,MNST,1,unchanged,wikipedia:Historical_components_of_the_Nasdaq-100+List_of_NASDAQ-100_companies,
2021-Q1,MRNA,1,unchanged,wikipedia:Historical_components_of_the_Nasdaq-100+List_of_NASDAQ-100_companies,
2021-Q1,MRVL,1,unchanged,wikipedia:Historical_components_of_the_Nasdaq-100+List_of_NASDAQ-100_companies,
2021-Q1,MSFT,1,unchanged,wikipedia:Historical_components_of_the_Nasdaq-100+List_of_NASDAQ-100_companies,
2021-Q1,MTCH,1,unchanged,wikipedia:Historical_components_of_the_Nasdaq-100+List_of_NASDAQ-100_companies,
2021-Q1,MU,1,unchanged,wikipedia:Historical_components_of_the_Nasdaq-100+List_of_NASDAQ-100_companies,
2021-Q1,MXIM,1,unchanged,wikipedia:Historical_components_of_the_Nasdaq-100+List_of_NASDAQ-100_companies,
2021-Q1,NFLX,1,unchanged,wikipedia:Historical_components_of_the_Nasdaq-100+List_of_NASDAQ-100_companies,
2021-Q1,NTES,1,unchanged,wikipedia:Historical_components_of_the_Nasdaq-100+List_of_NASDAQ-100_companies,
2021-Q1,NVDA,1,unchanged,wikipedia:Historical_components_of_the_Nasdaq-100+List_of_NASDAQ-100_companies,
2021-Q1,NXPI,1,unchanged,wikipedia:Historical_components_of_the_Nasdaq-100+List_of_NASDAQ-100_companies,
2021-Q1,OKTA,1,unchanged,wikipedia:Historical_components_of_the_Nasdaq-100+List_of_NASDAQ-100_companies,
2021-Q1,ORLY,1,unchanged,wikipedia:Historical_components_of_the_Nasdaq-100+List_of_NASDAQ-100_companies,
2021-Q1,PAYX,1,unchanged,wikipedia:Historical_components_of_the_Nasdaq-100+List_of_NASDAQ-100_companies,
2021-Q1,PCAR,1,unchanged,wikipedia:Historical_components_of_the_Nasdaq-100+List_of_NASDAQ-100_companies,
2021-Q1,PDD,1,unchanged,wikipedia:Historical_components_of_the_Nasdaq-100+List_of_NASDAQ-100_companies,
2021-Q1,PEP,1,unchanged,wikipedia:Historical_components_of_the_Nasdaq-100+List_of_NASDAQ-100_companies,
2021-Q1,PTON,1,unchanged,wikipedia:Historical_components_of_the_Nasdaq-100+List_of_NASDAQ-100_companies,
2021-Q1,PYPL,1,unchanged,wikipedia:Historical_components_of_the_Nasdaq-100+List_of_NASDAQ-100_companies,
2021-Q1,QCOM,1,unchanged,wikipedia:Historical_components_of_the_Nasdaq-100+List_of_NASDAQ-100_companies,
2021-Q1,REGN,1,unchanged,wikipedia:Historical_components_of_the_Nasdaq-100+List_of_NASDAQ-100_companies,
2021-Q1,ROST,1,unchanged,wikipedia:Historical_components_of_the_Nasdaq-100+List_of_NASDAQ-100_companies,
2021-Q1,SBUX,1,unchanged,wikipedia:Historical_components_of_the_Nasdaq-100+List_of_NASDAQ-100_companies,
2021-Q1,SGEN,1,unchanged,wikipedia:Historical_components_of_the_Nasdaq-100+List_of_NASDAQ-100_companies,
2021-Q1,SIRI,1,unchanged,wikipedia:Historical_components_of_the_Nasdaq-100+List_of_NASDAQ-100_companies,
2021-Q1,SNPS,1,unchanged,wikipedia:Historical_components_of_the_Nasdaq-100+List_of_NASDAQ-100_companies,
2021-Q1,SPLK,1,unchanged,wikipedia:Historical_components_of_the_Nasdaq-100+List_of_NASDAQ-100_companies,
2021-Q1,SWKS,1,unchanged,wikipedia:Historical_components_of_the_Nasdaq-100+List_of_NASDAQ-100_companies,
2021-Q1,TCOM,1,unchanged,wikipedia:Historical_components_of_the_Nasdaq-100+List_of_NASDAQ-100_companies,
2021-Q1,TEAM,1,unchanged,wikipedia:Historical_components_of_the_Nasdaq-100+List_of_NASDAQ-100_companies,
2021-Q1,TMUS,1,unchanged,wikipedia:Historical_components_of_the_Nasdaq-100+List_of_NASDAQ-100_companies,
2021-Q1,TSLA,1,unchanged,wikipedia:Historical_components_of_the_Nasdaq-100+List_of_NASDAQ-100_companies,
2021-Q1,TXN,1,unchanged,wikipedia:Historical_components_of_the_Nasdaq-100+List_of_NASDAQ-100_companies,
2021-Q1,VRSK,1,unchanged,wikipedia:Historical_components_of_the_Nasdaq-100+List_of_NASDAQ-100_companies,
2021-Q1,VRSN,1,unchanged,wikipedia:Historical_components_of_the_Nasdaq-100+List_of_NASDAQ-100_companies,
2021-Q1,VRTX,1,unchanged,wikipedia:Historical_components_of_the_Nasdaq-100+List_of_NASDAQ-100_companies,
2021-Q1,WBA,1,unchanged,wikipedia:Historical_components_of_the_Nasdaq-100+List_of_NASDAQ-100_companies,
2021-Q1,WDAY,1,unchanged,wikipedia:Historical_components_of_the_Nasdaq-100+List_of_NASDAQ-100_companies,
2021-Q1,XEL,1,unchanged,wikipedia:Historical_components_of_the_Nasdaq-100+List_of_NASDAQ-100_companies,
2021-Q1,XLNX,1,unchanged,wikipedia:Historical_components_of_the_Nasdaq-100+List_of_NASDAQ-100_companies,
2021-Q1,ZM,1,unchanged,wikipedia:Historical_components_of_the_Nasdaq-100+List_of_NASDAQ-100_companies,
2021-Q2,AAPL,1,unchanged,wikipedia:Historical_components_of_the_Nasdaq-100+List_of_NASDAQ-100_companies,
2021-Q2,ADBE,1,unchanged,wikipedia:Historical_components_of_the_Nasdaq-100+List_of_NASDAQ-100_companies,
2021-Q2,ADI,1,unchanged,wikipedia:Historical_components_of_the_Nasdaq-100+List_of_NASDAQ-100_companies,
2021-Q2,ADP,1,unchanged,wikipedia:Historical_components_of_the_Nasdaq-100+List_of_NASDAQ-100_companies,
2021-Q2,ADSK,1,unchanged,wikipedia:Historical_components_of_the_Nasdaq-100+List_of_NASDAQ-100_companies,
2021-Q2,AEP,1,unchanged,wikipedia:Historical_components_of_the_Nasdaq-100+List_of_NASDAQ-100_companies,
2021-Q2,ALGN,1,unchanged,wikipedia:Historical_components_of_the_Nasdaq-100+List_of_NASDAQ-100_companies,
2021-Q2,ALXN,1,unchanged,wikipedia:Historical_components_of_the_Nasdaq-100+List_of_NASDAQ-100_companies,
2021-Q2,AMAT,1,unchanged,wikipedia:Historical_components_of_the_Nasdaq-100+List_of_NASDAQ-100_companies,
2021-Q2,AMD,1,unchanged,wikipedia:Historical_components_of_the_Nasdaq-100+List_of_NASDAQ-100_companies,
2021-Q2,AMGN,1,unchanged,wikipedia:Historical_components_of_the_Nasdaq-100+List_of_NASDAQ-100_companies,
2021-Q2,AMZN,1,unchanged,wikipedia:Historical_components_of_the_Nasdaq-100+List_of_NASDAQ-100_companies,
2021-Q2,ANSS,1,unchanged,wikipedia:Historical_components_of_the_Nasdaq-100+List_of_NASDAQ-100_companies,
2021-Q2,ASML,1,unchanged,wikipedia:Historical_components_of_the_Nasdaq-100+List_of_NASDAQ-100_companies,
2021-Q2,ATVI,1,unchanged,wikipedia:Historical_components_of_the_Nasdaq-100+List_of_NASDAQ-100_companies,
2021-Q2,AVGO,1,unchanged,wikipedia:Historical_components_of_the_Nasdaq-100+List_of_NASDAQ-100_companies,
2021-Q2,BIDU,1,unchanged,wikipedia:Historical_components_of_the_Nasdaq-100+List_of_NASDAQ-100_companies,
2021-Q2,BIIB,1,unchanged,wikipedia:Historical_components_of_the_Nasdaq-100+List_of_NASDAQ-100_companies,
2021-Q2,BKNG,1,unchanged,wikipedia:Historical_components_of_the_Nasdaq-100+List_of_NASDAQ-100_companies,
2021-Q2,CDNS,1,unchanged,wikipedia:Historical_components_of_the_Nasdaq-100+List_of_NASDAQ-100_companies,
2021-Q2,CDW,1,unchanged,wikipedia:Historical_components_of_the_Nasdaq-100+List_of_NASDAQ-100_companies,
2021-Q2,CERN,1,unchanged,wikipedia:Historical_components_of_the_Nasdaq-100+List_of_NASDAQ-100_companies,
2021-Q2,CHKP,1,unchanged,wikipedia:Historical_components_of_the_Nasdaq-100+List_of_NASDAQ-100_companies,
2021-Q2,CHTR,1,unchanged,wikipedia:Historical_components_of_the_Nasdaq-100+List_of_NASDAQ-100_companies,
2021-Q2,CMCSA,1,unchanged,wikipedia:Historical_components_of_the_Nasdaq-100+List_of_NASDAQ-100_companies,
2021-Q2,COST,1,unchanged,wikipedia:Historical_components_of_the_Nasdaq-100+List_of_NASDAQ-100_companies,
2021-Q2,CPRT,1,unchanged,wikipedia:Historical_components_of_the_Nasdaq-100+List_of_NASDAQ-100_companies,
2021-Q2,CSCO,1,unchanged,wikipedia:Historical_components_of_the_Nasdaq-100+List_of_NASDAQ-100_companies,
2021-Q2,CSX,1,unchanged,wikipedia:Historical_components_of_the_Nasdaq-100+List_of_NASDAQ-100_companies,
2021-Q2,CTAS,1,unchanged,wikipedia:Historical_components_of_the_Nasdaq-100+List_of_NASDAQ-100_companies,
2021-Q2,CTSH,1,unchanged,wikipedia:Historical_components_of_the_Nasdaq-100+List_of_NASDAQ-100_companies,
2021-Q2,DLTR,1,unchanged,wikipedia:Historical_components_of_the_Nasdaq-100+List_of_NASDAQ-100_companies,
2021-Q2,DOCU,1,unchanged,wikipedia:Historical_components_of_the_Nasdaq-100+List_of_NASDAQ-100_companies,
2021-Q2,DXCM,1,unchanged,wikipedia:Historical_components_of_the_Nasdaq-100+List_of_NASDAQ-100_companies,
2021-Q2,EA,1,unchanged,wikipedia:Historical_components_of_the_Nasdaq-100+List_of_NASDAQ-100_companies,
2021-Q2,EBAY,1,unchanged,wikipedia:Historical_components_of_the_Nasdaq-100+List_of_NASDAQ-100_companies,
2021-Q2,EXC,1,unchanged,wikipedia:Historical_components_of_the_Nasdaq-100+List_of_NASDAQ-100_companies,
2021-Q2,FAST,1,unchanged,wikipedia:Historical_components_of_the_Nasdaq-100+List_of_NASDAQ-100_companies,
2021-Q2,FI,1,unchanged,wikipedia:Historical_components_of_the_Nasdaq-100+List_of_NASDAQ-100_companies,
2021-Q2,FOX,1,unchanged,wikipedia:Historical_components_of_the_Nasdaq-100+List_of_NASDAQ-100_companies,
2021-Q2,FOXA,1,unchanged,wikipedia:Historical_components_of_the_Nasdaq-100+List_of_NASDAQ-100_companies,
2021-Q2,GILD,1,unchanged,wikipedia:Historical_components_of_the_Nasdaq-100+List_of_NASDAQ-100_companies,
2021-Q2,GOOG,1,unchanged,wikipedia:Historical_components_of_the_Nasdaq-100+List_of_NASDAQ-100_companies,
2021-Q2,GOOGL,1,unchanged,wikipedia:Historical_components_of_the_Nasdaq-100+List_of_NASDAQ-100_companies,
2021-Q2,IDXX,1,unchanged,wikipedia:Historical_components_of_the_Nasdaq-100+List_of_NASDAQ-100_companies,
2021-Q2,ILMN,1,unchanged,wikipedia:Historical_components_of_the_Nasdaq-100+List_of_NASDAQ-100_companies,
2021-Q2,INCY,1,unchanged,wikipedia:Historical_components_of_the_Nasdaq-100+List_of_NASDAQ-100_companies,
2021-Q2,INTC,1,unchanged,wikipedia:Historical_components_of_the_Nasdaq-100+List_of_NASDAQ-100_companies,
2021-Q2,INTU,1,unchanged,wikipedia:Historical_components_of_the_Nasdaq-100+List_of_NASDAQ-100_companies,
2021-Q2,ISRG,1,unchanged,wikipedia:Historical_components_of_the_Nasdaq-100+List_of_NASDAQ-100_companies,
2021-Q2,JD,1,unchanged,wikipedia:Historical_components_of_the_Nasdaq-100+List_of_NASDAQ-100_companies,
2021-Q2,KDP,1,unchanged,wikipedia:Historical_components_of_the_Nasdaq-100+List_of_NASDAQ-100_companies,
2021-Q2,KHC,1,unchanged,wikipedia:Historical_components_of_the_Nasdaq-100+List_of_NASDAQ-100_companies,
2021-Q2,KLAC,1,unchanged,wikipedia:Historical_components_of_the_Nasdaq-100+List_of_NASDAQ-100_companies,
2021-Q2,LRCX,1,unchanged,wikipedia:Historical_components_of_the_Nasdaq-100+List_of_NASDAQ-100_companies,
2021-Q2,LULU,1,unchanged,wikipedia:Historical_components_of_the_Nasdaq-100+List_of_NASDAQ-100_companies,
2021-Q2,MAR,1,unchanged,wikipedia:Historical_components_of_the_Nasdaq-100+List_of_NASDAQ-100_companies,
2021-Q2,MCHP,1,unchanged,wikipedia:Historical_components_of_the_Nasdaq-100+List_of_NASDAQ-100_companies,
2021-Q2,MDLZ,1,unchanged,wikipedia:Historical_components_of_the_Nasdaq-100+List_of_NASDAQ-100_companies,
2021-Q2,MELI,1,unchanged,wikipedia:Historical_components_of_the_Nasdaq-100+List_of_NASDAQ-100_companies,
2021-Q2,META,1,unchanged,wikipedia:Historical_components_of_the_Nasdaq-100+List_of_NASDAQ-100_companies,
2021-Q2,MNST,1,unchanged,wikipedia:Historical_components_of_the_Nasdaq-100+List_of_NASDAQ-100_companies,
2021-Q2,MRNA,1,unchanged,wikipedia:Historical_components_of_the_Nasdaq-100+List_of_NASDAQ-100_companies,
2021-Q2,MRVL,1,unchanged,wikipedia:Historical_components_of_the_Nasdaq-100+List_of_NASDAQ-100_companies,
2021-Q2,MSFT,1,unchanged,wikipedia:Historical_components_of_the_Nasdaq-100+List_of_NASDAQ-100_companies,
2021-Q2,MTCH,1,unchanged,wikipedia:Historical_components_of_the_Nasdaq-100+List_of_NASDAQ-100_companies,
2021-Q2,MU,1,unchanged,wikipedia:Historical_components_of_the_Nasdaq-100+List_of_NASDAQ-100_companies,
2021-Q2,MXIM,1,unchanged,wikipedia:Historical_components_of_the_Nasdaq-100+List_of_NASDAQ-100_companies,
2021-Q2,NFLX,1,unchanged,wikipedia:Historical_components_of_the_Nasdaq-100+List_of_NASDAQ-100_companies,
2021-Q2,NTES,1,unchanged,wikipedia:Historical_components_of_the_Nasdaq-100+List_of_NASDAQ-100_companies,
2021-Q2,NVDA,1,unchanged,wikipedia:Historical_components_of_the_Nasdaq-100+List_of_NASDAQ-100_companies,
2021-Q2,NXPI,1,unchanged,wikipedia:Historical_components_of_the_Nasdaq-100+List_of_NASDAQ-100_companies,
2021-Q2,OKTA,1,unchanged,wikipedia:Historical_components_of_the_Nasdaq-100+List_of_NASDAQ-100_companies,
2021-Q2,ORLY,1,unchanged,wikipedia:Historical_components_of_the_Nasdaq-100+List_of_NASDAQ-100_companies,
2021-Q2,PAYX,1,unchanged,wikipedia:Historical_components_of_the_Nasdaq-100+List_of_NASDAQ-100_companies,
2021-Q2,PCAR,1,unchanged,wikipedia:Historical_components_of_the_Nasdaq-100+List_of_NASDAQ-100_companies,
2021-Q2,PDD,1,unchanged,wikipedia:Historical_components_of_the_Nasdaq-100+List_of_NASDAQ-100_companies,
2021-Q2,PEP,1,unchanged,wikipedia:Historical_components_of_the_Nasdaq-100+List_of_NASDAQ-100_companies,
2021-Q2,PTON,1,unchanged,wikipedia:Historical_components_of_the_Nasdaq-100+List_of_NASDAQ-100_companies,
2021-Q2,PYPL,1,unchanged,wikipedia:Historical_components_of_the_Nasdaq-100+List_of_NASDAQ-100_companies,
2021-Q2,QCOM,1,unchanged,wikipedia:Historical_components_of_the_Nasdaq-100+List_of_NASDAQ-100_companies,
2021-Q2,REGN,1,unchanged,wikipedia:Historical_components_of_the_Nasdaq-100+List_of_NASDAQ-100_companies,
2021-Q2,ROST,1,unchanged,wikipedia:Historical_components_of_the_Nasdaq-100+List_of_NASDAQ-100_companies,
2021-Q2,SBUX,1,unchanged,wikipedia:Historical_components_of_the_Nasdaq-100+List_of_NASDAQ-100_companies,
2021-Q2,SGEN,1,unchanged,wikipedia:Historical_components_of_the_Nasdaq-100+List_of_NASDAQ-100_companies,
2021-Q2,SIRI,1,unchanged,wikipedia:Historical_components_of_the_Nasdaq-100+List_of_NASDAQ-100_companies,
2021-Q2,SNPS,1,unchanged,wikipedia:Historical_components_of_the_Nasdaq-100+List_of_NASDAQ-100_companies,
2021-Q2,SPLK,1,unchanged,wikipedia:Historical_components_of_the_Nasdaq-100+List_of_NASDAQ-100_companies,
2021-Q2,SWKS,1,unchanged,wikipedia:Historical_components_of_the_Nasdaq-100+List_of_NASDAQ-100_companies,
2021-Q2,TCOM,1,unchanged,wikipedia:Historical_components_of_the_Nasdaq-100+List_of_NASDAQ-100_companies,
2021-Q2,TEAM,1,unchanged,wikipedia:Historical_components_of_the_Nasdaq-100+List_of_NASDAQ-100_companies,
2021-Q2,TMUS,1,unchanged,wikipedia:Historical_components_of_the_Nasdaq-100+List_of_NASDAQ-100_companies,
2021-Q2,TSLA,1,unchanged,wikipedia:Historical_components_of_the_Nasdaq-100+List_of_NASDAQ-100_companies,
2021-Q2,TXN,1,unchanged,wikipedia:Historical_components_of_the_Nasdaq-100+List_of_NASDAQ-100_companies,
2021-Q2,VRSK,1,unchanged,wikipedia:Historical_components_of_the_Nasdaq-100+List_of_NASDAQ-100_companies,
2021-Q2,VRSN,1,unchanged,wikipedia:Historical_components_of_the_Nasdaq-100+List_of_NASDAQ-100_companies,
2021-Q2,VRTX,1,unchanged,wikipedia:Historical_components_of_the_Nasdaq-100+List_of_NASDAQ-100_companies,
2021-Q2,WBA,1,unchanged,wikipedia:Historical_components_of_the_Nasdaq-100+List_of_NASDAQ-100_companies,
2021-Q2,WDAY,1,unchanged,wikipedia:Historical_components_of_the_Nasdaq-100+List_of_NASDAQ-100_companies,
2021-Q2,XEL,1,unchanged,wikipedia:Historical_components_of_the_Nasdaq-100+List_of_NASDAQ-100_companies,
2021-Q2,XLNX,1,unchanged,wikipedia:Historical_components_of_the_Nasdaq-100+List_of_NASDAQ-100_companies,
2021-Q2,ZM,1,unchanged,wikipedia:Historical_components_of_the_Nasdaq-100+List_of_NASDAQ-100_companies,
2021-Q3,AAPL,1,unchanged,wikipedia:Historical_components_of_the_Nasdaq-100+List_of_NASDAQ-100_companies,
2021-Q3,ADBE,1,unchanged,wikipedia:Historical_components_of_the_Nasdaq-100+List_of_NASDAQ-100_companies,
2021-Q3,ADI,1,unchanged,wikipedia:Historical_components_of_the_Nasdaq-100+List_of_NASDAQ-100_companies,
2021-Q3,ADP,1,unchanged,wikipedia:Historical_components_of_the_Nasdaq-100+List_of_NASDAQ-100_companies,
2021-Q3,ADSK,1,unchanged,wikipedia:Historical_components_of_the_Nasdaq-100+List_of_NASDAQ-100_companies,
2021-Q3,AEP,1,unchanged,wikipedia:Historical_components_of_the_Nasdaq-100+List_of_NASDAQ-100_companies,
2021-Q3,ALGN,1,unchanged,wikipedia:Historical_components_of_the_Nasdaq-100+List_of_NASDAQ-100_companies,
2021-Q3,AMAT,1,unchanged,wikipedia:Historical_components_of_the_Nasdaq-100+List_of_NASDAQ-100_companies,
2021-Q3,AMD,1,unchanged,wikipedia:Historical_components_of_the_Nasdaq-100+List_of_NASDAQ-100_companies,
2021-Q3,AMGN,1,unchanged,wikipedia:Historical_components_of_the_Nasdaq-100+List_of_NASDAQ-100_companies,
2021-Q3,AMZN,1,unchanged,wikipedia:Historical_components_of_the_Nasdaq-100+List_of_NASDAQ-100_companies,
2021-Q3,ANSS,1,unchanged,wikipedia:Historical_components_of_the_Nasdaq-100+List_of_NASDAQ-100_companies,
2021-Q3,ASML,1,unchanged,wikipedia:Historical_components_of_the_Nasdaq-100+List_of_NASDAQ-100_companies,
2021-Q3,ATVI,1,unchanged,wikipedia:Historical_components_of_the_Nasdaq-100+List_of_NASDAQ-100_companies,
2021-Q3,AVGO,1,unchanged,wikipedia:Historical_components_of_the_Nasdaq-100+List_of_NASDAQ-100_companies,
2021-Q3,BIDU,1,unchanged,wikipedia:Historical_components_of_the_Nasdaq-100+List_of_NASDAQ-100_companies,
2021-Q3,BIIB,1,unchanged,wikipedia:Historical_components_of_the_Nasdaq-100+List_of_NASDAQ-100_companies,
2021-Q3,BKNG,1,unchanged,wikipedia:Historical_components_of_the_Nasdaq-100+List_of_NASDAQ-100_companies,
2021-Q3,CDNS,1,unchanged,wikipedia:Historical_components_of_the_Nasdaq-100+List_of_NASDAQ-100_companies,
2021-Q3,CDW,1,unchanged,wikipedia:Historical_components_of_the_Nasdaq-100+List_of_NASDAQ-100_companies,
2021-Q3,CERN,1,unchanged,wikipedia:Historical_components_of_the_Nasdaq-100+List_of_NASDAQ-100_companies,
2021-Q3,CHKP,1,unchanged,wikipedia:Historical_components_of_the_Nasdaq-100+List_of_NASDAQ-100_companies,
2021-Q3,CHTR,1,unchanged,wikipedia:Historical_components_of_the_Nasdaq-100+List_of_NASDAQ-100_companies,
2021-Q3,CMCSA,1,unchanged,wikipedia:Historical_components_of_the_Nasdaq-100+List_of_NASDAQ-100_companies,
2021-Q3,COST,1,unchanged,wikipedia:Historical_components_of_the_Nasdaq-100+List_of_NASDAQ-100_companies,
2021-Q3,CPRT,1,unchanged,wikipedia:Historical_components_of_the_Nasdaq-100+List_of_NASDAQ-100_companies,
2021-Q3,CRWD,1,added,wikipedia:Historical_components_of_the_Nasdaq-100+List_of_NASDAQ-100_companies,
2021-Q3,CSCO,1,unchanged,wikipedia:Historical_components_of_the_Nasdaq-100+List_of_NASDAQ-100_companies,
2021-Q3,CSX,1,unchanged,wikipedia:Historical_components_of_the_Nasdaq-100+List_of_NASDAQ-100_companies,
2021-Q3,CTAS,1,unchanged,wikipedia:Historical_components_of_the_Nasdaq-100+List_of_NASDAQ-100_companies,
2021-Q3,CTSH,1,unchanged,wikipedia:Historical_components_of_the_Nasdaq-100+List_of_NASDAQ-100_companies,
2021-Q3,DLTR,1,unchanged,wikipedia:Historical_components_of_the_Nasdaq-100+List_of_NASDAQ-100_companies,
2021-Q3,DOCU,1,unchanged,wikipedia:Historical_components_of_the_Nasdaq-100+List_of_NASDAQ-100_companies,
2021-Q3,DXCM,1,unchanged,wikipedia:Historical_components_of_the_Nasdaq-100+List_of_NASDAQ-100_companies,
2021-Q3,EA,1,unchanged,wikipedia:Historical_components_of_the_Nasdaq-100+List_of_NASDAQ-100_companies,
2021-Q3,EBAY,1,unchanged,wikipedia:Historical_components_of_the_Nasdaq-100+List_of_NASDAQ-100_companies,
2021-Q3,EXC,1,unchanged,wikipedia:Historical_components_of_the_Nasdaq-100+List_of_NASDAQ-100_companies,
2021-Q3,FAST,1,unchanged,wikipedia:Historical_components_of_the_Nasdaq-100+List_of_NASDAQ-100_companies,
2021-Q3,FI,1,unchanged,wikipedia:Historical_components_of_the_Nasdaq-100+List_of_NASDAQ-100_companies,
2021-Q3,FOX,1,unchanged,wikipedia:Historical_components_of_the_Nasdaq-100+List_of_NASDAQ-100_companies,
2021-Q3,FOXA,1,unchanged,wikipedia:Historical_components_of_the_Nasdaq-100+List_of_NASDAQ-100_companies,
2021-Q3,GILD,1,unchanged,wikipedia:Historical_components_of_the_Nasdaq-100+List_of_NASDAQ-100_companies,
2021-Q3,GOOG,1,unchanged,wikipedia:Historical_components_of_the_Nasdaq-100+List_of_NASDAQ-100_companies,
2021-Q3,GOOGL,1,unchanged,wikipedia:Historical_components_of_the_Nasdaq-100+List_of_NASDAQ-100_companies,
2021-Q3,HON,1,added,wikipedia:Historical_components_of_the_Nasdaq-100+List_of_NASDAQ-100_companies,
2021-Q3,IDXX,1,unchanged,wikipedia:Historical_components_of_the_Nasdaq-100+List_of_NASDAQ-100_companies,
2021-Q3,ILMN,1,unchanged,wikipedia:Historical_components_of_the_Nasdaq-100+List_of_NASDAQ-100_companies,
2021-Q3,INCY,1,unchanged,wikipedia:Historical_components_of_the_Nasdaq-100+List_of_NASDAQ-100_companies,
2021-Q3,INTC,1,unchanged,wikipedia:Historical_components_of_the_Nasdaq-100+List_of_NASDAQ-100_companies,
2021-Q3,INTU,1,unchanged,wikipedia:Historical_components_of_the_Nasdaq-100+List_of_NASDAQ-100_companies,
2021-Q3,ISRG,1,unchanged,wikipedia:Historical_components_of_the_Nasdaq-100+List_of_NASDAQ-100_companies,
2021-Q3,JD,1,unchanged,wikipedia:Historical_components_of_the_Nasdaq-100+List_of_NASDAQ-100_companies,
2021-Q3,KDP,1,unchanged,wikipedia:Historical_components_of_the_Nasdaq-100+List_of_NASDAQ-100_companies,
2021-Q3,KHC,1,unchanged,wikipedia:Historical_components_of_the_Nasdaq-100+List_of_NASDAQ-100_companies,
2021-Q3,KLAC,1,unchanged,wikipedia:Historical_components_of_the_Nasdaq-100+List_of_NASDAQ-100_companies,
2021-Q3,LRCX,1,unchanged,wikipedia:Historical_components_of_the_Nasdaq-100+List_of_NASDAQ-100_companies,
2021-Q3,LULU,1,unchanged,wikipedia:Historical_components_of_the_Nasdaq-100+List_of_NASDAQ-100_companies,
2021-Q3,MAR,1,unchanged,wikipedia:Historical_components_of_the_Nasdaq-100+List_of_NASDAQ-100_companies,
2021-Q3,MCHP,1,unchanged,wikipedia:Historical_components_of_the_Nasdaq-100+List_of_NASDAQ-100_companies,
2021-Q3,MDLZ,1,unchanged,wikipedia:Historical_components_of_the_Nasdaq-100+List_of_NASDAQ-100_companies,
2021-Q3,MELI,1,unchanged,wikipedia:Historical_components_of_the_Nasdaq-100+List_of_NASDAQ-100_companies,
2021-Q3,META,1,unchanged,wikipedia:Historical_components_of_the_Nasdaq-100+List_of_NASDAQ-100_companies,
2021-Q3,MNST,1,unchanged,wikipedia:Historical_components_of_the_Nasdaq-100+List_of_NASDAQ-100_companies,
2021-Q3,MRNA,1,unchanged,wikipedia:Historical_components_of_the_Nasdaq-100+List_of_NASDAQ-100_companies,
2021-Q3,MRVL,1,unchanged,wikipedia:Historical_components_of_the_Nasdaq-100+List_of_NASDAQ-100_companies,
2021-Q3,MSFT,1,unchanged,wikipedia:Historical_components_of_the_Nasdaq-100+List_of_NASDAQ-100_companies,
2021-Q3,MTCH,1,unchanged,wikipedia:Historical_components_of_the_Nasdaq-100+List_of_NASDAQ-100_companies,
2021-Q3,MU,1,unchanged,wikipedia:Historical_components_of_the_Nasdaq-100+List_of_NASDAQ-100_companies,
2021-Q3,NFLX,1,unchanged,wikipedia:Historical_components_of_the_Nasdaq-100+List_of_NASDAQ-100_companies,
2021-Q3,NTES,1,unchanged,wikipedia:Historical_components_of_the_Nasdaq-100+List_of_NASDAQ-100_companies,
2021-Q3,NVDA,1,unchanged,wikipedia:Historical_components_of_the_Nasdaq-100+List_of_NASDAQ-100_companies,
2021-Q3,NXPI,1,unchanged,wikipedia:Historical_components_of_the_Nasdaq-100+List_of_NASDAQ-100_companies,
2021-Q3,OKTA,1,unchanged,wikipedia:Historical_components_of_the_Nasdaq-100+List_of_NASDAQ-100_companies,
2021-Q3,ORLY,1,unchanged,wikipedia:Historical_components_of_the_Nasdaq-100+List_of_NASDAQ-100_companies,
2021-Q3,PAYX,1,unchanged,wikipedia:Historical_components_of_the_Nasdaq-100+List_of_NASDAQ-100_companies,
2021-Q3,PCAR,1,unchanged,wikipedia:Historical_components_of_the_Nasdaq-100+List_of_NASDAQ-100_companies,
2021-Q3,PDD,1,unchanged,wikipedia:Historical_components_of_the_Nasdaq-100+List_of_NASDAQ-100_companies,
2021-Q3,PEP,1,unchanged,wikipedia:Historical_components_of_the_Nasdaq-100+List_of_NASDAQ-100_companies,
2021-Q3,PTON,1,unchanged,wikipedia:Historical_components_of_the_Nasdaq-100+List_of_NASDAQ-100_companies,
2021-Q3,PYPL,1,unchanged,wikipedia:Historical_components_of_the_Nasdaq-100+List_of_NASDAQ-100_companies,
2021-Q3,QCOM,1,unchanged,wikipedia:Historical_components_of_the_Nasdaq-100+List_of_NASDAQ-100_companies,
2021-Q3,REGN,1,unchanged,wikipedia:Historical_components_of_the_Nasdaq-100+List_of_NASDAQ-100_companies,
2021-Q3,ROST,1,unchanged,wikipedia:Historical_components_of_the_Nasdaq-100+List_of_NASDAQ-100_companies,
2021-Q3,SBUX,1,unchanged,wikipedia:Historical_components_of_the_Nasdaq-100+List_of_NASDAQ-100_companies,
2021-Q3,SGEN,1,unchanged,wikipedia:Historical_components_of_the_Nasdaq-100+List_of_NASDAQ-100_companies,
2021-Q3,SIRI,1,unchanged,wikipedia:Historical_components_of_the_Nasdaq-100+List_of_NASDAQ-100_companies,
2021-Q3,SNPS,1,unchanged,wikipedia:Historical_components_of_the_Nasdaq-100+List_of_NASDAQ-100_companies,
2021-Q3,SPLK,1,unchanged,wikipedia:Historical_components_of_the_Nasdaq-100+List_of_NASDAQ-100_companies,
2021-Q3,SWKS,1,unchanged,wikipedia:Historical_components_of_the_Nasdaq-100+List_of_NASDAQ-100_companies,
2021-Q3,TCOM,1,unchanged,wikipedia:Historical_components_of_the_Nasdaq-100+List_of_NASDAQ-100_companies,
2021-Q3,TEAM,1,unchanged,wikipedia:Historical_components_of_the_Nasdaq-100+List_of_NASDAQ-100_companies,
2021-Q3,TMUS,1,unchanged,wikipedia:Historical_components_of_the_Nasdaq-100+List_of_NASDAQ-100_companies,
2021-Q3,TSLA,1,unchanged,wikipedia:Historical_components_of_the_Nasdaq-100+List_of_NASDAQ-100_companies,
2021-Q3,TXN,1,unchanged,wikipedia:Historical_components_of_the_Nasdaq-100+List_of_NASDAQ-100_companies,
2021-Q3,VRSK,1,unchanged,wikipedia:Historical_components_of_the_Nasdaq-100+List_of_NASDAQ-100_companies,
2021-Q3,VRSN,1,unchanged,wikipedia:Historical_components_of_the_Nasdaq-100+List_of_NASDAQ-100_companies,
2021-Q3,VRTX,1,unchanged,wikipedia:Historical_components_of_the_Nasdaq-100+List_of_NASDAQ-100_companies,
2021-Q3,WBA,1,unchanged,wikipedia:Historical_components_of_the_Nasdaq-100+List_of_NASDAQ-100_companies,
2021-Q3,WDAY,1,unchanged,wikipedia:Historical_components_of_the_Nasdaq-100+List_of_NASDAQ-100_companies,
2021-Q3,XEL,1,unchanged,wikipedia:Historical_components_of_the_Nasdaq-100+List_of_NASDAQ-100_companies,
2021-Q3,XLNX,1,unchanged,wikipedia:Historical_components_of_the_Nasdaq-100+List_of_NASDAQ-100_companies,
2021-Q3,ZM,1,unchanged,wikipedia:Historical_components_of_the_Nasdaq-100+List_of_NASDAQ-100_companies,
2021-Q3,ALXN,0,removed,wikipedia:Historical_components_of_the_Nasdaq-100+List_of_NASDAQ-100_companies,
2021-Q3,MXIM,0,removed,wikipedia:Historical_components_of_the_Nasdaq-100+List_of_NASDAQ-100_companies,
2021-Q4,AAPL,1,unchanged,wikipedia:Historical_components_of_the_Nasdaq-100+List_of_NASDAQ-100_companies,
2021-Q4,ABNB,1,added,wikipedia:Historical_components_of_the_Nasdaq-100+List_of_NASDAQ-100_companies,
2021-Q4,ADBE,1,unchanged,wikipedia:Historical_components_of_the_Nasdaq-100+List_of_NASDAQ-100_companies,
2021-Q4,ADI,1,unchanged,wikipedia:Historical_components_of_the_Nasdaq-100+List_of_NASDAQ-100_companies,
2021-Q4,ADP,1,unchanged,wikipedia:Historical_components_of_the_Nasdaq-100+List_of_NASDAQ-100_companies,
2021-Q4,ADSK,1,unchanged,wikipedia:Historical_components_of_the_Nasdaq-100+List_of_NASDAQ-100_companies,
2021-Q4,AEP,1,unchanged,wikipedia:Historical_components_of_the_Nasdaq-100+List_of_NASDAQ-100_companies,
2021-Q4,ALGN,1,unchanged,wikipedia:Historical_components_of_the_Nasdaq-100+List_of_NASDAQ-100_companies,
2021-Q4,AMAT,1,unchanged,wikipedia:Historical_components_of_the_Nasdaq-100+List_of_NASDAQ-100_companies,
2021-Q4,AMD,1,unchanged,wikipedia:Historical_components_of_the_Nasdaq-100+List_of_NASDAQ-100_companies,
2021-Q4,AMGN,1,unchanged,wikipedia:Historical_components_of_the_Nasdaq-100+List_of_NASDAQ-100_companies,
2021-Q4,AMZN,1,unchanged,wikipedia:Historical_components_of_the_Nasdaq-100+List_of_NASDAQ-100_companies,
2021-Q4,ANSS,1,unchanged,wikipedia:Historical_components_of_the_Nasdaq-100+List_of_NASDAQ-100_companies,
2021-Q4,ASML,1,unchanged,wikipedia:Historical_components_of_the_Nasdaq-100+List_of_NASDAQ-100_companies,
2021-Q4,ATVI,1,unchanged,wikipedia:Historical_components_of_the_Nasdaq-100+List_of_NASDAQ-100_companies,
2021-Q4,AVGO,1,unchanged,wikipedia:Historical_components_of_the_Nasdaq-100+List_of_NASDAQ-100_companies,
2021-Q4,BIDU,1,unchanged,wikipedia:Historical_components_of_the_Nasdaq-100+List_of_NASDAQ-100_companies,
2021-Q4,BIIB,1,unchanged,wikipedia:Historical_components_of_the_Nasdaq-100+List_of_NASDAQ-100_companies,
2021-Q4,BKNG,1,unchanged,wikipedia:Historical_components_of_the_Nasdaq-100+List_of_NASDAQ-100_companies,
2021-Q4,CDNS,1,unchanged,wikipedia:Historical_components_of_the_Nasdaq-100+List_of_NASDAQ-100_companies,
2021-Q4,CHTR,1,unchanged,wikipedia:Historical_components_of_the_Nasdaq-100+List_of_NASDAQ-100_companies,
2021-Q4,CMCSA,1,unchanged,wikipedia:Historical_components_of_the_Nasdaq-100+List_of_NASDAQ-100_companies,
2021-Q4,COST,1,unchanged,wikipedia:Historical_components_of_the_Nasdaq-100+List_of_NASDAQ-100_companies,
2021-Q4,CPRT,1,unchanged,wikipedia:Historical_components_of_the_Nasdaq-100+List_of_NASDAQ-100_companies,
2021-Q4,CRWD,1,unchanged,wikipedia:Historical_components_of_the_Nasdaq-100+List_of_NASDAQ-100_companies,
2021-Q4,CSCO,1,unchanged,wikipedia:Historical_components_of_the_Nasdaq-100+List_of_NASDAQ-100_companies,
2021-Q4,CSX,1,unchanged,wikipedia:Historical_components_of_the_Nasdaq-100+List_of_NASDAQ-100_companies,
2021-Q4,CTAS,1,unchanged,wikipedia:Historical_components_of_the_Nasdaq-100+List_of_NASDAQ-100_companies,
2021-Q4,CTSH,1,unchanged,wikipedia:Historical_components_of_the_Nasdaq-100+List_of_NASDAQ-100_companies,
2021-Q4,DDOG,1,added,wikipedia:Historical_components_of_the_Nasdaq-100+List_of_NASDAQ-100_companies,
2021-Q4,DLTR,1,unchanged,wikipedia:Historical_components_of_the_Nasdaq-100+List_of_NASDAQ-100_companies,
2021-Q4,DOCU,1,unchanged,wikipedia:Historical_components_of_the_Nasdaq-100+List_of_NASDAQ-100_companies,
2021-Q4,DXCM,1,unchanged,wikipedia:Historical_components_of_the_Nasdaq-100+List_of_NASDAQ-100_companies,
2021-Q4,EA,1,unchanged,wikipedia:Historical_components_of_the_Nasdaq-100+List_of_NASDAQ-100_companies,
2021-Q4,EBAY,1,unchanged,wikipedia:Historical_components_of_the_Nasdaq-100+List_of_NASDAQ-100_companies,
2021-Q4,EXC,1,unchanged,wikipedia:Historical_components_of_the_Nasdaq-100+List_of_NASDAQ-100_companies,
2021-Q4,FAST,1,unchanged,wikipedia:Historical_components_of_the_Nasdaq-100+List_of_NASDAQ-100_companies,
2021-Q4,FI,1,unchanged,wikipedia:Historical_components_of_the_Nasdaq-100+List_of_NASDAQ-100_companies,
2021-Q4,FTNT,1,added,wikipedia:Historical_components_of_the_Nasdaq-100+List_of_NASDAQ-100_companies,
2021-Q4,GILD,1,unchanged,wikipedia:Historical_components_of_the_Nasdaq-100+List_of_NASDAQ-100_companies,
2021-Q4,GOOG,1,unchanged,wikipedia:Historical_components_of_the_Nasdaq-100+List_of_NASDAQ-100_companies,
2021-Q4,GOOGL,1,unchanged,wikipedia:Historical_components_of_the_Nasdaq-100+List_of_NASDAQ-100_companies,
2021-Q4,HON,1,unchanged,wikipedia:Historical_components_of_the_Nasdaq-100+List_of_NASDAQ-100_companies,
2021-Q4,IDXX,1,unchanged,wikipedia:Historical_components_of_the_Nasdaq-100+List_of_NASDAQ-100_companies,
2021-Q4,ILMN,1,unchanged,wikipedia:Historical_components_of_the_Nasdaq-100+List_of_NASDAQ-100_companies,
2021-Q4,INTC,1,unchanged,wikipedia:Historical_components_of_the_Nasdaq-100+List_of_NASDAQ-100_companies,
2021-Q4,INTU,1,unchanged,wikipedia:Historical_components_of_the_Nasdaq-100+List_of_NASDAQ-100_companies,
2021-Q4,ISRG,1,unchanged,wikipedia:Historical_components_of_the_Nasdaq-100+List_of_NASDAQ-100_companies,
2021-Q4,JD,1,unchanged,wikipedia:Historical_components_of_the_Nasdaq-100+List_of_NASDAQ-100_companies,
2021-Q4,KDP,1,unchanged,wikipedia:Historical_components_of_the_Nasdaq-100+List_of_NASDAQ-100_companies,
2021-Q4,KHC,1,unchanged,wikipedia:Historical_components_of_the_Nasdaq-100+List_of_NASDAQ-100_companies,
2021-Q4,KLAC,1,unchanged,wikipedia:Historical_components_of_the_Nasdaq-100+List_of_NASDAQ-100_companies,
2021-Q4,LCID,1,added,wikipedia:Historical_components_of_the_Nasdaq-100+List_of_NASDAQ-100_companies,
2021-Q4,LRCX,1,unchanged,wikipedia:Historical_components_of_the_Nasdaq-100+List_of_NASDAQ-100_companies,
2021-Q4,LULU,1,unchanged,wikipedia:Historical_components_of_the_Nasdaq-100+List_of_NASDAQ-100_companies,
2021-Q4,MAR,1,unchanged,wikipedia:Historical_components_of_the_Nasdaq-100+List_of_NASDAQ-100_companies,
2021-Q4,MCHP,1,unchanged,wikipedia:Historical_components_of_the_Nasdaq-100+List_of_NASDAQ-100_companies,
2021-Q4,MDLZ,1,unchanged,wikipedia:Historical_components_of_the_Nasdaq-100+List_of_NASDAQ-100_companies,
2021-Q4,MELI,1,unchanged,wikipedia:Historical_components_of_the_Nasdaq-100+List_of_NASDAQ-100_companies,
2021-Q4,META,1,unchanged,wikipedia:Historical_components_of_the_Nasdaq-100+List_of_NASDAQ-100_companies,
2021-Q4,MNST,1,unchanged,wikipedia:Historical_components_of_the_Nasdaq-100+List_of_NASDAQ-100_companies,
2021-Q4,MRNA,1,unchanged,wikipedia:Historical_components_of_the_Nasdaq-100+List_of_NASDAQ-100_companies,
2021-Q4,MRVL,1,unchanged,wikipedia:Historical_components_of_the_Nasdaq-100+List_of_NASDAQ-100_companies,
2021-Q4,MSFT,1,unchanged,wikipedia:Historical_components_of_the_Nasdaq-100+List_of_NASDAQ-100_companies,
2021-Q4,MTCH,1,unchanged,wikipedia:Historical_components_of_the_Nasdaq-100+List_of_NASDAQ-100_companies,
2021-Q4,MU,1,unchanged,wikipedia:Historical_components_of_the_Nasdaq-100+List_of_NASDAQ-100_companies,
2021-Q4,NFLX,1,unchanged,wikipedia:Historical_components_of_the_Nasdaq-100+List_of_NASDAQ-100_companies,
2021-Q4,NTES,1,unchanged,wikipedia:Historical_components_of_the_Nasdaq-100+List_of_NASDAQ-100_companies,
2021-Q4,NVDA,1,unchanged,wikipedia:Historical_components_of_the_Nasdaq-100+List_of_NASDAQ-100_companies,
2021-Q4,NXPI,1,unchanged,wikipedia:Historical_components_of_the_Nasdaq-100+List_of_NASDAQ-100_companies,
2021-Q4,OKTA,1,unchanged,wikipedia:Historical_components_of_the_Nasdaq-100+List_of_NASDAQ-100_companies,
2021-Q4,ORLY,1,unchanged,wikipedia:Historical_components_of_the_Nasdaq-100+List_of_NASDAQ-100_companies,
2021-Q4,PANW,1,added,wikipedia:Historical_components_of_the_Nasdaq-100+List_of_NASDAQ-100_companies,
2021-Q4,PAYX,1,unchanged,wikipedia:Historical_components_of_the_Nasdaq-100+List_of_NASDAQ-100_companies,
2021-Q4,PCAR,1,unchanged,wikipedia:Historical_components_of_the_Nasdaq-100+List_of_NASDAQ-100_companies,
2021-Q4,PDD,1,unchanged,wikipedia:Historical_components_of_the_Nasdaq-100+List_of_NASDAQ-100_companies,
2021-Q4,PEP,1,unchanged,wikipedia:Historical_components_of_the_Nasdaq-100+List_of_NASDAQ-100_companies,
2021-Q4,PTON,1,unchanged,wikipedia:Historical_components_of_the_Nasdaq-100+List_of_NASDAQ-100_companies,
2021-Q4,PYPL,1,unchanged,wikipedia:Historical_components_of_the_Nasdaq-100+List_of_NASDAQ-100_companies,
2021-Q4,QCOM,1,unchanged,wikipedia:Historical_components_of_the_Nasdaq-100+List_of_NASDAQ-100_companies,
2021-Q4,REGN,1,unchanged,wikipedia:Historical_components_of_the_Nasdaq-100+List_of_NASDAQ-100_companies,
2021-Q4,ROST,1,unchanged,wikipedia:Historical_components_of_the_Nasdaq-100+List_of_NASDAQ-100_companies,
2021-Q4,SBUX,1,unchanged,wikipedia:Historical_components_of_the_Nasdaq-100+List_of_NASDAQ-100_companies,
2021-Q4,SGEN,1,unchanged,wikipedia:Historical_components_of_the_Nasdaq-100+List_of_NASDAQ-100_companies,
2021-Q4,SIRI,1,unchanged,wikipedia:Historical_components_of_the_Nasdaq-100+List_of_NASDAQ-100_companies,
2021-Q4,SNPS,1,unchanged,wikipedia:Historical_components_of_the_Nasdaq-100+List_of_NASDAQ-100_companies,
2021-Q4,SPLK,1,unchanged,wikipedia:Historical_components_of_the_Nasdaq-100+List_of_NASDAQ-100_companies,
2021-Q4,SWKS,1,unchanged,wikipedia:Historical_components_of_the_Nasdaq-100+List_of_NASDAQ-100_companies,
2021-Q4,TEAM,1,unchanged,wikipedia:Historical_components_of_the_Nasdaq-100+List_of_NASDAQ-100_companies,
2021-Q4,TMUS,1,unchanged,wikipedia:Historical_components_of_the_Nasdaq-100+List_of_NASDAQ-100_companies,
2021-Q4,TSLA,1,unchanged,wikipedia:Historical_components_of_the_Nasdaq-100+List_of_NASDAQ-100_companies,
2021-Q4,TXN,1,unchanged,wikipedia:Historical_components_of_the_Nasdaq-100+List_of_NASDAQ-100_companies,
2021-Q4,VRSK,1,unchanged,wikipedia:Historical_components_of_the_Nasdaq-100+List_of_NASDAQ-100_companies,
2021-Q4,VRSN,1,unchanged,wikipedia:Historical_components_of_the_Nasdaq-100+List_of_NASDAQ-100_companies,
2021-Q4,VRTX,1,unchanged,wikipedia:Historical_components_of_the_Nasdaq-100+List_of_NASDAQ-100_companies,
2021-Q4,WBA,1,unchanged,wikipedia:Historical_components_of_the_Nasdaq-100+List_of_NASDAQ-100_companies,
2021-Q4,WDAY,1,unchanged,wikipedia:Historical_components_of_the_Nasdaq-100+List_of_NASDAQ-100_companies,
2021-Q4,XEL,1,unchanged,wikipedia:Historical_components_of_the_Nasdaq-100+List_of_NASDAQ-100_companies,
2021-Q4,XLNX,1,unchanged,wikipedia:Historical_components_of_the_Nasdaq-100+List_of_NASDAQ-100_companies,
2021-Q4,ZM,1,unchanged,wikipedia:Historical_components_of_the_Nasdaq-100+List_of_NASDAQ-100_companies,
2021-Q4,ZS,1,added,wikipedia:Historical_components_of_the_Nasdaq-100+List_of_NASDAQ-100_companies,
2021-Q4,CDW,0,removed,wikipedia:Historical_components_of_the_Nasdaq-100+List_of_NASDAQ-100_companies,
2021-Q4,CERN,0,removed,wikipedia:Historical_components_of_the_Nasdaq-100+List_of_NASDAQ-100_companies,
2021-Q4,CHKP,0,removed,wikipedia:Historical_components_of_the_Nasdaq-100+List_of_NASDAQ-100_companies,
2021-Q4,FOX,0,removed,wikipedia:Historical_components_of_the_Nasdaq-100+List_of_NASDAQ-100_companies,
2021-Q4,FOXA,0,removed,wikipedia:Historical_components_of_the_Nasdaq-100+List_of_NASDAQ-100_companies,
2021-Q4,INCY,0,removed,wikipedia:Historical_components_of_the_Nasdaq-100+List_of_NASDAQ-100_companies,
2021-Q4,TCOM,0,removed,wikipedia:Historical_components_of_the_Nasdaq-100+List_of_NASDAQ-100_companies,
2022-Q1,AAPL,1,unchanged,wikipedia:Historical_components_of_the_Nasdaq-100+List_of_NASDAQ-100_companies,
2022-Q1,ABNB,1,unchanged,wikipedia:Historical_components_of_the_Nasdaq-100+List_of_NASDAQ-100_companies,
2022-Q1,ADBE,1,unchanged,wikipedia:Historical_components_of_the_Nasdaq-100+List_of_NASDAQ-100_companies,
2022-Q1,ADI,1,unchanged,wikipedia:Historical_components_of_the_Nasdaq-100+List_of_NASDAQ-100_companies,
2022-Q1,ADP,1,unchanged,wikipedia:Historical_components_of_the_Nasdaq-100+List_of_NASDAQ-100_companies,
2022-Q1,ADSK,1,unchanged,wikipedia:Historical_components_of_the_Nasdaq-100+List_of_NASDAQ-100_companies,
2022-Q1,AEP,1,unchanged,wikipedia:Historical_components_of_the_Nasdaq-100+List_of_NASDAQ-100_companies,
2022-Q1,ALGN,1,unchanged,wikipedia:Historical_components_of_the_Nasdaq-100+List_of_NASDAQ-100_companies,
2022-Q1,AMAT,1,unchanged,wikipedia:Historical_components_of_the_Nasdaq-100+List_of_NASDAQ-100_companies,
2022-Q1,AMD,1,unchanged,wikipedia:Historical_components_of_the_Nasdaq-100+List_of_NASDAQ-100_companies,
2022-Q1,AMGN,1,unchanged,wikipedia:Historical_components_of_the_Nasdaq-100+List_of_NASDAQ-100_companies,
2022-Q1,AMZN,1,unchanged,wikipedia:Historical_components_of_the_Nasdaq-100+List_of_NASDAQ-100_companies,
2022-Q1,ANSS,1,unchanged,wikipedia:Historical_components_of_the_Nasdaq-100+List_of_NASDAQ-100_companies,
2022-Q1,ASML,1,unchanged,wikipedia:Historical_components_of_the_Nasdaq-100+List_of_NASDAQ-100_companies,
2022-Q1,ATVI,1,unchanged,wikipedia:Historical_components_of_the_Nasdaq-100+List_of_NASDAQ-100_companies,
2022-Q1,AVGO,1,unchanged,wikipedia:Historical_components_of_the_Nasdaq-100+List_of_NASDAQ-100_companies,
2022-Q1,AZN,1,added,wikipedia:Historical_components_of_the_Nasdaq-100+List_of_NASDAQ-100_companies,
2022-Q1,BIDU,1,unchanged,wikipedia:Historical_components_of_the_Nasdaq-100+List_of_NASDAQ-100_companies,
2022-Q1,BIIB,1,unchanged,wikipedia:Historical_components_of_the_Nasdaq-100+List_of_NASDAQ-100_companies,
2022-Q1,BKNG,1,unchanged,wikipedia:Historical_components_of_the_Nasdaq-100+List_of_NASDAQ-100_companies,
2022-Q1,CDNS,1,unchanged,wikipedia:Historical_components_of_the_Nasdaq-100+List_of_NASDAQ-100_companies,
2022-Q1,CEG,1,added,wikipedia:Historical_components_of_the_Nasdaq-100+List_of_NASDAQ-100_companies,
2022-Q1,CHTR,1,unchanged,wikipedia:Historical_components_of_the_Nasdaq-100+List_of_NASDAQ-100_companies,
2022-Q1,CMCSA,1,unchanged,wikipedia:Historical_components_of_the_Nasdaq-100+List_of_NASDAQ-100_companies,
2022-Q1,COST,1,unchanged,wikipedia:Historical_components_of_the_Nasdaq-100+List_of_NASDAQ-100_companies,
2022-Q1,CPRT,1,unchanged,wikipedia:Historical_components_of_the_Nasdaq-100+List_of_NASDAQ-100_companies,
2022-Q1,CRWD,1,unchanged,wikipedia:Historical_components_of_the_Nasdaq-100+List_of_NASDAQ-100_companies,
2022-Q1,CSCO,1,unchanged,wikipedia:Historical_components_of_the_Nasdaq-100+List_of_NASDAQ-100_companies,
2022-Q1,CSX,1,unchanged,wikipedia:Historical_components_of_the_Nasdaq-100+List_of_NASDAQ-100_companies,
2022-Q1,CTAS,1,unchanged,wikipedia:Historical_components_of_the_Nasdaq-100+List_of_NASDAQ-100_companies,
2022-Q1,CTSH,1,unchanged,wikipedia:Historical_components_of_the_Nasdaq-100+List_of_NASDAQ-100_companies,
2022-Q1,DDOG,1,unchanged,wikipedia:Historical_components_of_the_Nasdaq-100+List_of_NASDAQ-100_companies,
2022-Q1,DLTR,1,unchanged,wikipedia:Historical_components_of_the_Nasdaq-100+List_of_NASDAQ-100_companies,
2022-Q1,DOCU,1,unchanged,wikipedia:Historical_components_of_the_Nasdaq-100+List_of_NASDAQ-100_companies,
2022-Q1,DXCM,1,unchanged,wikipedia:Historical_components_of_the_Nasdaq-100+List_of_NASDAQ-100_companies,
2022-Q1,EA,1,unchanged,wikipedia:Historical_components_of_the_Nasdaq-100+List_of_NASDAQ-100_companies,
2022-Q1,EBAY,1,unchanged,wikipedia:Historical_components_of_the_Nasdaq-100+List_of_NASDAQ-100_companies,
2022-Q1,EXC,1,unchanged,wikipedia:Historical_components_of_the_Nasdaq-100+List_of_NASDAQ-100_companies,
2022-Q1,FAST,1,unchanged,wikipedia:Historical_components_of_the_Nasdaq-100+List_of_NASDAQ-100_companies,
2022-Q1,FI,1,unchanged,wikipedia:Historical_components_of_the_Nasdaq-100+List_of_NASDAQ-100_companies,
2022-Q1,FTNT,1,unchanged,wikipedia:Historical_components_of_the_Nasdaq-100+List_of_NASDAQ-100_companies,
2022-Q1,GILD,1,unchanged,wikipedia:Historical_components_of_the_Nasdaq-100+List_of_NASDAQ-100_companies,
2022-Q1,GOOG,1,unchanged,wikipedia:Historical_components_of_the_Nasdaq-100+List_of_NASDAQ-100_companies,
2022-Q1,GOOGL,1,unchanged,wikipedia:Historical_components_of_the_Nasdaq-100+List_of_NASDAQ-100_companies,
2022-Q1,HON,1,unchanged,wikipedia:Historical_components_of_the_Nasdaq-100+List_of_NASDAQ-100_companies,
2022-Q1,IDXX,1,unchanged,wikipedia:Historical_components_of_the_Nasdaq-100+List_of_NASDAQ-100_companies,
2022-Q1,ILMN,1,unchanged,wikipedia:Historical_components_of_the_Nasdaq-100+List_of_NASDAQ-100_companies,
2022-Q1,INTC,1,unchanged,wikipedia:Historical_components_of_the_Nasdaq-100+List_of_NASDAQ-100_companies,
2022-Q1,INTU,1,unchanged,wikipedia:Historical_components_of_the_Nasdaq-100+List_of_NASDAQ-100_companies,
2022-Q1,ISRG,1,unchanged,wikipedia:Historical_components_of_the_Nasdaq-100+List_of_NASDAQ-100_companies,
2022-Q1,JD,1,unchanged,wikipedia:Historical_components_of_the_Nasdaq-100+List_of_NASDAQ-100_companies,
2022-Q1,KDP,1,unchanged,wikipedia:Historical_components_of_the_Nasdaq-100+List_of_NASDAQ-100_companies,
2022-Q1,KHC,1,unchanged,wikipedia:Historical_components_of_the_Nasdaq-100+List_of_NASDAQ-100_companies,
2022-Q1,KLAC,1,unchanged,wikipedia:Historical_components_of_the_Nasdaq-100+List_of_NASDAQ-100_companies,
2022-Q1,LCID,1,unchanged,wikipedia:Historical_components_of_the_Nasdaq-100+List_of_NASDAQ-100_companies,
2022-Q1,LRCX,1,unchanged,wikipedia:Historical_components_of_the_Nasdaq-100+List_of_NASDAQ-100_companies,
2022-Q1,LULU,1,unchanged,wikipedia:Historical_components_of_the_Nasdaq-100+List_of_NASDAQ-100_companies,
2022-Q1,MAR,1,unchanged,wikipedia:Historical_components_of_the_Nasdaq-100+List_of_NASDAQ-100_companies,
2022-Q1,MCHP,1,unchanged,wikipedia:Historical_components_of_the_Nasdaq-100+List_of_NASDAQ-100_companies,
2022-Q1,MDLZ,1,unchanged,wikipedia:Historical_components_of_the_Nasdaq-100+List_of_NASDAQ-100_companies,
2022-Q1,MELI,1,unchanged,wikipedia:Historical_components_of_the_Nasdaq-100+List_of_NASDAQ-100_companies,
2022-Q1,META,1,unchanged,wikipedia:Historical_components_of_the_Nasdaq-100+List_of_NASDAQ-100_companies,
2022-Q1,MNST,1,unchanged,wikipedia:Historical_components_of_the_Nasdaq-100+List_of_NASDAQ-100_companies,
2022-Q1,MRNA,1,unchanged,wikipedia:Historical_components_of_the_Nasdaq-100+List_of_NASDAQ-100_companies,
2022-Q1,MRVL,1,unchanged,wikipedia:Historical_components_of_the_Nasdaq-100+List_of_NASDAQ-100_companies,
2022-Q1,MSFT,1,unchanged,wikipedia:Historical_components_of_the_Nasdaq-100+List_of_NASDAQ-100_companies,
2022-Q1,MTCH,1,unchanged,wikipedia:Historical_components_of_the_Nasdaq-100+List_of_NASDAQ-100_companies,
2022-Q1,MU,1,unchanged,wikipedia:Historical_components_of_the_Nasdaq-100+List_of_NASDAQ-100_companies,
2022-Q1,NFLX,1,unchanged,wikipedia:Historical_components_of_the_Nasdaq-100+List_of_NASDAQ-100_companies,
2022-Q1,NTES,1,unchanged,wikipedia:Historical_components_of_the_Nasdaq-100+List_of_NASDAQ-100_companies,
2022-Q1,NVDA,1,unchanged,wikipedia:Historical_components_of_the_Nasdaq-100+List_of_NASDAQ-100_companies,
2022-Q1,NXPI,1,unchanged,wikipedia:Historical_components_of_the_Nasdaq-100+List_of_NASDAQ-100_companies,
2022-Q1,ODFL,1,added,wikipedia:Historical_components_of_the_Nasdaq-100+List_of_NASDAQ-100_companies,
2022-Q1,OKTA,1,unchanged,wikipedia:Historical_components_of_the_Nasdaq-100+List_of_NASDAQ-100_companies,
2022-Q1,ORLY,1,unchanged,wikipedia:Historical_components_of_the_Nasdaq-100+List_of_NASDAQ-100_companies,
2022-Q1,PANW,1,unchanged,wikipedia:Historical_components_of_the_Nasdaq-100+List_of_NASDAQ-100_companies,
2022-Q1,PAYX,1,unchanged,wikipedia:Historical_components_of_the_Nasdaq-100+List_of_NASDAQ-100_companies,
2022-Q1,PCAR,1,unchanged,wikipedia:Historical_components_of_the_Nasdaq-100+List_of_NASDAQ-100_companies,
2022-Q1,PDD,1,unchanged,wikipedia:Historical_components_of_the_Nasdaq-100+List_of_NASDAQ-100_companies,
2022-Q1,PEP,1,unchanged,wikipedia:Historical_components_of_the_Nasdaq-100+List_of_NASDAQ-100_companies,
2022-Q1,PYPL,1,unchanged,wikipedia:Historical_components_of_the_Nasdaq-100+List_of_NASDAQ-100_companies,
2022-Q1,QCOM,1,unchanged,wikipedia:Historical_components_of_the_Nasdaq-100+List_of_NASDAQ-100_companies,
2022-Q1,REGN,1,unchanged,wikipedia:Historical_components_of_the_Nasdaq-100+List_of_NASDAQ-100_companies,
2022-Q1,ROST,1,unchanged,wikipedia:Historical_components_of_the_Nasdaq-100+List_of_NASDAQ-100_companies,
2022-Q1,SBUX,1,unchanged,wikipedia:Historical_components_of_the_Nasdaq-100+List_of_NASDAQ-100_companies,
2022-Q1,SGEN,1,unchanged,wikipedia:Historical_components_of_the_Nasdaq-100+List_of_NASDAQ-100_companies,
2022-Q1,SIRI,1,unchanged,wikipedia:Historical_components_of_the_Nasdaq-100+List_of_NASDAQ-100_companies,
2022-Q1,SNPS,1,unchanged,wikipedia:Historical_components_of_the_Nasdaq-100+List_of_NASDAQ-100_companies,
2022-Q1,SPLK,1,unchanged,wikipedia:Historical_components_of_the_Nasdaq-100+List_of_NASDAQ-100_companies,
2022-Q1,SWKS,1,unchanged,wikipedia:Historical_components_of_the_Nasdaq-100+List_of_NASDAQ-100_companies,
2022-Q1,TEAM,1,unchanged,wikipedia:Historical_components_of_the_Nasdaq-100+List_of_NASDAQ-100_companies,
2022-Q1,TMUS,1,unchanged,wikipedia:Historical_components_of_the_Nasdaq-100+List_of_NASDAQ-100_companies,
2022-Q1,TSLA,1,unchanged,wikipedia:Historical_components_of_the_Nasdaq-100+List_of_NASDAQ-100_companies,
2022-Q1,TXN,1,unchanged,wikipedia:Historical_components_of_the_Nasdaq-100+List_of_NASDAQ-100_companies,
2022-Q1,VRSK,1,unchanged,wikipedia:Historical_components_of_the_Nasdaq-100+List_of_NASDAQ-100_companies,
2022-Q1,VRSN,1,unchanged,wikipedia:Historical_components_of_the_Nasdaq-100+List_of_NASDAQ-100_companies,
2022-Q1,VRTX,1,unchanged,wikipedia:Historical_components_of_the_Nasdaq-100+List_of_NASDAQ-100_companies,
2022-Q1,WBA,1,unchanged,wikipedia:Historical_components_of_the_Nasdaq-100+List_of_NASDAQ-100_companies,
2022-Q1,WDAY,1,unchanged,wikipedia:Historical_components_of_the_Nasdaq-100+List_of_NASDAQ-100_companies,
2022-Q1,XEL,1,unchanged,wikipedia:Historical_components_of_the_Nasdaq-100+List_of_NASDAQ-100_companies,
2022-Q1,ZM,1,unchanged,wikipedia:Historical_components_of_the_Nasdaq-100+List_of_NASDAQ-100_companies,
2022-Q1,ZS,1,unchanged,wikipedia:Historical_components_of_the_Nasdaq-100+List_of_NASDAQ-100_companies,
2022-Q1,PTON,0,removed,wikipedia:Historical_components_of_the_Nasdaq-100+List_of_NASDAQ-100_companies,
2022-Q1,XLNX,0,removed,wikipedia:Historical_components_of_the_Nasdaq-100+List_of_NASDAQ-100_companies,
2022-Q2,AAPL,1,unchanged,wikipedia:Historical_components_of_the_Nasdaq-100+List_of_NASDAQ-100_companies,
2022-Q2,ABNB,1,unchanged,wikipedia:Historical_components_of_the_Nasdaq-100+List_of_NASDAQ-100_companies,
2022-Q2,ADBE,1,unchanged,wikipedia:Historical_components_of_the_Nasdaq-100+List_of_NASDAQ-100_companies,
2022-Q2,ADI,1,unchanged,wikipedia:Historical_components_of_the_Nasdaq-100+List_of_NASDAQ-100_companies,
2022-Q2,ADP,1,unchanged,wikipedia:Historical_components_of_the_Nasdaq-100+List_of_NASDAQ-100_companies,
2022-Q2,ADSK,1,unchanged,wikipedia:Historical_components_of_the_Nasdaq-100+List_of_NASDAQ-100_companies,
2022-Q2,AEP,1,unchanged,wikipedia:Historical_components_of_the_Nasdaq-100+List_of_NASDAQ-100_companies,
2022-Q2,ALGN,1,unchanged,wikipedia:Historical_components_of_the_Nasdaq-100+List_of_NASDAQ-100_companies,
2022-Q2,AMAT,1,unchanged,wikipedia:Historical_components_of_the_Nasdaq-100+List_of_NASDAQ-100_companies,
2022-Q2,AMD,1,unchanged,wikipedia:Historical_components_of_the_Nasdaq-100+List_of_NASDAQ-100_companies,
2022-Q2,AMGN,1,unchanged,wikipedia:Historical_components_of_the_Nasdaq-100+List_of_NASDAQ-100_companies,
2022-Q2,AMZN,1,unchanged,wikipedia:Historical_components_of_the_Nasdaq-100+List_of_NASDAQ-100_companies,
2022-Q2,ANSS,1,unchanged,wikipedia:Historical_components_of_the_Nasdaq-100+List_of_NASDAQ-100_companies,
2022-Q2,ASML,1,unchanged,wikipedia:Historical_components_of_the_Nasdaq-100+List_of_NASDAQ-100_companies,
2022-Q2,ATVI,1,unchanged,wikipedia:Historical_components_of_the_Nasdaq-100+List_of_NASDAQ-100_companies,
2022-Q2,AVGO,1,unchanged,wikipedia:Historical_components_of_the_Nasdaq-100+List_of_NASDAQ-100_companies,
2022-Q2,AZN,1,unchanged,wikipedia:Historical_components_of_the_Nasdaq-100+List_of_NASDAQ-100_companies,
2022-Q2,BIDU,1,unchanged,wikipedia:Historical_components_of_the_Nasdaq-100+List_of_NASDAQ-100_companies,
2022-Q2,BIIB,1,unchanged,wikipedia:Historical_components_of_the_Nasdaq-100+List_of_NASDAQ-100_companies,
2022-Q2,BKNG,1,unchanged,wikipedia:Historical_components_of_the_Nasdaq-100+List_of_NASDAQ-100_companies,
2022-Q2,CDNS,1,unchanged,wikipedia:Historical_components_of_the_Nasdaq-100+List_of_NASDAQ-100_companies,
2022-Q2,CEG,1,unchanged,wikipedia:Historical_components_of_the_Nasdaq-100+List_of_NASDAQ-100_companies,
2022-Q2,CHTR,1,unchanged,wikipedia:Historical_components_of_the_Nasdaq-100+List_of_NASDAQ-100_companies,
2022-Q2,CMCSA,1,unchanged,wikipedia:Historical_components_of_the_Nasdaq-100+List_of_NASDAQ-100_companies,
2022-Q2,COST,1,unchanged,wikipedia:Historical_components_of_the_Nasdaq-100+List_of_NASDAQ-100_companies,
2022-Q2,CPRT,1,unchanged,wikipedia:Historical_components_of_the_Nasdaq-100+List_of_NASDAQ-100_companies,
2022-Q2,CRWD,1,unchanged,wikipedia:Historical_components_of_the_Nasdaq-100+List_of_NASDAQ-100_companies,
2022-Q2,CSCO,1,unchanged,wikipedia:Historical_components_of_the_Nasdaq-100+List_of_NASDAQ-100_companies,
2022-Q2,CSX,1,unchanged,wikipedia:Historical_components_of_the_Nasdaq-100+List_of_NASDAQ-100_companies,
2022-Q2,CTAS,1,unchanged,wikipedia:Historical_components_of_the_Nasdaq-100+List_of_NASDAQ-100_companies,
2022-Q2,CTSH,1,unchanged,wikipedia:Historical_components_of_the_Nasdaq-100+List_of_NASDAQ-100_companies,
2022-Q2,DDOG,1,unchanged,wikipedia:Historical_components_of_the_Nasdaq-100+List_of_NASDAQ-100_companies,
2022-Q2,DLTR,1,unchanged,wikipedia:Historical_components_of_the_Nasdaq-100+List_of_NASDAQ-100_companies,
2022-Q2,DOCU,1,unchanged,wikipedia:Historical_components_of_the_Nasdaq-100+List_of_NASDAQ-100_companies,
2022-Q2,DXCM,1,unchanged,wikipedia:Historical_components_of_the_Nasdaq-100+List_of_NASDAQ-100_companies,
2022-Q2,EA,1,unchanged,wikipedia:Historical_components_of_the_Nasdaq-100+List_of_NASDAQ-100_companies,
2022-Q2,EBAY,1,unchanged,wikipedia:Historical_components_of_the_Nasdaq-100+List_of_NASDAQ-100_companies,
2022-Q2,EXC,1,unchanged,wikipedia:Historical_components_of_the_Nasdaq-100+List_of_NASDAQ-100_companies,
2022-Q2,FAST,1,unchanged,wikipedia:Historical_components_of_the_Nasdaq-100+List_of_NASDAQ-100_companies,
2022-Q2,FI,1,unchanged,wikipedia:Historical_components_of_the_Nasdaq-100+List_of_NASDAQ-100_companies,
2022-Q2,FTNT,1,unchanged,wikipedia:Historical_components_of_the_Nasdaq-100+List_of_NASDAQ-100_companies,
2022-Q2,GILD,1,unchanged,wikipedia:Historical_components_of_the_Nasdaq-100+List_of_NASDAQ-100_companies,
2022-Q2,GOOG,1,unchanged,wikipedia:Historical_components_of_the_Nasdaq-100+List_of_NASDAQ-100_companies,
2022-Q2,GOOGL,1,unchanged,wikipedia:Historical_components_of_the_Nasdaq-100+List_of_NASDAQ-100_companies,
2022-Q2,HON,1,unchanged,wikipedia:Historical_components_of_the_Nasdaq-100+List_of_NASDAQ-100_companies,
2022-Q2,IDXX,1,unchanged,wikipedia:Historical_components_of_the_Nasdaq-100+List_of_NASDAQ-100_companies,
2022-Q2,ILMN,1,unchanged,wikipedia:Historical_components_of_the_Nasdaq-100+List_of_NASDAQ-100_companies,
2022-Q2,INTC,1,unchanged,wikipedia:Historical_components_of_the_Nasdaq-100+List_of_NASDAQ-100_companies,
2022-Q2,INTU,1,unchanged,wikipedia:Historical_components_of_the_Nasdaq-100+List_of_NASDAQ-100_companies,
2022-Q2,ISRG,1,unchanged,wikipedia:Historical_components_of_the_Nasdaq-100+List_of_NASDAQ-100_companies,
2022-Q2,JD,1,unchanged,wikipedia:Historical_components_of_the_Nasdaq-100+List_of_NASDAQ-100_companies,
2022-Q2,KDP,1,unchanged,wikipedia:Historical_components_of_the_Nasdaq-100+List_of_NASDAQ-100_companies,
2022-Q2,KHC,1,unchanged,wikipedia:Historical_components_of_the_Nasdaq-100+List_of_NASDAQ-100_companies,
2022-Q2,KLAC,1,unchanged,wikipedia:Historical_components_of_the_Nasdaq-100+List_of_NASDAQ-100_companies,
2022-Q2,LCID,1,unchanged,wikipedia:Historical_components_of_the_Nasdaq-100+List_of_NASDAQ-100_companies,
2022-Q2,LRCX,1,unchanged,wikipedia:Historical_components_of_the_Nasdaq-100+List_of_NASDAQ-100_companies,
2022-Q2,LULU,1,unchanged,wikipedia:Historical_components_of_the_Nasdaq-100+List_of_NASDAQ-100_companies,
2022-Q2,MAR,1,unchanged,wikipedia:Historical_components_of_the_Nasdaq-100+List_of_NASDAQ-100_companies,
2022-Q2,MCHP,1,unchanged,wikipedia:Historical_components_of_the_Nasdaq-100+List_of_NASDAQ-100_companies,
2022-Q2,MDLZ,1,unchanged,wikipedia:Historical_components_of_the_Nasdaq-100+List_of_NASDAQ-100_companies,
2022-Q2,MELI,1,unchanged,wikipedia:Historical_components_of_the_Nasdaq-100+List_of_NASDAQ-100_companies,
2022-Q2,META,1,unchanged,wikipedia:Historical_components_of_the_Nasdaq-100+List_of_NASDAQ-100_companies,
2022-Q2,MNST,1,unchanged,wikipedia:Historical_components_of_the_Nasdaq-100+List_of_NASDAQ-100_companies,
2022-Q2,MRNA,1,unchanged,wikipedia:Historical_components_of_the_Nasdaq-100+List_of_NASDAQ-100_companies,
2022-Q2,MRVL,1,unchanged,wikipedia:Historical_components_of_the_Nasdaq-100+List_of_NASDAQ-100_companies,
2022-Q2,MSFT,1,unchanged,wikipedia:Historical_components_of_the_Nasdaq-100+List_of_NASDAQ-100_companies,
2022-Q2,MTCH,1,unchanged,wikipedia:Historical_components_of_the_Nasdaq-100+List_of_NASDAQ-100_companies,
2022-Q2,MU,1,unchanged,wikipedia:Historical_components_of_the_Nasdaq-100+List_of_NASDAQ-100_companies,
2022-Q2,NFLX,1,unchanged,wikipedia:Historical_components_of_the_Nasdaq-100+List_of_NASDAQ-100_companies,
2022-Q2,NTES,1,unchanged,wikipedia:Historical_components_of_the_Nasdaq-100+List_of_NASDAQ-100_companies,
2022-Q2,NVDA,1,unchanged,wikipedia:Historical_components_of_the_Nasdaq-100+List_of_NASDAQ-100_companies,
2022-Q2,NXPI,1,unchanged,wikipedia:Historical_components_of_the_Nasdaq-100+List_of_NASDAQ-100_companies,
2022-Q2,ODFL,1,unchanged,wikipedia:Historical_components_of_the_Nasdaq-100+List_of_NASDAQ-100_companies,
2022-Q2,OKTA,1,unchanged,wikipedia:Historical_components_of_the_Nasdaq-100+List_of_NASDAQ-100_companies,
2022-Q2,ORLY,1,unchanged,wikipedia:Historical_components_of_the_Nasdaq-100+List_of_NASDAQ-100_companies,
2022-Q2,PANW,1,unchanged,wikipedia:Historical_components_of_the_Nasdaq-100+List_of_NASDAQ-100_companies,
2022-Q2,PAYX,1,unchanged,wikipedia:Historical_components_of_the_Nasdaq-100+List_of_NASDAQ-100_companies,
2022-Q2,PCAR,1,unchanged,wikipedia:Historical_components_of_the_Nasdaq-100+List_of_NASDAQ-100_companies,
2022-Q2,PDD,1,unchanged,wikipedia:Historical_components_of_the_Nasdaq-100+List_of_NASDAQ-100_companies,
2022-Q2,PEP,1,unchanged,wikipedia:Historical_components_of_the_Nasdaq-100+List_of_NASDAQ-100_companies,
2022-Q2,PYPL,1,unchanged,wikipedia:Historical_components_of_the_Nasdaq-100+List_of_NASDAQ-100_companies,
2022-Q2,QCOM,1,unchanged,wikipedia:Historical_components_of_the_Nasdaq-100+List_of_NASDAQ-100_companies,
2022-Q2,REGN,1,unchanged,wikipedia:Historical_components_of_the_Nasdaq-100+List_of_NASDAQ-100_companies,
2022-Q2,ROST,1,unchanged,wikipedia:Historical_components_of_the_Nasdaq-100+List_of_NASDAQ-100_companies,
2022-Q2,SBUX,1,unchanged,wikipedia:Historical_components_of_the_Nasdaq-100+List_of_NASDAQ-100_companies,
2022-Q2,SGEN,1,unchanged,wikipedia:Historical_components_of_the_Nasdaq-100+List_of_NASDAQ-100_companies,
2022-Q2,SIRI,1,unchanged,wikipedia:Historical_components_of_the_Nasdaq-100+List_of_NASDAQ-100_companies,
2022-Q2,SNPS,1,unchanged,wikipedia:Historical_components_of_the_Nasdaq-100+List_of_NASDAQ-100_companies,
2022-Q2,SPLK,1,unchanged,wikipedia:Historical_components_of_the_Nasdaq-100+List_of_NASDAQ-100_companies,
2022-Q2,SWKS,1,unchanged,wikipedia:Historical_components_of_the_Nasdaq-100+List_of_NASDAQ-100_companies,
2022-Q2,TEAM,1,unchanged,wikipedia:Historical_components_of_the_Nasdaq-100+List_of_NASDAQ-100_companies,
2022-Q2,TMUS,1,unchanged,wikipedia:Historical_components_of_the_Nasdaq-100+List_of_NASDAQ-100_companies,
2022-Q2,TSLA,1,unchanged,wikipedia:Historical_components_of_the_Nasdaq-100+List_of_NASDAQ-100_companies,
2022-Q2,TXN,1,unchanged,wikipedia:Historical_components_of_the_Nasdaq-100+List_of_NASDAQ-100_companies,
2022-Q2,VRSK,1,unchanged,wikipedia:Historical_components_of_the_Nasdaq-100+List_of_NASDAQ-100_companies,
2022-Q2,VRSN,1,unchanged,wikipedia:Historical_components_of_the_Nasdaq-100+List_of_NASDAQ-100_companies,
2022-Q2,VRTX,1,unchanged,wikipedia:Historical_components_of_the_Nasdaq-100+List_of_NASDAQ-100_companies,
2022-Q2,WBA,1,unchanged,wikipedia:Historical_components_of_the_Nasdaq-100+List_of_NASDAQ-100_companies,
2022-Q2,WDAY,1,unchanged,wikipedia:Historical_components_of_the_Nasdaq-100+List_of_NASDAQ-100_companies,
2022-Q2,XEL,1,unchanged,wikipedia:Historical_components_of_the_Nasdaq-100+List_of_NASDAQ-100_companies,
2022-Q2,ZM,1,unchanged,wikipedia:Historical_components_of_the_Nasdaq-100+List_of_NASDAQ-100_companies,
2022-Q2,ZS,1,unchanged,wikipedia:Historical_components_of_the_Nasdaq-100+List_of_NASDAQ-100_companies,
2022-Q3,AAPL,1,unchanged,wikipedia:Historical_components_of_the_Nasdaq-100+List_of_NASDAQ-100_companies,
2022-Q3,ABNB,1,unchanged,wikipedia:Historical_components_of_the_Nasdaq-100+List_of_NASDAQ-100_companies,
2022-Q3,ADBE,1,unchanged,wikipedia:Historical_components_of_the_Nasdaq-100+List_of_NASDAQ-100_companies,
2022-Q3,ADI,1,unchanged,wikipedia:Historical_components_of_the_Nasdaq-100+List_of_NASDAQ-100_companies,
2022-Q3,ADP,1,unchanged,wikipedia:Historical_components_of_the_Nasdaq-100+List_of_NASDAQ-100_companies,
2022-Q3,ADSK,1,unchanged,wikipedia:Historical_components_of_the_Nasdaq-100+List_of_NASDAQ-100_companies,
2022-Q3,AEP,1,unchanged,wikipedia:Historical_components_of_the_Nasdaq-100+List_of_NASDAQ-100_companies,
2022-Q3,ALGN,1,unchanged,wikipedia:Historical_components_of_the_Nasdaq-100+List_of_NASDAQ-100_companies,
2022-Q3,AMAT,1,unchanged,wikipedia:Historical_components_of_the_Nasdaq-100+List_of_NASDAQ-100_companies,
2022-Q3,AMD,1,unchanged,wikipedia:Historical_components_of_the_Nasdaq-100+List_of_NASDAQ-100_companies,
2022-Q3,AMGN,1,unchanged,wikipedia:Historical_components_of_the_Nasdaq-100+List_of_NASDAQ-100_companies,
2022-Q3,AMZN,1,unchanged,wikipedia:Historical_components_of_the_Nasdaq-100+List_of_NASDAQ-100_companies,
2022-Q3,ANSS,1,unchanged,wikipedia:Historical_components_of_the_Nasdaq-100+List_of_NASDAQ-100_companies,
2022-Q3,ASML,1,unchanged,wikipedia:Historical_components_of_the_Nasdaq-100+List_of_NASDAQ-100_companies,
2022-Q3,ATVI,1,unchanged,wikipedia:Historical_components_of_the_Nasdaq-100+List_of_NASDAQ-100_companies,
2022-Q3,AVGO,1,unchanged,wikipedia:Historical_components_of_the_Nasdaq-100+List_of_NASDAQ-100_companies,
2022-Q3,AZN,1,unchanged,wikipedia:Historical_components_of_the_Nasdaq-100+List_of_NASDAQ-100_companies,
2022-Q3,BIDU,1,unchanged,wikipedia:Historical_components_of_the_Nasdaq-100+List_of_NASDAQ-100_companies,
2022-Q3,BIIB,1,unchanged,wikipedia:Historical_components_of_the_Nasdaq-100+List_of_NASDAQ-100_companies,
2022-Q3,BKNG,1,unchanged,wikipedia:Historical_components_of_the_Nasdaq-100+List_of_NASDAQ-100_companies,
2022-Q3,CDNS,1,unchanged,wikipedia:Historical_components_of_the_Nasdaq-100+List_of_NASDAQ-100_companies,
2022-Q3,CEG,1,unchanged,wikipedia:Historical_components_of_the_Nasdaq-100+List_of_NASDAQ-100_companies,
2022-Q3,CHTR,1,unchanged,wikipedia:Historical_components_of_the_Nasdaq-100+List_of_NASDAQ-100_companies,
2022-Q3,CMCSA,1,unchanged,wikipedia:Historical_components_of_the_Nasdaq-100+List_of_NASDAQ-100_companies,
2022-Q3,COST,1,unchanged,wikipedia:Historical_components_of_the_Nasdaq-100+List_of_NASDAQ-100_companies,
2022-Q3,CPRT,1,unchanged,wikipedia:Historical_components_of_the_Nasdaq-100+List_of_NASDAQ-100_companies,
2022-Q3,CRWD,1,unchanged,wikipedia:Historical_components_of_the_Nasdaq-100+List_of_NASDAQ-100_companies,
2022-Q3,CSCO,1,unchanged,wikipedia:Historical_components_of_the_Nasdaq-100+List_of_NASDAQ-100_companies,
2022-Q3,CSX,1,unchanged,wikipedia:Historical_components_of_the_Nasdaq-100+List_of_NASDAQ-100_companies,
2022-Q3,CTAS,1,unchanged,wikipedia:Historical_components_of_the_Nasdaq-100+List_of_NASDAQ-100_companies,
2022-Q3,CTSH,1,unchanged,wikipedia:Historical_components_of_the_Nasdaq-100+List_of_NASDAQ-100_companies,
2022-Q3,DDOG,1,unchanged,wikipedia:Historical_components_of_the_Nasdaq-100+List_of_NASDAQ-100_companies,
2022-Q3,DLTR,1,unchanged,wikipedia:Historical_components_of_the_Nasdaq-100+List_of_NASDAQ-100_companies,
2022-Q3,DOCU,1,unchanged,wikipedia:Historical_components_of_the_Nasdaq-100+List_of_NASDAQ-100_companies,
2022-Q3,DXCM,1,unchanged,wikipedia:Historical_components_of_the_Nasdaq-100+List_of_NASDAQ-100_companies,
2022-Q3,EA,1,unchanged,wikipedia:Historical_components_of_the_Nasdaq-100+List_of_NASDAQ-100_companies,
2022-Q3,EBAY,1,unchanged,wikipedia:Historical_components_of_the_Nasdaq-100+List_of_NASDAQ-100_companies,
2022-Q3,EXC,1,unchanged,wikipedia:Historical_components_of_the_Nasdaq-100+List_of_NASDAQ-100_companies,
2022-Q3,FAST,1,unchanged,wikipedia:Historical_components_of_the_Nasdaq-100+List_of_NASDAQ-100_companies,
2022-Q3,FI,1,unchanged,wikipedia:Historical_components_of_the_Nasdaq-100+List_of_NASDAQ-100_companies,
2022-Q3,FTNT,1,unchanged,wikipedia:Historical_components_of_the_Nasdaq-100+List_of_NASDAQ-100_companies,
2022-Q3,GILD,1,unchanged,wikipedia:Historical_components_of_the_Nasdaq-100+List_of_NASDAQ-100_companies,
2022-Q3,GOOG,1,unchanged,wikipedia:Historical_components_of_the_Nasdaq-100+List_of_NASDAQ-100_companies,
2022-Q3,GOOGL,1,unchanged,wikipedia:Historical_components_of_the_Nasdaq-100+List_of_NASDAQ-100_companies,
2022-Q3,HON,1,unchanged,wikipedia:Historical_components_of_the_Nasdaq-100+List_of_NASDAQ-100_companies,
2022-Q3,IDXX,1,unchanged,wikipedia:Historical_components_of_the_Nasdaq-100+List_of_NASDAQ-100_companies,
2022-Q3,ILMN,1,unchanged,wikipedia:Historical_components_of_the_Nasdaq-100+List_of_NASDAQ-100_companies,
2022-Q3,INTC,1,unchanged,wikipedia:Historical_components_of_the_Nasdaq-100+List_of_NASDAQ-100_companies,
2022-Q3,INTU,1,unchanged,wikipedia:Historical_components_of_the_Nasdaq-100+List_of_NASDAQ-100_companies,
2022-Q3,ISRG,1,unchanged,wikipedia:Historical_components_of_the_Nasdaq-100+List_of_NASDAQ-100_companies,
2022-Q3,JD,1,unchanged,wikipedia:Historical_components_of_the_Nasdaq-100+List_of_NASDAQ-100_companies,
2022-Q3,KDP,1,unchanged,wikipedia:Historical_components_of_the_Nasdaq-100+List_of_NASDAQ-100_companies,
2022-Q3,KHC,1,unchanged,wikipedia:Historical_components_of_the_Nasdaq-100+List_of_NASDAQ-100_companies,
2022-Q3,KLAC,1,unchanged,wikipedia:Historical_components_of_the_Nasdaq-100+List_of_NASDAQ-100_companies,
2022-Q3,LCID,1,unchanged,wikipedia:Historical_components_of_the_Nasdaq-100+List_of_NASDAQ-100_companies,
2022-Q3,LRCX,1,unchanged,wikipedia:Historical_components_of_the_Nasdaq-100+List_of_NASDAQ-100_companies,
2022-Q3,LULU,1,unchanged,wikipedia:Historical_components_of_the_Nasdaq-100+List_of_NASDAQ-100_companies,
2022-Q3,MAR,1,unchanged,wikipedia:Historical_components_of_the_Nasdaq-100+List_of_NASDAQ-100_companies,
2022-Q3,MCHP,1,unchanged,wikipedia:Historical_components_of_the_Nasdaq-100+List_of_NASDAQ-100_companies,
2022-Q3,MDLZ,1,unchanged,wikipedia:Historical_components_of_the_Nasdaq-100+List_of_NASDAQ-100_companies,
2022-Q3,MELI,1,unchanged,wikipedia:Historical_components_of_the_Nasdaq-100+List_of_NASDAQ-100_companies,
2022-Q3,META,1,unchanged,wikipedia:Historical_components_of_the_Nasdaq-100+List_of_NASDAQ-100_companies,
2022-Q3,MNST,1,unchanged,wikipedia:Historical_components_of_the_Nasdaq-100+List_of_NASDAQ-100_companies,
2022-Q3,MRNA,1,unchanged,wikipedia:Historical_components_of_the_Nasdaq-100+List_of_NASDAQ-100_companies,
2022-Q3,MRVL,1,unchanged,wikipedia:Historical_components_of_the_Nasdaq-100+List_of_NASDAQ-100_companies,
2022-Q3,MSFT,1,unchanged,wikipedia:Historical_components_of_the_Nasdaq-100+List_of_NASDAQ-100_companies,
2022-Q3,MTCH,1,unchanged,wikipedia:Historical_components_of_the_Nasdaq-100+List_of_NASDAQ-100_companies,
2022-Q3,MU,1,unchanged,wikipedia:Historical_components_of_the_Nasdaq-100+List_of_NASDAQ-100_companies,
2022-Q3,NFLX,1,unchanged,wikipedia:Historical_components_of_the_Nasdaq-100+List_of_NASDAQ-100_companies,
2022-Q3,NTES,1,unchanged,wikipedia:Historical_components_of_the_Nasdaq-100+List_of_NASDAQ-100_companies,
2022-Q3,NVDA,1,unchanged,wikipedia:Historical_components_of_the_Nasdaq-100+List_of_NASDAQ-100_companies,
2022-Q3,NXPI,1,unchanged,wikipedia:Historical_components_of_the_Nasdaq-100+List_of_NASDAQ-100_companies,
2022-Q3,ODFL,1,unchanged,wikipedia:Historical_components_of_the_Nasdaq-100+List_of_NASDAQ-100_companies,
2022-Q3,OKTA,1,unchanged,wikipedia:Historical_components_of_the_Nasdaq-100+List_of_NASDAQ-100_companies,
2022-Q3,ORLY,1,unchanged,wikipedia:Historical_components_of_the_Nasdaq-100+List_of_NASDAQ-100_companies,
2022-Q3,PANW,1,unchanged,wikipedia:Historical_components_of_the_Nasdaq-100+List_of_NASDAQ-100_companies,
2022-Q3,PAYX,1,unchanged,wikipedia:Historical_components_of_the_Nasdaq-100+List_of_NASDAQ-100_companies,
2022-Q3,PCAR,1,unchanged,wikipedia:Historical_components_of_the_Nasdaq-100+List_of_NASDAQ-100_companies,
2022-Q3,PDD,1,unchanged,wikipedia:Historical_components_of_the_Nasdaq-100+List_of_NASDAQ-100_companies,
2022-Q3,PEP,1,unchanged,wikipedia:Historical_components_of_the_Nasdaq-100+List_of_NASDAQ-100_companies,
2022-Q3,PYPL,1,unchanged,wikipedia:Historical_components_of_the_Nasdaq-100+List_of_NASDAQ-100_companies,
2022-Q3,QCOM,1,unchanged,wikipedia:Historical_components_of_the_Nasdaq-100+List_of_NASDAQ-100_companies,
2022-Q3,REGN,1,unchanged,wikipedia:Historical_components_of_the_Nasdaq-100+List_of_NASDAQ-100_companies,
2022-Q3,ROST,1,unchanged,wikipedia:Historical_components_of_the_Nasdaq-100+List_of_NASDAQ-100_companies,
2022-Q3,SBUX,1,unchanged,wikipedia:Historical_components_of_the_Nasdaq-100+List_of_NASDAQ-100_companies,
2022-Q3,SGEN,1,unchanged,wikipedia:Historical_components_of_the_Nasdaq-100+List_of_NASDAQ-100_companies,
2022-Q3,SIRI,1,unchanged,wikipedia:Historical_components_of_the_Nasdaq-100+List_of_NASDAQ-100_companies,
2022-Q3,SNPS,1,unchanged,wikipedia:Historical_components_of_the_Nasdaq-100+List_of_NASDAQ-100_companies,
2022-Q3,SPLK,1,unchanged,wikipedia:Historical_components_of_the_Nasdaq-100+List_of_NASDAQ-100_companies,
2022-Q3,SWKS,1,unchanged,wikipedia:Historical_components_of_the_Nasdaq-100+List_of_NASDAQ-100_companies,
2022-Q3,TEAM,1,unchanged,wikipedia:Historical_components_of_the_Nasdaq-100+List_of_NASDAQ-100_companies,
2022-Q3,TMUS,1,unchanged,wikipedia:Historical_components_of_the_Nasdaq-100+List_of_NASDAQ-100_companies,
2022-Q3,TSLA,1,unchanged,wikipedia:Historical_components_of_the_Nasdaq-100+List_of_NASDAQ-100_companies,
2022-Q3,TXN,1,unchanged,wikipedia:Historical_components_of_the_Nasdaq-100+List_of_NASDAQ-100_companies,
2022-Q3,VRSK,1,unchanged,wikipedia:Historical_components_of_the_Nasdaq-100+List_of_NASDAQ-100_companies,
2022-Q3,VRSN,1,unchanged,wikipedia:Historical_components_of_the_Nasdaq-100+List_of_NASDAQ-100_companies,
2022-Q3,VRTX,1,unchanged,wikipedia:Historical_components_of_the_Nasdaq-100+List_of_NASDAQ-100_companies,
2022-Q3,WBA,1,unchanged,wikipedia:Historical_components_of_the_Nasdaq-100+List_of_NASDAQ-100_companies,
2022-Q3,WDAY,1,unchanged,wikipedia:Historical_components_of_the_Nasdaq-100+List_of_NASDAQ-100_companies,
2022-Q3,XEL,1,unchanged,wikipedia:Historical_components_of_the_Nasdaq-100+List_of_NASDAQ-100_companies,
2022-Q3,ZM,1,unchanged,wikipedia:Historical_components_of_the_Nasdaq-100+List_of_NASDAQ-100_companies,
2022-Q3,ZS,1,unchanged,wikipedia:Historical_components_of_the_Nasdaq-100+List_of_NASDAQ-100_companies,
2022-Q4,AAPL,1,unchanged,wikipedia:Historical_components_of_the_Nasdaq-100+List_of_NASDAQ-100_companies,
2022-Q4,ABNB,1,unchanged,wikipedia:Historical_components_of_the_Nasdaq-100+List_of_NASDAQ-100_companies,
2022-Q4,ADBE,1,unchanged,wikipedia:Historical_components_of_the_Nasdaq-100+List_of_NASDAQ-100_companies,
2022-Q4,ADI,1,unchanged,wikipedia:Historical_components_of_the_Nasdaq-100+List_of_NASDAQ-100_companies,
2022-Q4,ADP,1,unchanged,wikipedia:Historical_components_of_the_Nasdaq-100+List_of_NASDAQ-100_companies,
2022-Q4,ADSK,1,unchanged,wikipedia:Historical_components_of_the_Nasdaq-100+List_of_NASDAQ-100_companies,
2022-Q4,AEP,1,unchanged,wikipedia:Historical_components_of_the_Nasdaq-100+List_of_NASDAQ-100_companies,
2022-Q4,ALGN,1,unchanged,wikipedia:Historical_components_of_the_Nasdaq-100+List_of_NASDAQ-100_companies,
2022-Q4,AMAT,1,unchanged,wikipedia:Historical_components_of_the_Nasdaq-100+List_of_NASDAQ-100_companies,
2022-Q4,AMD,1,unchanged,wikipedia:Historical_components_of_the_Nasdaq-100+List_of_NASDAQ-100_companies,
2022-Q4,AMGN,1,unchanged,wikipedia:Historical_components_of_the_Nasdaq-100+List_of_NASDAQ-100_companies,
2022-Q4,AMZN,1,unchanged,wikipedia:Historical_components_of_the_Nasdaq-100+List_of_NASDAQ-100_companies,
2022-Q4,ANSS,1,unchanged,wikipedia:Historical_components_of_the_Nasdaq-100+List_of_NASDAQ-100_companies,
2022-Q4,ASML,1,unchanged,wikipedia:Historical_components_of_the_Nasdaq-100+List_of_NASDAQ-100_companies,
2022-Q4,ATVI,1,unchanged,wikipedia:Historical_components_of_the_Nasdaq-100+List_of_NASDAQ-100_companies,
2022-Q4,AVGO,1,unchanged,wikipedia:Historical_components_of_the_Nasdaq-100+List_of_NASDAQ-100_companies,
2022-Q4,AZN,1,unchanged,wikipedia:Historical_components_of_the_Nasdaq-100+List_of_NASDAQ-100_companies,
2022-Q4,BIIB,1,unchanged,wikipedia:Historical_components_of_the_Nasdaq-100+List_of_NASDAQ-100_companies,
2022-Q4,BKNG,1,unchanged,wikipedia:Historical_components_of_the_Nasdaq-100+List_of_NASDAQ-100_companies,
2022-Q4,BKR,1,added,wikipedia:Historical_components_of_the_Nasdaq-100+List_of_NASDAQ-100_companies,
2022-Q4,CDNS,1,unchanged,wikipedia:Historical_components_of_the_Nasdaq-100+List_of_NASDAQ-100_companies,
2022-Q4,CEG,1,unchanged,wikipedia:Historical_components_of_the_Nasdaq-100+List_of_NASDAQ-100_companies,
2022-Q4,CHTR,1,unchanged,wikipedia:Historical_components_of_the_Nasdaq-100+List_of_NASDAQ-100_companies,
2022-Q4,CMCSA,1,unchanged,wikipedia:Historical_components_of_the_Nasdaq-100+List_of_NASDAQ-100_companies,
2022-Q4,COST,1,unchanged,wikipedia:Historical_components_of_the_Nasdaq-100+List_of_NASDAQ-100_companies,
2022-Q4,CPRT,1,unchanged,wikipedia:Historical_components_of_the_Nasdaq-100+List_of_NASDAQ-100_companies,
2022-Q4,CRWD,1,unchanged,wikipedia:Historical_components_of_the_Nasdaq-100+List_of_NASDAQ-100_companies,
2022-Q4,CSCO,1,unchanged,wikipedia:Historical_components_of_the_Nasdaq-100+List_of_NASDAQ-100_companies,
2022-Q4,CSGP,1,added,wikipedia:Historical_components_of_the_Nasdaq-100+List_of_NASDAQ-100_companies,
2022-Q4,CSX,1,unchanged,wikipedia:Historical_components_of_the_Nasdaq-100+List_of_NASDAQ-100_companies,
2022-Q4,CTAS,1,unchanged,wikipedia:Historical_components_of_the_Nasdaq-100+List_of_NASDAQ-100_companies,
2022-Q4,CTSH,1,unchanged,wikipedia:Historical_components_of_the_Nasdaq-100+List_of_NASDAQ-100_companies,
2022-Q4,DDOG,1,unchanged,wikipedia:Historical_components_of_the_Nasdaq-100+List_of_NASDAQ-100_companies,
2022-Q4,DLTR,1,unchanged,wikipedia:Historical_components_of_the_Nasdaq-100+List_of_NASDAQ-100_companies,
2022-Q4,DXCM,1,unchanged,wikipedia:Historical_components_of_the_Nasdaq-100+List_of_NASDAQ-100_companies,
2022-Q4,EA,1,unchanged,wikipedia:Historical_components_of_the_Nasdaq-100+List_of_NASDAQ-100_companies,
2022-Q4,EBAY,1,unchanged,wikipedia:Historical_components_of_the_Nasdaq-100+List_of_NASDAQ-100_companies,
2022-Q4,ENPH,1,added,wikipedia:Historical_components_of_the_Nasdaq-100+List_of_NASDAQ-100_companies,
2022-Q4,EXC,1,unchanged,wikipedia:Historical_components_of_the_Nasdaq-100+List_of_NASDAQ-100_companies,
2022-Q4,FANG,1,added,wikipedia:Historical_components_of_the_Nasdaq-100+List_of_NASDAQ-100_companies,
2022-Q4,FAST,1,unchanged,wikipedia:Historical_components_of_the_Nasdaq-100+List_of_NASDAQ-100_companies,
2022-Q4,FI,1,unchanged,wikipedia:Historical_components_of_the_Nasdaq-100+List_of_NASDAQ-100_companies,
2022-Q4,FTNT,1,unchanged,wikipedia:Historical_components_of_the_Nasdaq-100+List_of_NASDAQ-100_companies,
2022-Q4,GFS,1,added,wikipedia:Historical_components_of_the_Nasdaq-100+List_of_NASDAQ-100_companies,
2022-Q4,GILD,1,unchanged,wikipedia:Historical_components_of_the_Nasdaq-100+List_of_NASDAQ-100_companies,
2022-Q4,GOOG,1,unchanged,wikipedia:Historical_components_of_the_Nasdaq-100+List_of_NASDAQ-100_companies,
2022-Q4,GOOGL,1,unchanged,wikipedia:Historical_components_of_the_Nasdaq-100+List_of_NASDAQ-100_companies,
2022-Q4,HON,1,unchanged,wikipedia:Historical_components_of_the_Nasdaq-100+List_of_NASDAQ-100_companies,
2022-Q4,IDXX,1,unchanged,wikipedia:Historical_components_of_the_Nasdaq-100+List_of_NASDAQ-100_companies,
2022-Q4,ILMN,1,unchanged,wikipedia:Historical_components_of_the_Nasdaq-100+List_of_NASDAQ-100_companies,
2022-Q4,INTC,1,unchanged,wikipedia:Historical_components_of_the_Nasdaq-100+List_of_NASDAQ-100_companies,
2022-Q4,INTU,1,unchanged,wikipedia:Historical_components_of_the_Nasdaq-100+List_of_NASDAQ-100_companies,
2022-Q4,ISRG,1,unchanged,wikipedia:Historical_components_of_the_Nasdaq-100+List_of_NASDAQ-100_companies,
2022-Q4,JD,1,unchanged,wikipedia:Historical_components_of_the_Nasdaq-100+List_of_NASDAQ-100_companies,
2022-Q4,KDP,1,unchanged,wikipedia:Historical_components_of_the_Nasdaq-100+List_of_NASDAQ-100_companies,
2022-Q4,KHC,1,unchanged,wikipedia:Historical_components_of_the_Nasdaq-100+List_of_NASDAQ-100_companies,
2022-Q4,KLAC,1,unchanged,wikipedia:Historical_components_of_the_Nasdaq-100+List_of_NASDAQ-100_companies,
2022-Q4,LCID,1,unchanged,wikipedia:Historical_components_of_the_Nasdaq-100+List_of_NASDAQ-100_companies,
2022-Q4,LRCX,1,unchanged,wikipedia:Historical_components_of_the_Nasdaq-100+List_of_NASDAQ-100_companies,
2022-Q4,LULU,1,unchanged,wikipedia:Historical_components_of_the_Nasdaq-100+List_of_NASDAQ-100_companies,
2022-Q4,MAR,1,unchanged,wikipedia:Historical_components_of_the_Nasdaq-100+List_of_NASDAQ-100_companies,
2022-Q4,MCHP,1,unchanged,wikipedia:Historical_components_of_the_Nasdaq-100+List_of_NASDAQ-100_companies,
2022-Q4,MDLZ,1,unchanged,wikipedia:Historical_components_of_the_Nasdaq-100+List_of_NASDAQ-100_companies,
2022-Q4,MELI,1,unchanged,wikipedia:Historical_components_of_the_Nasdaq-100+List_of_NASDAQ-100_companies,
2022-Q4,META,1,unchanged,wikipedia:Historical_components_of_the_Nasdaq-100+List_of_NASDAQ-100_companies,
2022-Q4,MNST,1,unchanged,wikipedia:Historical_components_of_the_Nasdaq-100+List_of_NASDAQ-100_companies,
2022-Q4,MRNA,1,unchanged,wikipedia:Historical_components_of_the_Nasdaq-100+List_of_NASDAQ-100_companies,
2022-Q4,MRVL,1,unchanged,wikipedia:Historical_components_of_the_Nasdaq-100+List_of_NASDAQ-100_companies,
2022-Q4,MSFT,1,unchanged,wikipedia:Historical_components_of_the_Nasdaq-100+List_of_NASDAQ-100_companies,
2022-Q4,MU,1,unchanged,wikipedia:Historical_components_of_the_Nasdaq-100+List_of_NASDAQ-100_companies,
2022-Q4,NFLX,1,unchanged,wikipedia:Historical_components_of_the_Nasdaq-100+List_of_NASDAQ-100_companies,
2022-Q4,NVDA,1,unchanged,wikipedia:Historical_components_of_the_Nasdaq-100+List_of_NASDAQ-100_companies,
2022-Q4,NXPI,1,unchanged,wikipedia:Historical_components_of_the_Nasdaq-100+List_of_NASDAQ-100_companies,
2022-Q4,ODFL,1,unchanged,wikipedia:Historical_components_of_the_Nasdaq-100+List_of_NASDAQ-100_companies,
2022-Q4,ORLY,1,unchanged,wikipedia:Historical_components_of_the_Nasdaq-100+List_of_NASDAQ-100_companies,
2022-Q4,PANW,1,unchanged,wikipedia:Historical_components_of_the_Nasdaq-100+List_of_NASDAQ-100_companies,
2022-Q4,PAYX,1,unchanged,wikipedia:Historical_components_of_the_Nasdaq-100+List_of_NASDAQ-100_companies,
2022-Q4,PCAR,1,unchanged,wikipedia:Historical_components_of_the_Nasdaq-100+List_of_NASDAQ-100_companies,
2022-Q4,PDD,1,unchanged,wikipedia:Historical_components_of_the_Nasdaq-100+List_of_NASDAQ-100_companies,
2022-Q4,PEP,1,unchanged,wikipedia:Historical_components_of_the_Nasdaq-100+List_of_NASDAQ-100_companies,
2022-Q4,PYPL,1,unchanged,wikipedia:Historical_components_of_the_Nasdaq-100+List_of_NASDAQ-100_companies,
2022-Q4,QCOM,1,unchanged,wikipedia:Historical_components_of_the_Nasdaq-100+List_of_NASDAQ-100_companies,
2022-Q4,REGN,1,unchanged,wikipedia:Historical_components_of_the_Nasdaq-100+List_of_NASDAQ-100_companies,
2022-Q4,RIVN,1,added,wikipedia:Historical_components_of_the_Nasdaq-100+List_of_NASDAQ-100_companies,
2022-Q4,ROST,1,unchanged,wikipedia:Historical_components_of_the_Nasdaq-100+List_of_NASDAQ-100_companies,
2022-Q4,SBUX,1,unchanged,wikipedia:Historical_components_of_the_Nasdaq-100+List_of_NASDAQ-100_companies,
2022-Q4,SGEN,1,unchanged,wikipedia:Historical_components_of_the_Nasdaq-100+List_of_NASDAQ-100_companies,
2022-Q4,SIRI,1,unchanged,wikipedia:Historical_components_of_the_Nasdaq-100+List_of_NASDAQ-100_companies,
2022-Q4,SNPS,1,unchanged,wikipedia:Historical_components_of_the_Nasdaq-100+List_of_NASDAQ-100_companies,
2022-Q4,TEAM,1,unchanged,wikipedia:Historical_components_of_the_Nasdaq-100+List_of_NASDAQ-100_companies,
2022-Q4,TMUS,1,unchanged,wikipedia:Historical_components_of_the_Nasdaq-100+List_of_NASDAQ-100_companies,
2022-Q4,TSLA,1,unchanged,wikipedia:Historical_components_of_the_Nasdaq-100+List_of_NASDAQ-100_companies,
2022-Q4,TXN,1,unchanged,wikipedia:Historical_components_of_the_Nasdaq-100+List_of_NASDAQ-100_companies,
2022-Q4,VRSK,1,unchanged,wikipedia:Historical_components_of_the_Nasdaq-100+List_of_NASDAQ-100_companies,
2022-Q4,VRTX,1,unchanged,wikipedia:Historical_components_of_the_Nasdaq-100+List_of_NASDAQ-100_companies,
2022-Q4,WBA,1,unchanged,wikipedia:Historical_components_of_the_Nasdaq-100+List_of_NASDAQ-100_companies,
2022-Q4,WBD,1,added,wikipedia:Historical_components_of_the_Nasdaq-100+List_of_NASDAQ-100_companies,
2022-Q4,WDAY,1,unchanged,wikipedia:Historical_components_of_the_Nasdaq-100+List_of_NASDAQ-100_companies,
2022-Q4,XEL,1,unchanged,wikipedia:Historical_components_of_the_Nasdaq-100+List_of_NASDAQ-100_companies,
2022-Q4,ZM,1,unchanged,wikipedia:Historical_components_of_the_Nasdaq-100+List_of_NASDAQ-100_companies,
2022-Q4,ZS,1,unchanged,wikipedia:Historical_components_of_the_Nasdaq-100+List_of_NASDAQ-100_companies,
2022-Q4,BIDU,0,removed,wikipedia:Historical_components_of_the_Nasdaq-100+List_of_NASDAQ-100_companies,
2022-Q4,DOCU,0,removed,wikipedia:Historical_components_of_the_Nasdaq-100+List_of_NASDAQ-100_companies,
2022-Q4,MTCH,0,removed,wikipedia:Historical_components_of_the_Nasdaq-100+List_of_NASDAQ-100_companies,
2022-Q4,NTES,0,removed,wikipedia:Historical_components_of_the_Nasdaq-100+List_of_NASDAQ-100_companies,
2022-Q4,OKTA,0,removed,wikipedia:Historical_components_of_the_Nasdaq-100+List_of_NASDAQ-100_companies,
2022-Q4,SPLK,0,removed,wikipedia:Historical_components_of_the_Nasdaq-100+List_of_NASDAQ-100_companies,
2022-Q4,SWKS,0,removed,wikipedia:Historical_components_of_the_Nasdaq-100+List_of_NASDAQ-100_companies,
2022-Q4,VRSN,0,removed,wikipedia:Historical_components_of_the_Nasdaq-100+List_of_NASDAQ-100_companies,
2023-Q1,AAPL,1,unchanged,wikipedia:Historical_components_of_the_Nasdaq-100+List_of_NASDAQ-100_companies,
2023-Q1,ABNB,1,unchanged,wikipedia:Historical_components_of_the_Nasdaq-100+List_of_NASDAQ-100_companies,
2023-Q1,ADBE,1,unchanged,wikipedia:Historical_components_of_the_Nasdaq-100+List_of_NASDAQ-100_companies,
2023-Q1,ADI,1,unchanged,wikipedia:Historical_components_of_the_Nasdaq-100+List_of_NASDAQ-100_companies,
2023-Q1,ADP,1,unchanged,wikipedia:Historical_components_of_the_Nasdaq-100+List_of_NASDAQ-100_companies,
2023-Q1,ADSK,1,unchanged,wikipedia:Historical_components_of_the_Nasdaq-100+List_of_NASDAQ-100_companies,
2023-Q1,AEP,1,unchanged,wikipedia:Historical_components_of_the_Nasdaq-100+List_of_NASDAQ-100_companies,
2023-Q1,ALGN,1,unchanged,wikipedia:Historical_components_of_the_Nasdaq-100+List_of_NASDAQ-100_companies,
2023-Q1,AMAT,1,unchanged,wikipedia:Historical_components_of_the_Nasdaq-100+List_of_NASDAQ-100_companies,
2023-Q1,AMD,1,unchanged,wikipedia:Historical_components_of_the_Nasdaq-100+List_of_NASDAQ-100_companies,
2023-Q1,AMGN,1,unchanged,wikipedia:Historical_components_of_the_Nasdaq-100+List_of_NASDAQ-100_companies,
2023-Q1,AMZN,1,unchanged,wikipedia:Historical_components_of_the_Nasdaq-100+List_of_NASDAQ-100_companies,
2023-Q1,ANSS,1,unchanged,wikipedia:Historical_components_of_the_Nasdaq-100+List_of_NASDAQ-100_companies,
2023-Q1,ASML,1,unchanged,wikipedia:Historical_components_of_the_Nasdaq-100+List_of_NASDAQ-100_companies,
2023-Q1,ATVI,1,unchanged,wikipedia:Historical_components_of_the_Nasdaq-100+List_of_NASDAQ-100_companies,
2023-Q1,AVGO,1,unchanged,wikipedia:Historical_components_of_the_Nasdaq-100+List_of_NASDAQ-100_companies,
2023-Q1,AZN,1,unchanged,wikipedia:Historical_components_of_the_Nasdaq-100+List_of_NASDAQ-100_companies,
2023-Q1,BIIB,1,unchanged,wikipedia:Historical_components_of_the_Nasdaq-100+List_of_NASDAQ-100_companies,
2023-Q1,BKNG,1,unchanged,wikipedia:Historical_components_of_the_Nasdaq-100+List_of_NASDAQ-100_companies,
2023-Q1,BKR,1,unchanged,wikipedia:Historical_components_of_the_Nasdaq-100+List_of_NASDAQ-100_companies,
2023-Q1,CDNS,1,unchanged,wikipedia:Historical_components_of_the_Nasdaq-100+List_of_NASDAQ-100_companies,
2023-Q1,CEG,1,unchanged,wikipedia:Historical_components_of_the_Nasdaq-100+List_of_NASDAQ-100_companies,
2023-Q1,CHTR,1,unchanged,wikipedia:Historical_components_of_the_Nasdaq-100+List_of_NASDAQ-100_companies,
2023-Q1,CMCSA,1,unchanged,wikipedia:Historical_components_of_the_Nasdaq-100+List_of_NASDAQ-100_companies,
2023-Q1,COST,1,unchanged,wikipedia:Historical_components_of_the_Nasdaq-100+List_of_NASDAQ-100_companies,
2023-Q1,CPRT,1,unchanged,wikipedia:Historical_components_of_the_Nasdaq-100+List_of_NASDAQ-100_companies,
2023-Q1,CRWD,1,unchanged,wikipedia:Historical_components_of_the_Nasdaq-100+List_of_NASDAQ-100_companies,
2023-Q1,CSCO,1,unchanged,wikipedia:Historical_components_of_the_Nasdaq-100+List_of_NASDAQ-100_companies,
2023-Q1,CSGP,1,unchanged,wikipedia:Historical_components_of_the_Nasdaq-100+List_of_NASDAQ-100_companies,
2023-Q1,CSX,1,unchanged,wikipedia:Historical_components_of_the_Nasdaq-100+List_of_NASDAQ-100_companies,
2023-Q1,CTAS,1,unchanged,wikipedia:Historical_components_of_the_Nasdaq-100+List_of_NASDAQ-100_companies,
2023-Q1,CTSH,1,unchanged,wikipedia:Historical_components_of_the_Nasdaq-100+List_of_NASDAQ-100_companies,
2023-Q1,DDOG,1,unchanged,wikipedia:Historical_components_of_the_Nasdaq-100+List_of_NASDAQ-100_companies,
2023-Q1,DLTR,1,unchanged,wikipedia:Historical_components_of_the_Nasdaq-100+List_of_NASDAQ-100_companies,
2023-Q1,DXCM,1,unchanged,wikipedia:Historical_components_of_the_Nasdaq-100+List_of_NASDAQ-100_companies,
2023-Q1,EA,1,unchanged,wikipedia:Historical_components_of_the_Nasdaq-100+List_of_NASDAQ-100_companies,
2023-Q1,EBAY,1,unchanged,wikipedia:Historical_components_of_the_Nasdaq-100+List_of_NASDAQ-100_companies,
2023-Q1,ENPH,1,unchanged,wikipedia:Historical_components_of_the_Nasdaq-100+List_of_NASDAQ-100_companies,
2023-Q1,EXC,1,unchanged,wikipedia:Historical_components_of_the_Nasdaq-100+List_of_NASDAQ-100_companies,
2023-Q1,FANG,1,unchanged,wikipedia:Historical_components_of_the_Nasdaq-100+List_of_NASDAQ-100_companies,
2023-Q1,FAST,1,unchanged,wikipedia:Historical_components_of_the_Nasdaq-100+List_of_NASDAQ-100_companies,
2023-Q1,FI,1,unchanged,wikipedia:Historical_components_of_the_Nasdaq-100+List_of_NASDAQ-100_companies,
2023-Q1,FTNT,1,unchanged,wikipedia:Historical_components_of_the_Nasdaq-100+List_of_NASDAQ-100_companies,
2023-Q1,GFS,1,unchanged,wikipedia:Historical_components_of_the_Nasdaq-100+List_of_NASDAQ-100_companies,
2023-Q1,GILD,1,unchanged,wikipedia:Historical_components_of_the_Nasdaq-100+List_of_NASDAQ-100_companies,
2023-Q1,GOOG,1,unchanged,wikipedia:Historical_components_of_the_Nasdaq-100+List_of_NASDAQ-100_companies,
2023-Q1,GOOGL,1,unchanged,wikipedia:Historical_components_of_the_Nasdaq-100+List_of_NASDAQ-100_companies,
2023-Q1,HON,1,unchanged,wikipedia:Historical_components_of_the_Nasdaq-100+List_of_NASDAQ-100_companies,
2023-Q1,IDXX,1,unchanged,wikipedia:Historical_components_of_the_Nasdaq-100+List_of_NASDAQ-100_companies,
2023-Q1,ILMN,1,unchanged,wikipedia:Historical_components_of_the_Nasdaq-100+List_of_NASDAQ-100_companies,
2023-Q1,INTC,1,unchanged,wikipedia:Historical_components_of_the_Nasdaq-100+List_of_NASDAQ-100_companies,
2023-Q1,INTU,1,unchanged,wikipedia:Historical_components_of_the_Nasdaq-100+List_of_NASDAQ-100_companies,
2023-Q1,ISRG,1,unchanged,wikipedia:Historical_components_of_the_Nasdaq-100+List_of_NASDAQ-100_companies,
2023-Q1,JD,1,unchanged,wikipedia:Historical_components_of_the_Nasdaq-100+List_of_NASDAQ-100_companies,
2023-Q1,KDP,1,unchanged,wikipedia:Historical_components_of_the_Nasdaq-100+List_of_NASDAQ-100_companies,
2023-Q1,KHC,1,unchanged,wikipedia:Historical_components_of_the_Nasdaq-100+List_of_NASDAQ-100_companies,
2023-Q1,KLAC,1,unchanged,wikipedia:Historical_components_of_the_Nasdaq-100+List_of_NASDAQ-100_companies,
2023-Q1,LCID,1,unchanged,wikipedia:Historical_components_of_the_Nasdaq-100+List_of_NASDAQ-100_companies,
2023-Q1,LRCX,1,unchanged,wikipedia:Historical_components_of_the_Nasdaq-100+List_of_NASDAQ-100_companies,
2023-Q1,LULU,1,unchanged,wikipedia:Historical_components_of_the_Nasdaq-100+List_of_NASDAQ-100_companies,
2023-Q1,MAR,1,unchanged,wikipedia:Historical_components_of_the_Nasdaq-100+List_of_NASDAQ-100_companies,
2023-Q1,MCHP,1,unchanged,wikipedia:Historical_components_of_the_Nasdaq-100+List_of_NASDAQ-100_companies,
2023-Q1,MDLZ,1,unchanged,wikipedia:Historical_components_of_the_Nasdaq-100+List_of_NASDAQ-100_companies,
2023-Q1,MELI,1,unchanged,wikipedia:Historical_components_of_the_Nasdaq-100+List_of_NASDAQ-100_companies,
2023-Q1,META,1,unchanged,wikipedia:Historical_components_of_the_Nasdaq-100+List_of_NASDAQ-100_companies,
2023-Q1,MNST,1,unchanged,wikipedia:Historical_components_of_the_Nasdaq-100+List_of_NASDAQ-100_companies,
2023-Q1,MRNA,1,unchanged,wikipedia:Historical_components_of_the_Nasdaq-100+List_of_NASDAQ-100_companies,
2023-Q1,MRVL,1,unchanged,wikipedia:Historical_components_of_the_Nasdaq-100+List_of_NASDAQ-100_companies,
2023-Q1,MSFT,1,unchanged,wikipedia:Historical_components_of_the_Nasdaq-100+List_of_NASDAQ-100_companies,
2023-Q1,MU,1,unchanged,wikipedia:Historical_components_of_the_Nasdaq-100+List_of_NASDAQ-100_companies,
2023-Q1,NFLX,1,unchanged,wikipedia:Historical_components_of_the_Nasdaq-100+List_of_NASDAQ-100_companies,
2023-Q1,NVDA,1,unchanged,wikipedia:Historical_components_of_the_Nasdaq-100+List_of_NASDAQ-100_companies,
2023-Q1,NXPI,1,unchanged,wikipedia:Historical_components_of_the_Nasdaq-100+List_of_NASDAQ-100_companies,
2023-Q1,ODFL,1,unchanged,wikipedia:Historical_components_of_the_Nasdaq-100+List_of_NASDAQ-100_companies,
2023-Q1,ORLY,1,unchanged,wikipedia:Historical_components_of_the_Nasdaq-100+List_of_NASDAQ-100_companies,
2023-Q1,PANW,1,unchanged,wikipedia:Historical_components_of_the_Nasdaq-100+List_of_NASDAQ-100_companies,
2023-Q1,PAYX,1,unchanged,wikipedia:Historical_components_of_the_Nasdaq-100+List_of_NASDAQ-100_companies,
2023-Q1,PCAR,1,unchanged,wikipedia:Historical_components_of_the_Nasdaq-100+List_of_NASDAQ-100_companies,
2023-Q1,PDD,1,unchanged,wikipedia:Historical_components_of_the_Nasdaq-100+List_of_NASDAQ-100_companies,
2023-Q1,PEP,1,unchanged,wikipedia:Historical_components_of_the_Nasdaq-100+List_of_NASDAQ-100_companies,
2023-Q1,PYPL,1,unchanged,wikipedia:Historical_components_of_the_Nasdaq-100+List_of_NASDAQ-100_companies,
2023-Q1,QCOM,1,unchanged,wikipedia:Historical_components_of_the_Nasdaq-100+List_of_NASDAQ-100_companies,
2023-Q1,REGN,1,unchanged,wikipedia:Historical_components_of_the_Nasdaq-100+List_of_NASDAQ-100_companies,
2023-Q1,RIVN,1,unchanged,wikipedia:Historical_components_of_the_Nasdaq-100+List_of_NASDAQ-100_companies,
2023-Q1,ROST,1,unchanged,wikipedia:Historical_components_of_the_Nasdaq-100+List_of_NASDAQ-100_companies,
2023-Q1,SBUX,1,unchanged,wikipedia:Historical_components_of_the_Nasdaq-100+List_of_NASDAQ-100_companies,
2023-Q1,SGEN,1,unchanged,wikipedia:Historical_components_of_the_Nasdaq-100+List_of_NASDAQ-100_companies,
2023-Q1,SIRI,1,unchanged,wikipedia:Historical_components_of_the_Nasdaq-100+List_of_NASDAQ-100_companies,
2023-Q1,SNPS,1,unchanged,wikipedia:Historical_components_of_the_Nasdaq-100+List_of_NASDAQ-100_companies,
2023-Q1,TEAM,1,unchanged,wikipedia:Historical_components_of_the_Nasdaq-100+List_of_NASDAQ-100_companies,
2023-Q1,TMUS,1,unchanged,wikipedia:Historical_components_of_the_Nasdaq-100+List_of_NASDAQ-100_companies,
2023-Q1,TSLA,1,unchanged,wikipedia:Historical_components_of_the_Nasdaq-100+List_of_NASDAQ-100_companies,
2023-Q1,TXN,1,unchanged,wikipedia:Historical_components_of_the_Nasdaq-100+List_of_NASDAQ-100_companies,
2023-Q1,VRSK,1,unchanged,wikipedia:Historical_components_of_the_Nasdaq-100+List_of_NASDAQ-100_companies,
2023-Q1,VRTX,1,unchanged,wikipedia:Historical_components_of_the_Nasdaq-100+List_of_NASDAQ-100_companies,
2023-Q1,WBA,1,unchanged,wikipedia:Historical_components_of_the_Nasdaq-100+List_of_NASDAQ-100_companies,
2023-Q1,WBD,1,unchanged,wikipedia:Historical_components_of_the_Nasdaq-100+List_of_NASDAQ-100_companies,
2023-Q1,WDAY,1,unchanged,wikipedia:Historical_components_of_the_Nasdaq-100+List_of_NASDAQ-100_companies,
2023-Q1,XEL,1,unchanged,wikipedia:Historical_components_of_the_Nasdaq-100+List_of_NASDAQ-100_companies,
2023-Q1,ZM,1,unchanged,wikipedia:Historical_components_of_the_Nasdaq-100+List_of_NASDAQ-100_companies,
2023-Q1,ZS,1,unchanged,wikipedia:Historical_components_of_the_Nasdaq-100+List_of_NASDAQ-100_companies,
2023-Q2,AAPL,1,unchanged,wikipedia:Historical_components_of_the_Nasdaq-100+List_of_NASDAQ-100_companies,
2023-Q2,ABNB,1,unchanged,wikipedia:Historical_components_of_the_Nasdaq-100+List_of_NASDAQ-100_companies,
2023-Q2,ADBE,1,unchanged,wikipedia:Historical_components_of_the_Nasdaq-100+List_of_NASDAQ-100_companies,
2023-Q2,ADI,1,unchanged,wikipedia:Historical_components_of_the_Nasdaq-100+List_of_NASDAQ-100_companies,
2023-Q2,ADP,1,unchanged,wikipedia:Historical_components_of_the_Nasdaq-100+List_of_NASDAQ-100_companies,
2023-Q2,ADSK,1,unchanged,wikipedia:Historical_components_of_the_Nasdaq-100+List_of_NASDAQ-100_companies,
2023-Q2,AEP,1,unchanged,wikipedia:Historical_components_of_the_Nasdaq-100+List_of_NASDAQ-100_companies,
2023-Q2,ALGN,1,unchanged,wikipedia:Historical_components_of_the_Nasdaq-100+List_of_NASDAQ-100_companies,
2023-Q2,AMAT,1,unchanged,wikipedia:Historical_components_of_the_Nasdaq-100+List_of_NASDAQ-100_companies,
2023-Q2,AMD,1,unchanged,wikipedia:Historical_components_of_the_Nasdaq-100+List_of_NASDAQ-100_companies,
2023-Q2,AMGN,1,unchanged,wikipedia:Historical_components_of_the_Nasdaq-100+List_of_NASDAQ-100_companies,
2023-Q2,AMZN,1,unchanged,wikipedia:Historical_components_of_the_Nasdaq-100+List_of_NASDAQ-100_companies,
2023-Q2,ANSS,1,unchanged,wikipedia:Historical_components_of_the_Nasdaq-100+List_of_NASDAQ-100_companies,
2023-Q2,ASML,1,unchanged,wikipedia:Historical_components_of_the_Nasdaq-100+List_of_NASDAQ-100_companies,
2023-Q2,ATVI,1,unchanged,wikipedia:Historical_components_of_the_Nasdaq-100+List_of_NASDAQ-100_companies,
2023-Q2,AVGO,1,unchanged,wikipedia:Historical_components_of_the_Nasdaq-100+List_of_NASDAQ-100_companies,
2023-Q2,AZN,1,unchanged,wikipedia:Historical_components_of_the_Nasdaq-100+List_of_NASDAQ-100_companies,
2023-Q2,BIIB,1,unchanged,wikipedia:Historical_components_of_the_Nasdaq-100+List_of_NASDAQ-100_companies,
2023-Q2,BKNG,1,unchanged,wikipedia:Historical_components_of_the_Nasdaq-100+List_of_NASDAQ-100_companies,
2023-Q2,BKR,1,unchanged,wikipedia:Historical_components_of_the_Nasdaq-100+List_of_NASDAQ-100_companies,
2023-Q2,CDNS,1,unchanged,wikipedia:Historical_components_of_the_Nasdaq-100+List_of_NASDAQ-100_companies,
2023-Q2,CEG,1,unchanged,wikipedia:Historical_components_of_the_Nasdaq-100+List_of_NASDAQ-100_companies,
2023-Q2,CHTR,1,unchanged,wikipedia:Historical_components_of_the_Nasdaq-100+List_of_NASDAQ-100_companies,
2023-Q2,CMCSA,1,unchanged,wikipedia:Historical_components_of_the_Nasdaq-100+List_of_NASDAQ-100_companies,
2023-Q2,COST,1,unchanged,wikipedia:Historical_components_of_the_Nasdaq-100+List_of_NASDAQ-100_companies,
2023-Q2,CPRT,1,unchanged,wikipedia:Historical_components_of_the_Nasdaq-100+List_of_NASDAQ-100_companies,
2023-Q2,CRWD,1,unchanged,wikipedia:Historical_components_of_the_Nasdaq-100+List_of_NASDAQ-100_companies,
2023-Q2,CSCO,1,unchanged,wikipedia:Historical_components_of_the_Nasdaq-100+List_of_NASDAQ-100_companies,
2023-Q2,CSGP,1,unchanged,wikipedia:Historical_components_of_the_Nasdaq-100+List_of_NASDAQ-100_companies,
2023-Q2,CSX,1,unchanged,wikipedia:Historical_components_of_the_Nasdaq-100+List_of_NASDAQ-100_companies,
2023-Q2,CTAS,1,unchanged,wikipedia:Historical_components_of_the_Nasdaq-100+List_of_NASDAQ-100_companies,
2023-Q2,CTSH,1,unchanged,wikipedia:Historical_components_of_the_Nasdaq-100+List_of_NASDAQ-100_companies,
2023-Q2,DDOG,1,unchanged,wikipedia:Historical_components_of_the_Nasdaq-100+List_of_NASDAQ-100_companies,
2023-Q2,DLTR,1,unchanged,wikipedia:Historical_components_of_the_Nasdaq-100+List_of_NASDAQ-100_companies,
2023-Q2,DXCM,1,unchanged,wikipedia:Historical_components_of_the_Nasdaq-100+List_of_NASDAQ-100_companies,
2023-Q2,EA,1,unchanged,wikipedia:Historical_components_of_the_Nasdaq-100+List_of_NASDAQ-100_companies,
2023-Q2,EBAY,1,unchanged,wikipedia:Historical_components_of_the_Nasdaq-100+List_of_NASDAQ-100_companies,
2023-Q2,ENPH,1,unchanged,wikipedia:Historical_components_of_the_Nasdaq-100+List_of_NASDAQ-100_companies,
2023-Q2,EXC,1,unchanged,wikipedia:Historical_components_of_the_Nasdaq-100+List_of_NASDAQ-100_companies,
2023-Q2,FANG,1,unchanged,wikipedia:Historical_components_of_the_Nasdaq-100+List_of_NASDAQ-100_companies,
2023-Q2,FAST,1,unchanged,wikipedia:Historical_components_of_the_Nasdaq-100+List_of_NASDAQ-100_companies,
2023-Q2,FTNT,1,unchanged,wikipedia:Historical_components_of_the_Nasdaq-100+List_of_NASDAQ-100_companies,
2023-Q2,GEHC,1,added,wikipedia:Historical_components_of_the_Nasdaq-100+List_of_NASDAQ-100_companies,
2023-Q2,GFS,1,unchanged,wikipedia:Historical_components_of_the_Nasdaq-100+List_of_NASDAQ-100_companies,
2023-Q2,GILD,1,unchanged,wikipedia:Historical_components_of_the_Nasdaq-100+List_of_NASDAQ-100_companies,
2023-Q2,GOOG,1,unchanged,wikipedia:Historical_components_of_the_Nasdaq-100+List_of_NASDAQ-100_companies,
2023-Q2,GOOGL,1,unchanged,wikipedia:Historical_components_of_the_Nasdaq-100+List_of_NASDAQ-100_companies,
2023-Q2,HON,1,unchanged,wikipedia:Historical_components_of_the_Nasdaq-100+List_of_NASDAQ-100_companies,
2023-Q2,IDXX,1,unchanged,wikipedia:Historical_components_of_the_Nasdaq-100+List_of_NASDAQ-100_companies,
2023-Q2,ILMN,1,unchanged,wikipedia:Historical_components_of_the_Nasdaq-100+List_of_NASDAQ-100_companies,
2023-Q2,INTC,1,unchanged,wikipedia:Historical_components_of_the_Nasdaq-100+List_of_NASDAQ-100_companies,
2023-Q2,INTU,1,unchanged,wikipedia:Historical_components_of_the_Nasdaq-100+List_of_NASDAQ-100_companies,
2023-Q2,ISRG,1,unchanged,wikipedia:Historical_components_of_the_Nasdaq-100+List_of_NASDAQ-100_companies,
2023-Q2,JD,1,unchanged,wikipedia:Historical_components_of_the_Nasdaq-100+List_of_NASDAQ-100_companies,
2023-Q2,KDP,1,unchanged,wikipedia:Historical_components_of_the_Nasdaq-100+List_of_NASDAQ-100_companies,
2023-Q2,KHC,1,unchanged,wikipedia:Historical_components_of_the_Nasdaq-100+List_of_NASDAQ-100_companies,
2023-Q2,KLAC,1,unchanged,wikipedia:Historical_components_of_the_Nasdaq-100+List_of_NASDAQ-100_companies,
2023-Q2,LCID,1,unchanged,wikipedia:Historical_components_of_the_Nasdaq-100+List_of_NASDAQ-100_companies,
2023-Q2,LRCX,1,unchanged,wikipedia:Historical_components_of_the_Nasdaq-100+List_of_NASDAQ-100_companies,
2023-Q2,LULU,1,unchanged,wikipedia:Historical_components_of_the_Nasdaq-100+List_of_NASDAQ-100_companies,
2023-Q2,MAR,1,unchanged,wikipedia:Historical_components_of_the_Nasdaq-100+List_of_NASDAQ-100_companies,
2023-Q2,MCHP,1,unchanged,wikipedia:Historical_components_of_the_Nasdaq-100+List_of_NASDAQ-100_companies,
2023-Q2,MDLZ,1,unchanged,wikipedia:Historical_components_of_the_Nasdaq-100+List_of_NASDAQ-100_companies,
2023-Q2,MELI,1,unchanged,wikipedia:Historical_components_of_the_Nasdaq-100+List_of_NASDAQ-100_companies,
2023-Q2,META,1,unchanged,wikipedia:Historical_components_of_the_Nasdaq-100+List_of_NASDAQ-100_companies,
2023-Q2,MNST,1,unchanged,wikipedia:Historical_components_of_the_Nasdaq-100+List_of_NASDAQ-100_companies,
2023-Q2,MRNA,1,unchanged,wikipedia:Historical_components_of_the_Nasdaq-100+List_of_NASDAQ-100_companies,
2023-Q2,MRVL,1,unchanged,wikipedia:Historical_components_of_the_Nasdaq-100+List_of_NASDAQ-100_companies,
2023-Q2,MSFT,1,unchanged,wikipedia:Historical_components_of_the_Nasdaq-100+List_of_NASDAQ-100_companies,
2023-Q2,MU,1,unchanged,wikipedia:Historical_components_of_the_Nasdaq-100+List_of_NASDAQ-100_companies,
2023-Q2,NFLX,1,unchanged,wikipedia:Historical_components_of_the_Nasdaq-100+List_of_NASDAQ-100_companies,
2023-Q2,NVDA,1,unchanged,wikipedia:Historical_components_of_the_Nasdaq-100+List_of_NASDAQ-100_companies,
2023-Q2,NXPI,1,unchanged,wikipedia:Historical_components_of_the_Nasdaq-100+List_of_NASDAQ-100_companies,
2023-Q2,ODFL,1,unchanged,wikipedia:Historical_components_of_the_Nasdaq-100+List_of_NASDAQ-100_companies,
2023-Q2,ON,1,added,wikipedia:Historical_components_of_the_Nasdaq-100+List_of_NASDAQ-100_companies,
2023-Q2,ORLY,1,unchanged,wikipedia:Historical_components_of_the_Nasdaq-100+List_of_NASDAQ-100_companies,
2023-Q2,PANW,1,unchanged,wikipedia:Historical_components_of_the_Nasdaq-100+List_of_NASDAQ-100_companies,
2023-Q2,PAYX,1,unchanged,wikipedia:Historical_components_of_the_Nasdaq-100+List_of_NASDAQ-100_companies,
2023-Q2,PCAR,1,unchanged,wikipedia:Historical_components_of_the_Nasdaq-100+List_of_NASDAQ-100_companies,
2023-Q2,PDD,1,unchanged,wikipedia:Historical_components_of_the_Nasdaq-100+List_of_NASDAQ-100_companies,
2023-Q2,PEP,1,unchanged,wikipedia:Historical_components_of_the_Nasdaq-100+List_of_NASDAQ-100_companies,
2023-Q2,PYPL,1,unchanged,wikipedia:Historical_components_of_the_Nasdaq-100+List_of_NASDAQ-100_companies,
2023-Q2,QCOM,1,unchanged,wikipedia:Historical_components_of_the_Nasdaq-100+List_of_NASDAQ-100_companies,
2023-Q2,REGN,1,unchanged,wikipedia:Historical_components_of_the_Nasdaq-100+List_of_NASDAQ-100_companies,
2023-Q2,ROST,1,unchanged,wikipedia:Historical_components_of_the_Nasdaq-100+List_of_NASDAQ-100_companies,
2023-Q2,SBUX,1,unchanged,wikipedia:Historical_components_of_the_Nasdaq-100+List_of_NASDAQ-100_companies,
2023-Q2,SGEN,1,unchanged,wikipedia:Historical_components_of_the_Nasdaq-100+List_of_NASDAQ-100_companies,
2023-Q2,SIRI,1,unchanged,wikipedia:Historical_components_of_the_Nasdaq-100+List_of_NASDAQ-100_companies,
2023-Q2,SNPS,1,unchanged,wikipedia:Historical_components_of_the_Nasdaq-100+List_of_NASDAQ-100_companies,
2023-Q2,TEAM,1,unchanged,wikipedia:Historical_components_of_the_Nasdaq-100+List_of_NASDAQ-100_companies,
2023-Q2,TMUS,1,unchanged,wikipedia:Historical_components_of_the_Nasdaq-100+List_of_NASDAQ-100_companies,
2023-Q2,TSLA,1,unchanged,wikipedia:Historical_components_of_the_Nasdaq-100+List_of_NASDAQ-100_companies,
2023-Q2,TXN,1,unchanged,wikipedia:Historical_components_of_the_Nasdaq-100+List_of_NASDAQ-100_companies,
2023-Q2,VRSK,1,unchanged,wikipedia:Historical_components_of_the_Nasdaq-100+List_of_NASDAQ-100_companies,
2023-Q2,VRTX,1,unchanged,wikipedia:Historical_components_of_the_Nasdaq-100+List_of_NASDAQ-100_companies,
2023-Q2,WBA,1,unchanged,wikipedia:Historical_components_of_the_Nasdaq-100+List_of_NASDAQ-100_companies,
2023-Q2,WBD,1,unchanged,wikipedia:Historical_components_of_the_Nasdaq-100+List_of_NASDAQ-100_companies,
2023-Q2,WDAY,1,unchanged,wikipedia:Historical_components_of_the_Nasdaq-100+List_of_NASDAQ-100_companies,
2023-Q2,XEL,1,unchanged,wikipedia:Historical_components_of_the_Nasdaq-100+List_of_NASDAQ-100_companies,
2023-Q2,ZM,1,unchanged,wikipedia:Historical_components_of_the_Nasdaq-100+List_of_NASDAQ-100_companies,
2023-Q2,ZS,1,unchanged,wikipedia:Historical_components_of_the_Nasdaq-100+List_of_NASDAQ-100_companies,
2023-Q2,FI,0,removed,wikipedia:Historical_components_of_the_Nasdaq-100+List_of_NASDAQ-100_companies,
2023-Q2,RIVN,0,removed,wikipedia:Historical_components_of_the_Nasdaq-100+List_of_NASDAQ-100_companies,
2023-Q3,AAPL,1,unchanged,wikipedia:Historical_components_of_the_Nasdaq-100+List_of_NASDAQ-100_companies,
2023-Q3,ABNB,1,unchanged,wikipedia:Historical_components_of_the_Nasdaq-100+List_of_NASDAQ-100_companies,
2023-Q3,ADBE,1,unchanged,wikipedia:Historical_components_of_the_Nasdaq-100+List_of_NASDAQ-100_companies,
2023-Q3,ADI,1,unchanged,wikipedia:Historical_components_of_the_Nasdaq-100+List_of_NASDAQ-100_companies,
2023-Q3,ADP,1,unchanged,wikipedia:Historical_components_of_the_Nasdaq-100+List_of_NASDAQ-100_companies,
2023-Q3,ADSK,1,unchanged,wikipedia:Historical_components_of_the_Nasdaq-100+List_of_NASDAQ-100_companies,
2023-Q3,AEP,1,unchanged,wikipedia:Historical_components_of_the_Nasdaq-100+List_of_NASDAQ-100_companies,
2023-Q3,ALGN,1,unchanged,wikipedia:Historical_components_of_the_Nasdaq-100+List_of_NASDAQ-100_companies,
2023-Q3,AMAT,1,unchanged,wikipedia:Historical_components_of_the_Nasdaq-100+List_of_NASDAQ-100_companies,
2023-Q3,AMD,1,unchanged,wikipedia:Historical_components_of_the_Nasdaq-100+List_of_NASDAQ-100_companies,
2023-Q3,AMGN,1,unchanged,wikipedia:Historical_components_of_the_Nasdaq-100+List_of_NASDAQ-100_companies,
2023-Q3,AMZN,1,unchanged,wikipedia:Historical_components_of_the_Nasdaq-100+List_of_NASDAQ-100_companies,
2023-Q3,ANSS,1,unchanged,wikipedia:Historical_components_of_the_Nasdaq-100+List_of_NASDAQ-100_companies,
2023-Q3,ASML,1,unchanged,wikipedia:Historical_components_of_the_Nasdaq-100+List_of_NASDAQ-100_companies,
2023-Q3,AVGO,1,unchanged,wikipedia:Historical_components_of_the_Nasdaq-100+List_of_NASDAQ-100_companies,
2023-Q3,AZN,1,unchanged,wikipedia:Historical_components_of_the_Nasdaq-100+List_of_NASDAQ-100_companies,
2023-Q3,BIIB,1,unchanged,wikipedia:Historical_components_of_the_Nasdaq-100+List_of_NASDAQ-100_companies,
2023-Q3,BKNG,1,unchanged,wikipedia:Historical_components_of_the_Nasdaq-100+List_of_NASDAQ-100_companies,
2023-Q3,BKR,1,unchanged,wikipedia:Historical_components_of_the_Nasdaq-100+List_of_NASDAQ-100_companies,
2023-Q3,CDNS,1,unchanged,wikipedia:Historical_components_of_the_Nasdaq-100+List_of_NASDAQ-100_companies,
2023-Q3,CEG,1,unchanged,wikipedia:Historical_components_of_the_Nasdaq-100+List_of_NASDAQ-100_companies,
2023-Q3,CHTR,1,unchanged,wikipedia:Historical_components_of_the_Nasdaq-100+List_of_NASDAQ-100_companies,
2023-Q3,CMCSA,1,unchanged,wikipedia:Historical_components_of_the_Nasdaq-100+List_of_NASDAQ-100_companies,
2023-Q3,COST,1,unchanged,wikipedia:Historical_components_of_the_Nasdaq-100+List_of_NASDAQ-100_companies,
2023-Q3,CPRT,1,unchanged,wikipedia:Historical_components_of_the_Nasdaq-100+List_of_NASDAQ-100_companies,
2023-Q3,CRWD,1,unchanged,wikipedia:Historical_components_of_the_Nasdaq-100+List_of_NASDAQ-100_companies,
2023-Q3,CSCO,1,unchanged,wikipedia:Historical_components_of_the_Nasdaq-100+List_of_NASDAQ-100_companies,
2023-Q3,CSGP,1,unchanged,wikipedia:Historical_components_of_the_Nasdaq-100+List_of_NASDAQ-100_companies,
2023-Q3,CSX,1,unchanged,wikipedia:Historical_components_of_the_Nasdaq-100+List_of_NASDAQ-100_companies,
2023-Q3,CTAS,1,unchanged,wikipedia:Historical_components_of_the_Nasdaq-100+List_of_NASDAQ-100_companies,
2023-Q3,CTSH,1,unchanged,wikipedia:Historical_components_of_the_Nasdaq-100+List_of_NASDAQ-100_companies,
2023-Q3,DDOG,1,unchanged,wikipedia:Historical_components_of_the_Nasdaq-100+List_of_NASDAQ-100_companies,
2023-Q3,DLTR,1,unchanged,wikipedia:Historical_components_of_the_Nasdaq-100+List_of_NASDAQ-100_companies,
2023-Q3,DXCM,1,unchanged,wikipedia:Historical_components_of_the_Nasdaq-100+List_of_NASDAQ-100_companies,
2023-Q3,EA,1,unchanged,wikipedia:Historical_components_of_the_Nasdaq-100+List_of_NASDAQ-100_companies,
2023-Q3,EBAY,1,unchanged,wikipedia:Historical_components_of_the_Nasdaq-100+List_of_NASDAQ-100_companies,
2023-Q3,ENPH,1,unchanged,wikipedia:Historical_components_of_the_Nasdaq-100+List_of_NASDAQ-100_companies,
2023-Q3,EXC,1,unchanged,wikipedia:Historical_components_of_the_Nasdaq-100+List_of_NASDAQ-100_companies,
2023-Q3,FANG,1,unchanged,wikipedia:Historical_components_of_the_Nasdaq-100+List_of_NASDAQ-100_companies,
2023-Q3,FAST,1,unchanged,wikipedia:Historical_components_of_the_Nasdaq-100+List_of_NASDAQ-100_companies,
2023-Q3,FTNT,1,unchanged,wikipedia:Historical_components_of_the_Nasdaq-100+List_of_NASDAQ-100_companies,
2023-Q3,GEHC,1,unchanged,wikipedia:Historical_components_of_the_Nasdaq-100+List_of_NASDAQ-100_companies,
2023-Q3,GFS,1,unchanged,wikipedia:Historical_components_of_the_Nasdaq-100+List_of_NASDAQ-100_companies,
2023-Q3,GILD,1,unchanged,wikipedia:Historical_components_of_the_Nasdaq-100+List_of_NASDAQ-100_companies,
2023-Q3,GOOG,1,unchanged,wikipedia:Historical_components_of_the_Nasdaq-100+List_of_NASDAQ-100_companies,
2023-Q3,GOOGL,1,unchanged,wikipedia:Historical_components_of_the_Nasdaq-100+List_of_NASDAQ-100_companies,
2023-Q3,HON,1,unchanged,wikipedia:Historical_components_of_the_Nasdaq-100+List_of_NASDAQ-100_companies,
2023-Q3,IDXX,1,unchanged,wikipedia:Historical_components_of_the_Nasdaq-100+List_of_NASDAQ-100_companies,
2023-Q3,ILMN,1,unchanged,wikipedia:Historical_components_of_the_Nasdaq-100+List_of_NASDAQ-100_companies,
2023-Q3,INTC,1,unchanged,wikipedia:Historical_components_of_the_Nasdaq-100+List_of_NASDAQ-100_companies,
2023-Q3,INTU,1,unchanged,wikipedia:Historical_components_of_the_Nasdaq-100+List_of_NASDAQ-100_companies,
2023-Q3,ISRG,1,unchanged,wikipedia:Historical_components_of_the_Nasdaq-100+List_of_NASDAQ-100_companies,
2023-Q3,JD,1,unchanged,wikipedia:Historical_components_of_the_Nasdaq-100+List_of_NASDAQ-100_companies,
2023-Q3,KDP,1,unchanged,wikipedia:Historical_components_of_the_Nasdaq-100+List_of_NASDAQ-100_companies,
2023-Q3,KHC,1,unchanged,wikipedia:Historical_components_of_the_Nasdaq-100+List_of_NASDAQ-100_companies,
2023-Q3,KLAC,1,unchanged,wikipedia:Historical_components_of_the_Nasdaq-100+List_of_NASDAQ-100_companies,
2023-Q3,LCID,1,unchanged,wikipedia:Historical_components_of_the_Nasdaq-100+List_of_NASDAQ-100_companies,
2023-Q3,LRCX,1,unchanged,wikipedia:Historical_components_of_the_Nasdaq-100+List_of_NASDAQ-100_companies,
2023-Q3,LULU,1,unchanged,wikipedia:Historical_components_of_the_Nasdaq-100+List_of_NASDAQ-100_companies,
2023-Q3,MAR,1,unchanged,wikipedia:Historical_components_of_the_Nasdaq-100+List_of_NASDAQ-100_companies,
2023-Q3,MCHP,1,unchanged,wikipedia:Historical_components_of_the_Nasdaq-100+List_of_NASDAQ-100_companies,
2023-Q3,MDLZ,1,unchanged,wikipedia:Historical_components_of_the_Nasdaq-100+List_of_NASDAQ-100_companies,
2023-Q3,MELI,1,unchanged,wikipedia:Historical_components_of_the_Nasdaq-100+List_of_NASDAQ-100_companies,
2023-Q3,META,1,unchanged,wikipedia:Historical_components_of_the_Nasdaq-100+List_of_NASDAQ-100_companies,
2023-Q3,MNST,1,unchanged,wikipedia:Historical_components_of_the_Nasdaq-100+List_of_NASDAQ-100_companies,
2023-Q3,MRNA,1,unchanged,wikipedia:Historical_components_of_the_Nasdaq-100+List_of_NASDAQ-100_companies,
2023-Q3,MRVL,1,unchanged,wikipedia:Historical_components_of_the_Nasdaq-100+List_of_NASDAQ-100_companies,
2023-Q3,MSFT,1,unchanged,wikipedia:Historical_components_of_the_Nasdaq-100+List_of_NASDAQ-100_companies,
2023-Q3,MU,1,unchanged,wikipedia:Historical_components_of_the_Nasdaq-100+List_of_NASDAQ-100_companies,
2023-Q3,NFLX,1,unchanged,wikipedia:Historical_components_of_the_Nasdaq-100+List_of_NASDAQ-100_companies,
2023-Q3,NVDA,1,unchanged,wikipedia:Historical_components_of_the_Nasdaq-100+List_of_NASDAQ-100_companies,
2023-Q3,NXPI,1,unchanged,wikipedia:Historical_components_of_the_Nasdaq-100+List_of_NASDAQ-100_companies,
2023-Q3,ODFL,1,unchanged,wikipedia:Historical_components_of_the_Nasdaq-100+List_of_NASDAQ-100_companies,
2023-Q3,ON,1,unchanged,wikipedia:Historical_components_of_the_Nasdaq-100+List_of_NASDAQ-100_companies,
2023-Q3,ORLY,1,unchanged,wikipedia:Historical_components_of_the_Nasdaq-100+List_of_NASDAQ-100_companies,
2023-Q3,PANW,1,unchanged,wikipedia:Historical_components_of_the_Nasdaq-100+List_of_NASDAQ-100_companies,
2023-Q3,PAYX,1,unchanged,wikipedia:Historical_components_of_the_Nasdaq-100+List_of_NASDAQ-100_companies,
2023-Q3,PCAR,1,unchanged,wikipedia:Historical_components_of_the_Nasdaq-100+List_of_NASDAQ-100_companies,
2023-Q3,PDD,1,unchanged,wikipedia:Historical_components_of_the_Nasdaq-100+List_of_NASDAQ-100_companies,
2023-Q3,PEP,1,unchanged,wikipedia:Historical_components_of_the_Nasdaq-100+List_of_NASDAQ-100_companies,
2023-Q3,PYPL,1,unchanged,wikipedia:Historical_components_of_the_Nasdaq-100+List_of_NASDAQ-100_companies,
2023-Q3,QCOM,1,unchanged,wikipedia:Historical_components_of_the_Nasdaq-100+List_of_NASDAQ-100_companies,
2023-Q3,REGN,1,unchanged,wikipedia:Historical_components_of_the_Nasdaq-100+List_of_NASDAQ-100_companies,
2023-Q3,ROST,1,unchanged,wikipedia:Historical_components_of_the_Nasdaq-100+List_of_NASDAQ-100_companies,
2023-Q3,SBUX,1,unchanged,wikipedia:Historical_components_of_the_Nasdaq-100+List_of_NASDAQ-100_companies,
2023-Q3,SGEN,1,unchanged,wikipedia:Historical_components_of_the_Nasdaq-100+List_of_NASDAQ-100_companies,
2023-Q3,SIRI,1,unchanged,wikipedia:Historical_components_of_the_Nasdaq-100+List_of_NASDAQ-100_companies,
2023-Q3,SNPS,1,unchanged,wikipedia:Historical_components_of_the_Nasdaq-100+List_of_NASDAQ-100_companies,
2023-Q3,TEAM,1,unchanged,wikipedia:Historical_components_of_the_Nasdaq-100+List_of_NASDAQ-100_companies,
2023-Q3,TMUS,1,unchanged,wikipedia:Historical_components_of_the_Nasdaq-100+List_of_NASDAQ-100_companies,
2023-Q3,TSLA,1,unchanged,wikipedia:Historical_components_of_the_Nasdaq-100+List_of_NASDAQ-100_companies,
2023-Q3,TTD,1,added,wikipedia:Historical_components_of_the_Nasdaq-100+List_of_NASDAQ-100_companies,
2023-Q3,TXN,1,unchanged,wikipedia:Historical_components_of_the_Nasdaq-100+List_of_NASDAQ-100_companies,
2023-Q3,VRSK,1,unchanged,wikipedia:Historical_components_of_the_Nasdaq-100+List_of_NASDAQ-100_companies,
2023-Q3,VRTX,1,unchanged,wikipedia:Historical_components_of_the_Nasdaq-100+List_of_NASDAQ-100_companies,
2023-Q3,WBA,1,unchanged,wikipedia:Historical_components_of_the_Nasdaq-100+List_of_NASDAQ-100_companies,
2023-Q3,WBD,1,unchanged,wikipedia:Historical_components_of_the_Nasdaq-100+List_of_NASDAQ-100_companies,
2023-Q3,WDAY,1,unchanged,wikipedia:Historical_components_of_the_Nasdaq-100+List_of_NASDAQ-100_companies,
2023-Q3,XEL,1,unchanged,wikipedia:Historical_components_of_the_Nasdaq-100+List_of_NASDAQ-100_companies,
2023-Q3,ZM,1,unchanged,wikipedia:Historical_components_of_the_Nasdaq-100+List_of_NASDAQ-100_companies,
2023-Q3,ZS,1,unchanged,wikipedia:Historical_components_of_the_Nasdaq-100+List_of_NASDAQ-100_companies,
2023-Q3,ATVI,0,removed,wikipedia:Historical_components_of_the_Nasdaq-100+List_of_NASDAQ-100_companies,
2023-Q4,AAPL,1,unchanged,wikipedia:Historical_components_of_the_Nasdaq-100+List_of_NASDAQ-100_companies,
2023-Q4,ABNB,1,unchanged,wikipedia:Historical_components_of_the_Nasdaq-100+List_of_NASDAQ-100_companies,
2023-Q4,ADBE,1,unchanged,wikipedia:Historical_components_of_the_Nasdaq-100+List_of_NASDAQ-100_companies,
2023-Q4,ADI,1,unchanged,wikipedia:Historical_components_of_the_Nasdaq-100+List_of_NASDAQ-100_companies,
2023-Q4,ADP,1,unchanged,wikipedia:Historical_components_of_the_Nasdaq-100+List_of_NASDAQ-100_companies,
2023-Q4,ADSK,1,unchanged,wikipedia:Historical_components_of_the_Nasdaq-100+List_of_NASDAQ-100_companies,
2023-Q4,AEP,1,unchanged,wikipedia:Historical_components_of_the_Nasdaq-100+List_of_NASDAQ-100_companies,
2023-Q4,AMAT,1,unchanged,wikipedia:Historical_components_of_the_Nasdaq-100+List_of_NASDAQ-100_companies,
2023-Q4,AMD,1,unchanged,wikipedia:Historical_components_of_the_Nasdaq-100+List_of_NASDAQ-100_companies,
2023-Q4,AMGN,1,unchanged,wikipedia:Historical_components_of_the_Nasdaq-100+List_of_NASDAQ-100_companies,
2023-Q4,AMZN,1,unchanged,wikipedia:Historical_components_of_the_Nasdaq-100+List_of_NASDAQ-100_companies,
2023-Q4,ANSS,1,unchanged,wikipedia:Historical_components_of_the_Nasdaq-100+List_of_NASDAQ-100_companies,
2023-Q4,ASML,1,unchanged,wikipedia:Historical_components_of_the_Nasdaq-100+List_of_NASDAQ-100_companies,
2023-Q4,AVGO,1,unchanged,wikipedia:Historical_components_of_the_Nasdaq-100+List_of_NASDAQ-100_companies,
2023-Q4,AZN,1,unchanged,wikipedia:Historical_components_of_the_Nasdaq-100+List_of_NASDAQ-100_companies,
2023-Q4,BIIB,1,unchanged,wikipedia:Historical_components_of_the_Nasdaq-100+List_of_NASDAQ-100_companies,
2023-Q4,BKNG,1,unchanged,wikipedia:Historical_components_of_the_Nasdaq-100+List_of_NASDAQ-100_companies,
2023-Q4,BKR,1,unchanged,wikipedia:Historical_components_of_the_Nasdaq-100+List_of_NASDAQ-100_companies,
2023-Q4,CCEP,1,added,wikipedia:Historical_components_of_the_Nasdaq-100+List_of_NASDAQ-100_companies,
2023-Q4,CDNS,1,unchanged,wikipedia:Historical_components_of_the_Nasdaq-100+List_of_NASDAQ-100_companies,
2023-Q4,CDW,1,added,wikipedia:Historical_components_of_the_Nasdaq-100+List_of_NASDAQ-100_companies,
2023-Q4,CEG,1,unchanged,wikipedia:Historical_components_of_the_Nasdaq-100+List_of_NASDAQ-100_companies,
2023-Q4,CHTR,1,unchanged,wikipedia:Historical_components_of_the_Nasdaq-100+List_of_NASDAQ-100_companies,
2023-Q4,CMCSA,1,unchanged,wikipedia:Historical_components_of_the_Nasdaq-100+List_of_NASDAQ-100_companies,
2023-Q4,COST,1,unchanged,wikipedia:Historical_components_of_the_Nasdaq-100+List_of_NASDAQ-100_companies,
2023-Q4,CPRT,1,unchanged,wikipedia:Historical_components_of_the_Nasdaq-100+List_of_NASDAQ-100_companies,
2023-Q4,CRWD,1,unchanged,wikipedia:Historical_components_of_the_Nasdaq-100+List_of_NASDAQ-100_companies,
2023-Q4,CSCO,1,unchanged,wikipedia:Historical_components_of_the_Nasdaq-100+List_of_NASDAQ-100_companies,
2023-Q4,CSGP,1,unchanged,wikipedia:Historical_components_of_the_Nasdaq-100+List_of_NASDAQ-100_companies,
2023-Q4,CSX,1,unchanged,wikipedia:Historical_components_of_the_Nasdaq-100+List_of_NASDAQ-100_companies,
2023-Q4,CTAS,1,unchanged,wikipedia:Historical_components_of_the_Nasdaq-100+List_of_NASDAQ-100_companies,
2023-Q4,CTSH,1,unchanged,wikipedia:Historical_components_of_the_Nasdaq-100+List_of_NASDAQ-100_companies,
2023-Q4,DASH,1,added,wikipedia:Historical_components_of_the_Nasdaq-100+List_of_NASDAQ-100_companies,
2023-Q4,DDOG,1,unchanged,wikipedia:Historical_components_of_the_Nasdaq-100+List_of_NASDAQ-100_companies,
2023-Q4,DLTR,1,unchanged,wikipedia:Historical_components_of_the_Nasdaq-100+List_of_NASDAQ-100_companies,
2023-Q4,DXCM,1,unchanged,wikipedia:Historical_components_of_the_Nasdaq-100+List_of_NASDAQ-100_companies,
2023-Q4,EA,1,unchanged,wikipedia:Historical_components_of_the_Nasdaq-100+List_of_NASDAQ-100_companies,
2023-Q4,EXC,1,unchanged,wikipedia:Historical_components_of_the_Nasdaq-100+List_of_NASDAQ-100_companies,
2023-Q4,FANG,1,unchanged,wikipedia:Historical_components_of_the_Nasdaq-100+List_of_NASDAQ-100_companies,
2023-Q4,FAST,1,unchanged,wikipedia:Historical_components_of_the_Nasdaq-100+List_of_NASDAQ-100_companies,
2023-Q4,FTNT,1,unchanged,wikipedia:Historical_components_of_the_Nasdaq-100+List_of_NASDAQ-100_companies,
2023-Q4,GEHC,1,unchanged,wikipedia:Historical_components_of_the_Nasdaq-100+List_of_NASDAQ-100_companies,
2023-Q4,GFS,1,unchanged,wikipedia:Historical_components_of_the_Nasdaq-100+List_of_NASDAQ-100_companies,
2023-Q4,GILD,1,unchanged,wikipedia:Historical_components_of_the_Nasdaq-100+List_of_NASDAQ-100_companies,
2023-Q4,GOOG,1,unchanged,wikipedia:Historical_components_of_the_Nasdaq-100+List_of_NASDAQ-100_companies,
2023-Q4,GOOGL,1,unchanged,wikipedia:Historical_components_of_the_Nasdaq-100+List_of_NASDAQ-100_companies,
2023-Q4,HON,1,unchanged,wikipedia:Historical_components_of_the_Nasdaq-100+List_of_NASDAQ-100_companies,
2023-Q4,IDXX,1,unchanged,wikipedia:Historical_components_of_the_Nasdaq-100+List_of_NASDAQ-100_companies,
2023-Q4,ILMN,1,unchanged,wikipedia:Historical_components_of_the_Nasdaq-100+List_of_NASDAQ-100_companies,
2023-Q4,INTC,1,unchanged,wikipedia:Historical_components_of_the_Nasdaq-100+List_of_NASDAQ-100_companies,
2023-Q4,INTU,1,unchanged,wikipedia:Historical_components_of_the_Nasdaq-100+List_of_NASDAQ-100_companies,
2023-Q4,ISRG,1,unchanged,wikipedia:Historical_components_of_the_Nasdaq-100+List_of_NASDAQ-100_companies,
2023-Q4,KDP,1,unchanged,wikipedia:Historical_components_of_the_Nasdaq-100+List_of_NASDAQ-100_companies,
2023-Q4,KHC,1,unchanged,wikipedia:Historical_components_of_the_Nasdaq-100+List_of_NASDAQ-100_companies,
2023-Q4,KLAC,1,unchanged,wikipedia:Historical_components_of_the_Nasdaq-100+List_of_NASDAQ-100_companies,
2023-Q4,LRCX,1,unchanged,wikipedia:Historical_components_of_the_Nasdaq-100+List_of_NASDAQ-100_companies,
2023-Q4,LULU,1,unchanged,wikipedia:Historical_components_of_the_Nasdaq-100+List_of_NASDAQ-100_companies,
2023-Q4,MAR,1,unchanged,wikipedia:Historical_components_of_the_Nasdaq-100+List_of_NASDAQ-100_companies,
2023-Q4,MCHP,1,unchanged,wikipedia:Historical_components_of_the_Nasdaq-100+List_of_NASDAQ-100_companies,
2023-Q4,MDB,1,added,wikipedia:Historical_components_of_the_Nasdaq-100+List_of_NASDAQ-100_companies,
2023-Q4,MDLZ,1,unchanged,wikipedia:Historical_components_of_the_Nasdaq-100+List_of_NASDAQ-100_companies,
2023-Q4,MELI,1,unchanged,wikipedia:Historical_components_of_the_Nasdaq-100+List_of_NASDAQ-100_companies,
2023-Q4,META,1,unchanged,wikipedia:Historical_components_of_the_Nasdaq-100+List_of_NASDAQ-100_companies,
2023-Q4,MNST,1,unchanged,wikipedia:Historical_components_of_the_Nasdaq-100+List_of_NASDAQ-100_companies,
2023-Q4,MRNA,1,unchanged,wikipedia:Historical_components_of_the_Nasdaq-100+List_of_NASDAQ-100_companies,
2023-Q4,MRVL,1,unchanged,wikipedia:Historical_components_of_the_Nasdaq-100+List_of_NASDAQ-100_companies,
2023-Q4,MSFT,1,unchanged,wikipedia:Historical_components_of_the_Nasdaq-100+List_of_NASDAQ-100_companies,
2023-Q4,MU,1,unchanged,wikipedia:Historical_components_of_the_Nasdaq-100+List_of_NASDAQ-100_companies,
2023-Q4,NFLX,1,unchanged,wikipedia:Historical_components_of_the_Nasdaq-100+List_of_NASDAQ-100_companies,
2023-Q4,NVDA,1,unchanged,wikipedia:Historical_components_of_the_Nasdaq-100+List_of_NASDAQ-100_companies,
2023-Q4,NXPI,1,unchanged,wikipedia:Historical_components_of_the_Nasdaq-100+List_of_NASDAQ-100_companies,
2023-Q4,ODFL,1,unchanged,wikipedia:Historical_components_of_the_Nasdaq-100+List_of_NASDAQ-100_companies,
2023-Q4,ON,1,unchanged,wikipedia:Historical_components_of_the_Nasdaq-100+List_of_NASDAQ-100_companies,
2023-Q4,ORLY,1,unchanged,wikipedia:Historical_components_of_the_Nasdaq-100+List_of_NASDAQ-100_companies,
2023-Q4,PANW,1,unchanged,wikipedia:Historical_components_of_the_Nasdaq-100+List_of_NASDAQ-100_companies,
2023-Q4,PAYX,1,unchanged,wikipedia:Historical_components_of_the_Nasdaq-100+List_of_NASDAQ-100_companies,
2023-Q4,PCAR,1,unchanged,wikipedia:Historical_components_of_the_Nasdaq-100+List_of_NASDAQ-100_companies,
2023-Q4,PDD,1,unchanged,wikipedia:Historical_components_of_the_Nasdaq-100+List_of_NASDAQ-100_companies,
2023-Q4,PEP,1,unchanged,wikipedia:Historical_components_of_the_Nasdaq-100+List_of_NASDAQ-100_companies,
2023-Q4,PYPL,1,unchanged,wikipedia:Historical_components_of_the_Nasdaq-100+List_of_NASDAQ-100_companies,
2023-Q4,QCOM,1,unchanged,wikipedia:Historical_components_of_the_Nasdaq-100+List_of_NASDAQ-100_companies,
2023-Q4,REGN,1,unchanged,wikipedia:Historical_components_of_the_Nasdaq-100+List_of_NASDAQ-100_companies,
2023-Q4,ROP,1,added,wikipedia:Historical_components_of_the_Nasdaq-100+List_of_NASDAQ-100_companies,
2023-Q4,ROST,1,unchanged,wikipedia:Historical_components_of_the_Nasdaq-100+List_of_NASDAQ-100_companies,
2023-Q4,SBUX,1,unchanged,wikipedia:Historical_components_of_the_Nasdaq-100+List_of_NASDAQ-100_companies,
2023-Q4,SIRI,1,unchanged,wikipedia:Historical_components_of_the_Nasdaq-100+List_of_NASDAQ-100_companies,
2023-Q4,SNPS,1,unchanged,wikipedia:Historical_components_of_the_Nasdaq-100+List_of_NASDAQ-100_companies,
2023-Q4,SPLK,1,added,wikipedia:Historical_components_of_the_Nasdaq-100+List_of_NASDAQ-100_companies,
2023-Q4,TEAM,1,unchanged,wikipedia:Historical_components_of_the_Nasdaq-100+List_of_NASDAQ-100_companies,
2023-Q4,TMUS,1,unchanged,wikipedia:Historical_components_of_the_Nasdaq-100+List_of_NASDAQ-100_companies,
2023-Q4,TSLA,1,unchanged,wikipedia:Historical_components_of_the_Nasdaq-100+List_of_NASDAQ-100_companies,
2023-Q4,TTD,1,unchanged,wikipedia:Historical_components_of_the_Nasdaq-100+List_of_NASDAQ-100_companies,
2023-Q4,TTWO,1,added,wikipedia:Historical_components_of_the_Nasdaq-100+List_of_NASDAQ-100_companies,
2023-Q4,TXN,1,unchanged,wikipedia:Historical_components_of_the_Nasdaq-100+List_of_NASDAQ-100_companies,
2023-Q4,VRSK,1,unchanged,wikipedia:Historical_components_of_the_Nasdaq-100+List_of_NASDAQ-100_companies,
2023-Q4,VRTX,1,unchanged,wikipedia:Historical_components_of_the_Nasdaq-100+List_of_NASDAQ-100_companies,
2023-Q4,WBA,1,unchanged,wikipedia:Historical_components_of_the_Nasdaq-100+List_of_NASDAQ-100_companies,
2023-Q4,WBD,1,unchanged,wikipedia:Historical_components_of_the_Nasdaq-100+List_of_NASDAQ-100_companies,
2023-Q4,WDAY,1,unchanged,wikipedia:Historical_components_of_the_Nasdaq-100+List_of_NASDAQ-100_companies,
2023-Q4,XEL,1,unchanged,wikipedia:Historical_components_of_the_Nasdaq-100+List_of_NASDAQ-100_companies,
2023-Q4,ZS,1,unchanged,wikipedia:Historical_components_of_the_Nasdaq-100+List_of_NASDAQ-100_companies,
2023-Q4,ALGN,0,removed,wikipedia:Historical_components_of_the_Nasdaq-100+List_of_NASDAQ-100_companies,
2023-Q4,EBAY,0,removed,wikipedia:Historical_components_of_the_Nasdaq-100+List_of_NASDAQ-100_companies,
2023-Q4,ENPH,0,removed,wikipedia:Historical_components_of_the_Nasdaq-100+List_of_NASDAQ-100_companies,
2023-Q4,JD,0,removed,wikipedia:Historical_components_of_the_Nasdaq-100+List_of_NASDAQ-100_companies,
2023-Q4,LCID,0,removed,wikipedia:Historical_components_of_the_Nasdaq-100+List_of_NASDAQ-100_companies,
2023-Q4,SGEN,0,removed,wikipedia:Historical_components_of_the_Nasdaq-100+List_of_NASDAQ-100_companies,
2023-Q4,ZM,0,removed,wikipedia:Historical_components_of_the_Nasdaq-100+List_of_NASDAQ-100_companies,
2024-Q1,AAPL,1,unchanged,wikipedia:Historical_components_of_the_Nasdaq-100+List_of_NASDAQ-100_companies,
2024-Q1,ABNB,1,unchanged,wikipedia:Historical_components_of_the_Nasdaq-100+List_of_NASDAQ-100_companies,
2024-Q1,ADBE,1,unchanged,wikipedia:Historical_components_of_the_Nasdaq-100+List_of_NASDAQ-100_companies,
2024-Q1,ADI,1,unchanged,wikipedia:Historical_components_of_the_Nasdaq-100+List_of_NASDAQ-100_companies,
2024-Q1,ADP,1,unchanged,wikipedia:Historical_components_of_the_Nasdaq-100+List_of_NASDAQ-100_companies,
2024-Q1,ADSK,1,unchanged,wikipedia:Historical_components_of_the_Nasdaq-100+List_of_NASDAQ-100_companies,
2024-Q1,AEP,1,unchanged,wikipedia:Historical_components_of_the_Nasdaq-100+List_of_NASDAQ-100_companies,
2024-Q1,AMAT,1,unchanged,wikipedia:Historical_components_of_the_Nasdaq-100+List_of_NASDAQ-100_companies,
2024-Q1,AMD,1,unchanged,wikipedia:Historical_components_of_the_Nasdaq-100+List_of_NASDAQ-100_companies,
2024-Q1,AMGN,1,unchanged,wikipedia:Historical_components_of_the_Nasdaq-100+List_of_NASDAQ-100_companies,
2024-Q1,AMZN,1,unchanged,wikipedia:Historical_components_of_the_Nasdaq-100+List_of_NASDAQ-100_companies,
2024-Q1,ANSS,1,unchanged,wikipedia:Historical_components_of_the_Nasdaq-100+List_of_NASDAQ-100_companies,
2024-Q1,ASML,1,unchanged,wikipedia:Historical_components_of_the_Nasdaq-100+List_of_NASDAQ-100_companies,
2024-Q1,AVGO,1,unchanged,wikipedia:Historical_components_of_the_Nasdaq-100+List_of_NASDAQ-100_companies,
2024-Q1,AZN,1,unchanged,wikipedia:Historical_components_of_the_Nasdaq-100+List_of_NASDAQ-100_companies,
2024-Q1,BIIB,1,unchanged,wikipedia:Historical_components_of_the_Nasdaq-100+List_of_NASDAQ-100_companies,
2024-Q1,BKNG,1,unchanged,wikipedia:Historical_components_of_the_Nasdaq-100+List_of_NASDAQ-100_companies,
2024-Q1,BKR,1,unchanged,wikipedia:Historical_components_of_the_Nasdaq-100+List_of_NASDAQ-100_companies,
2024-Q1,CCEP,1,unchanged,wikipedia:Historical_components_of_the_Nasdaq-100+List_of_NASDAQ-100_companies,
2024-Q1,CDNS,1,unchanged,wikipedia:Historical_components_of_the_Nasdaq-100+List_of_NASDAQ-100_companies,
2024-Q1,CDW,1,unchanged,wikipedia:Historical_components_of_the_Nasdaq-100+List_of_NASDAQ-100_companies,
2024-Q1,CEG,1,unchanged,wikipedia:Historical_components_of_the_Nasdaq-100+List_of_NASDAQ-100_companies,
2024-Q1,CHTR,1,unchanged,wikipedia:Historical_components_of_the_Nasdaq-100+List_of_NASDAQ-100_companies,
2024-Q1,CMCSA,1,unchanged,wikipedia:Historical_components_of_the_Nasdaq-100+List_of_NASDAQ-100_companies,
2024-Q1,COST,1,unchanged,wikipedia:Historical_components_of_the_Nasdaq-100+List_of_NASDAQ-100_companies,
2024-Q1,CPRT,1,unchanged,wikipedia:Historical_components_of_the_Nasdaq-100+List_of_NASDAQ-100_companies,
2024-Q1,CRWD,1,unchanged,wikipedia:Historical_components_of_the_Nasdaq-100+List_of_NASDAQ-100_companies,
2024-Q1,CSCO,1,unchanged,wikipedia:Historical_components_of_the_Nasdaq-100+List_of_NASDAQ-100_companies,
2024-Q1,CSGP,1,unchanged,wikipedia:Historical_components_of_the_Nasdaq-100+List_of_NASDAQ-100_companies,
2024-Q1,CSX,1,unchanged,wikipedia:Historical_components_of_the_Nasdaq-100+List_of_NASDAQ-100_companies,
2024-Q1,CTAS,1,unchanged,wikipedia:Historical_components_of_the_Nasdaq-100+List_of_NASDAQ-100_companies,
2024-Q1,CTSH,1,unchanged,wikipedia:Historical_components_of_the_Nasdaq-100+List_of_NASDAQ-100_companies,
2024-Q1,DASH,1,unchanged,wikipedia:Historical_components_of_the_Nasdaq-100+List_of_NASDAQ-100_companies,
2024-Q1,DDOG,1,unchanged,wikipedia:Historical_components_of_the_Nasdaq-100+List_of_NASDAQ-100_companies,
2024-Q1,DLTR,1,unchanged,wikipedia:Historical_components_of_the_Nasdaq-100+List_of_NASDAQ-100_companies,
2024-Q1,DXCM,1,unchanged,wikipedia:Historical_components_of_the_Nasdaq-100+List_of_NASDAQ-100_companies,
2024-Q1,EA,1,unchanged,wikipedia:Historical_components_of_the_Nasdaq-100+List_of_NASDAQ-100_companies,
2024-Q1,EXC,1,unchanged,wikipedia:Historical_components_of_the_Nasdaq-100+List_of_NASDAQ-100_companies,
2024-Q1,FANG,1,unchanged,wikipedia:Historical_components_of_the_Nasdaq-100+List_of_NASDAQ-100_companies,
2024-Q1,FAST,1,unchanged,wikipedia:Historical_components_of_the_Nasdaq-100+List_of_NASDAQ-100_companies,
2024-Q1,FTNT,1,unchanged,wikipedia:Historical_components_of_the_Nasdaq-100+List_of_NASDAQ-100_companies,
2024-Q1,GEHC,1,unchanged,wikipedia:Historical_components_of_the_Nasdaq-100+List_of_NASDAQ-100_companies,
2024-Q1,GFS,1,unchanged,wikipedia:Historical_components_of_the_Nasdaq-100+List_of_NASDAQ-100_companies,
2024-Q1,GILD,1,unchanged,wikipedia:Historical_components_of_the_Nasdaq-100+List_of_NASDAQ-100_companies,
2024-Q1,GOOG,1,unchanged,wikipedia:Historical_components_of_the_Nasdaq-100+List_of_NASDAQ-100_companies,
2024-Q1,GOOGL,1,unchanged,wikipedia:Historical_components_of_the_Nasdaq-100+List_of_NASDAQ-100_companies,
2024-Q1,HON,1,unchanged,wikipedia:Historical_components_of_the_Nasdaq-100+List_of_NASDAQ-100_companies,
2024-Q1,IDXX,1,unchanged,wikipedia:Historical_components_of_the_Nasdaq-100+List_of_NASDAQ-100_companies,
2024-Q1,ILMN,1,unchanged,wikipedia:Historical_components_of_the_Nasdaq-100+List_of_NASDAQ-100_companies,
2024-Q1,INTC,1,unchanged,wikipedia:Historical_components_of_the_Nasdaq-100+List_of_NASDAQ-100_companies,
2024-Q1,INTU,1,unchanged,wikipedia:Historical_components_of_the_Nasdaq-100+List_of_NASDAQ-100_companies,
2024-Q1,ISRG,1,unchanged,wikipedia:Historical_components_of_the_Nasdaq-100+List_of_NASDAQ-100_companies,
2024-Q1,KDP,1,unchanged,wikipedia:Historical_components_of_the_Nasdaq-100+List_of_NASDAQ-100_companies,
2024-Q1,KHC,1,unchanged,wikipedia:Historical_components_of_the_Nasdaq-100+List_of_NASDAQ-100_companies,
2024-Q1,KLAC,1,unchanged,wikipedia:Historical_components_of_the_Nasdaq-100+List_of_NASDAQ-100_companies,
2024-Q1,LIN,1,added,wikipedia:Historical_components_of_the_Nasdaq-100+List_of_NASDAQ-100_companies,
2024-Q1,LRCX,1,unchanged,wikipedia:Historical_components_of_the_Nasdaq-100+List_of_NASDAQ-100_companies,
2024-Q1,LULU,1,unchanged,wikipedia:Historical_components_of_the_Nasdaq-100+List_of_NASDAQ-100_companies,
2024-Q1,MAR,1,unchanged,wikipedia:Historical_components_of_the_Nasdaq-100+List_of_NASDAQ-100_companies,
2024-Q1,MCHP,1,unchanged,wikipedia:Historical_components_of_the_Nasdaq-100+List_of_NASDAQ-100_companies,
2024-Q1,MDB,1,unchanged,wikipedia:Historical_components_of_the_Nasdaq-100+List_of_NASDAQ-100_companies,
2024-Q1,MDLZ,1,unchanged,wikipedia:Historical_components_of_the_Nasdaq-100+List_of_NASDAQ-100_companies,
2024-Q1,MELI,1,unchanged,wikipedia:Historical_components_of_the_Nasdaq-100+List_of_NASDAQ-100_companies,
2024-Q1,META,1,unchanged,wikipedia:Historical_components_of_the_Nasdaq-100+List_of_NASDAQ-100_companies,
2024-Q1,MNST,1,unchanged,wikipedia:Historical_components_of_the_Nasdaq-100+List_of_NASDAQ-100_companies,
2024-Q1,MRNA,1,unchanged,wikipedia:Historical_components_of_the_Nasdaq-100+List_of_NASDAQ-100_companies,
2024-Q1,MRVL,1,unchanged,wikipedia:Historical_components_of_the_Nasdaq-100+List_of_NASDAQ-100_companies,
2024-Q1,MSFT,1,unchanged,wikipedia:Historical_components_of_the_Nasdaq-100+List_of_NASDAQ-100_companies,
2024-Q1,MU,1,unchanged,wikipedia:Historical_components_of_the_Nasdaq-100+List_of_NASDAQ-100_companies,
2024-Q1,NFLX,1,unchanged,wikipedia:Historical_components_of_the_Nasdaq-100+List_of_NASDAQ-100_companies,
2024-Q1,NVDA,1,unchanged,wikipedia:Historical_components_of_the_Nasdaq-100+List_of_NASDAQ-100_companies,
2024-Q1,NXPI,1,unchanged,wikipedia:Historical_components_of_the_Nasdaq-100+List_of_NASDAQ-100_companies,
2024-Q1,ODFL,1,unchanged,wikipedia:Historical_components_of_the_Nasdaq-100+List_of_NASDAQ-100_companies,
2024-Q1,ON,1,unchanged,wikipedia:Historical_components_of_the_Nasdaq-100+List_of_NASDAQ-100_companies,
2024-Q1,ORLY,1,unchanged,wikipedia:Historical_components_of_the_Nasdaq-100+List_of_NASDAQ-100_companies,
2024-Q1,PANW,1,unchanged,wikipedia:Historical_components_of_the_Nasdaq-100+List_of_NASDAQ-100_companies,
2024-Q1,PAYX,1,unchanged,wikipedia:Historical_components_of_the_Nasdaq-100+List_of_NASDAQ-100_companies,
2024-Q1,PCAR,1,unchanged,wikipedia:Historical_components_of_the_Nasdaq-100+List_of_NASDAQ-100_companies,
2024-Q1,PDD,1,unchanged,wikipedia:Historical_components_of_the_Nasdaq-100+List_of_NASDAQ-100_companies,
2024-Q1,PEP,1,unchanged,wikipedia:Historical_components_of_the_Nasdaq-100+List_of_NASDAQ-100_companies,
2024-Q1,PYPL,1,unchanged,wikipedia:Historical_components_of_the_Nasdaq-100+List_of_NASDAQ-100_companies,
2024-Q1,QCOM,1,unchanged,wikipedia:Historical_components_of_the_Nasdaq-100+List_of_NASDAQ-100_companies,
2024-Q1,REGN,1,unchanged,wikipedia:Historical_components_of_the_Nasdaq-100+List_of_NASDAQ-100_companies,
2024-Q1,ROP,1,unchanged,wikipedia:Historical_components_of_the_Nasdaq-100+List_of_NASDAQ-100_companies,
2024-Q1,ROST,1,unchanged,wikipedia:Historical_components_of_the_Nasdaq-100+List_of_NASDAQ-100_companies,
2024-Q1,SBUX,1,unchanged,wikipedia:Historical_components_of_the_Nasdaq-100+List_of_NASDAQ-100_companies,
2024-Q1,SIRI,1,unchanged,wikipedia:Historical_components_of_the_Nasdaq-100+List_of_NASDAQ-100_companies,
2024-Q1,SNPS,1,unchanged,wikipedia:Historical_components_of_the_Nasdaq-100+List_of_NASDAQ-100_companies,
2024-Q1,TEAM,1,unchanged,wikipedia:Historical_components_of_the_Nasdaq-100+List_of_NASDAQ-100_companies,
2024-Q1,TMUS,1,unchanged,wikipedia:Historical_components_of_the_Nasdaq-100+List_of_NASDAQ-100_companies,
2024-Q1,TSLA,1,unchanged,wikipedia:Historical_components_of_the_Nasdaq-100+List_of_NASDAQ-100_companies,
2024-Q1,TTD,1,unchanged,wikipedia:Historical_components_of_the_Nasdaq-100+List_of_NASDAQ-100_companies,
2024-Q1,TTWO,1,unchanged,wikipedia:Historical_components_of_the_Nasdaq-100+List_of_NASDAQ-100_companies,
2024-Q1,TXN,1,unchanged,wikipedia:Historical_components_of_the_Nasdaq-100+List_of_NASDAQ-100_companies,
2024-Q1,VRSK,1,unchanged,wikipedia:Historical_components_of_the_Nasdaq-100+List_of_NASDAQ-100_companies,
2024-Q1,VRTX,1,unchanged,wikipedia:Historical_components_of_the_Nasdaq-100+List_of_NASDAQ-100_companies,
2024-Q1,WBA,1,unchanged,wikipedia:Historical_components_of_the_Nasdaq-100+List_of_NASDAQ-100_companies,
2024-Q1,WBD,1,unchanged,wikipedia:Historical_components_of_the_Nasdaq-100+List_of_NASDAQ-100_companies,
2024-Q1,WDAY,1,unchanged,wikipedia:Historical_components_of_the_Nasdaq-100+List_of_NASDAQ-100_companies,
2024-Q1,XEL,1,unchanged,wikipedia:Historical_components_of_the_Nasdaq-100+List_of_NASDAQ-100_companies,
2024-Q1,ZS,1,unchanged,wikipedia:Historical_components_of_the_Nasdaq-100+List_of_NASDAQ-100_companies,
2024-Q1,SPLK,0,removed,wikipedia:Historical_components_of_the_Nasdaq-100+List_of_NASDAQ-100_companies,
2024-Q2,AAPL,1,unchanged,wikipedia:Historical_components_of_the_Nasdaq-100+List_of_NASDAQ-100_companies,
2024-Q2,ABNB,1,unchanged,wikipedia:Historical_components_of_the_Nasdaq-100+List_of_NASDAQ-100_companies,
2024-Q2,ADBE,1,unchanged,wikipedia:Historical_components_of_the_Nasdaq-100+List_of_NASDAQ-100_companies,
2024-Q2,ADI,1,unchanged,wikipedia:Historical_components_of_the_Nasdaq-100+List_of_NASDAQ-100_companies,
2024-Q2,ADP,1,unchanged,wikipedia:Historical_components_of_the_Nasdaq-100+List_of_NASDAQ-100_companies,
2024-Q2,ADSK,1,unchanged,wikipedia:Historical_components_of_the_Nasdaq-100+List_of_NASDAQ-100_companies,
2024-Q2,AEP,1,unchanged,wikipedia:Historical_components_of_the_Nasdaq-100+List_of_NASDAQ-100_companies,
2024-Q2,AMAT,1,unchanged,wikipedia:Historical_components_of_the_Nasdaq-100+List_of_NASDAQ-100_companies,
2024-Q2,AMD,1,unchanged,wikipedia:Historical_components_of_the_Nasdaq-100+List_of_NASDAQ-100_companies,
2024-Q2,AMGN,1,unchanged,wikipedia:Historical_components_of_the_Nasdaq-100+List_of_NASDAQ-100_companies,
2024-Q2,AMZN,1,unchanged,wikipedia:Historical_components_of_the_Nasdaq-100+List_of_NASDAQ-100_companies,
2024-Q2,ANSS,1,unchanged,wikipedia:Historical_components_of_the_Nasdaq-100+List_of_NASDAQ-100_companies,
2024-Q2,ARM,1,added,wikipedia:Historical_components_of_the_Nasdaq-100+List_of_NASDAQ-100_companies,
2024-Q2,ASML,1,unchanged,wikipedia:Historical_components_of_the_Nasdaq-100+List_of_NASDAQ-100_companies,
2024-Q2,AVGO,1,unchanged,wikipedia:Historical_components_of_the_Nasdaq-100+List_of_NASDAQ-100_companies,
2024-Q2,AZN,1,unchanged,wikipedia:Historical_components_of_the_Nasdaq-100+List_of_NASDAQ-100_companies,
2024-Q2,BIIB,1,unchanged,wikipedia:Historical_components_of_the_Nasdaq-100+List_of_NASDAQ-100_companies,
2024-Q2,BKNG,1,unchanged,wikipedia:Historical_components_of_the_Nasdaq-100+List_of_NASDAQ-100_companies,
2024-Q2,BKR,1,unchanged,wikipedia:Historical_components_of_the_Nasdaq-100+List_of_NASDAQ-100_companies,
2024-Q2,CCEP,1,unchanged,wikipedia:Historical_components_of_the_Nasdaq-100+List_of_NASDAQ-100_companies,
2024-Q2,CDNS,1,unchanged,wikipedia:Historical_components_of_the_Nasdaq-100+List_of_NASDAQ-100_companies,
2024-Q2,CDW,1,unchanged,wikipedia:Historical_components_of_the_Nasdaq-100+List_of_NASDAQ-100_companies,
2024-Q2,CEG,1,unchanged,wikipedia:Historical_components_of_the_Nasdaq-100+List_of_NASDAQ-100_companies,
2024-Q2,CHTR,1,unchanged,wikipedia:Historical_components_of_the_Nasdaq-100+List_of_NASDAQ-100_companies,
2024-Q2,CMCSA,1,unchanged,wikipedia:Historical_components_of_the_Nasdaq-100+List_of_NASDAQ-100_companies,
2024-Q2,COST,1,unchanged,wikipedia:Historical_components_of_the_Nasdaq-100+List_of_NASDAQ-100_companies,
2024-Q2,CPRT,1,unchanged,wikipedia:Historical_components_of_the_Nasdaq-100+List_of_NASDAQ-100_companies,
2024-Q2,CRWD,1,unchanged,wikipedia:Historical_components_of_the_Nasdaq-100+List_of_NASDAQ-100_companies,
2024-Q2,CSCO,1,unchanged,wikipedia:Historical_components_of_the_Nasdaq-100+List_of_NASDAQ-100_companies,
2024-Q2,CSGP,1,unchanged,wikipedia:Historical_components_of_the_Nasdaq-100+List_of_NASDAQ-100_companies,
2024-Q2,CSX,1,unchanged,wikipedia:Historical_components_of_the_Nasdaq-100+List_of_NASDAQ-100_companies,
2024-Q2,CTAS,1,unchanged,wikipedia:Historical_components_of_the_Nasdaq-100+List_of_NASDAQ-100_companies,
2024-Q2,CTSH,1,unchanged,wikipedia:Historical_components_of_the_Nasdaq-100+List_of_NASDAQ-100_companies,
2024-Q2,DASH,1,unchanged,wikipedia:Historical_components_of_the_Nasdaq-100+List_of_NASDAQ-100_companies,
2024-Q2,DDOG,1,unchanged,wikipedia:Historical_components_of_the_Nasdaq-100+List_of_NASDAQ-100_companies,
2024-Q2,DLTR,1,unchanged,wikipedia:Historical_components_of_the_Nasdaq-100+List_of_NASDAQ-100_companies,
2024-Q2,DXCM,1,unchanged,wikipedia:Historical_components_of_the_Nasdaq-100+List_of_NASDAQ-100_companies,
2024-Q2,EA,1,unchanged,wikipedia:Historical_components_of_the_Nasdaq-100+List_of_NASDAQ-100_companies,
2024-Q2,EXC,1,unchanged,wikipedia:Historical_components_of_the_Nasdaq-100+List_of_NASDAQ-100_companies,
2024-Q2,FANG,1,unchanged,wikipedia:Historical_components_of_the_Nasdaq-100+List_of_NASDAQ-100_companies,
2024-Q2,FAST,1,unchanged,wikipedia:Historical_components_of_the_Nasdaq-100+List_of_NASDAQ-100_companies,
2024-Q2,FTNT,1,unchanged,wikipedia:Historical_components_of_the_Nasdaq-100+List_of_NASDAQ-100_companies,
2024-Q2,GEHC,1,unchanged,wikipedia:Historical_components_of_the_Nasdaq-100+List_of_NASDAQ-100_companies,
2024-Q2,GFS,1,unchanged,wikipedia:Historical_components_of_the_Nasdaq-100+List_of_NASDAQ-100_companies,
2024-Q2,GILD,1,unchanged,wikipedia:Historical_components_of_the_Nasdaq-100+List_of_NASDAQ-100_companies,
2024-Q2,GOOG,1,unchanged,wikipedia:Historical_components_of_the_Nasdaq-100+List_of_NASDAQ-100_companies,
2024-Q2,GOOGL,1,unchanged,wikipedia:Historical_components_of_the_Nasdaq-100+List_of_NASDAQ-100_companies,
2024-Q2,HON,1,unchanged,wikipedia:Historical_components_of_the_Nasdaq-100+List_of_NASDAQ-100_companies,
2024-Q2,IDXX,1,unchanged,wikipedia:Historical_components_of_the_Nasdaq-100+List_of_NASDAQ-100_companies,
2024-Q2,ILMN,1,unchanged,wikipedia:Historical_components_of_the_Nasdaq-100+List_of_NASDAQ-100_companies,
2024-Q2,INTC,1,unchanged,wikipedia:Historical_components_of_the_Nasdaq-100+List_of_NASDAQ-100_companies,
2024-Q2,INTU,1,unchanged,wikipedia:Historical_components_of_the_Nasdaq-100+List_of_NASDAQ-100_companies,
2024-Q2,ISRG,1,unchanged,wikipedia:Historical_components_of_the_Nasdaq-100+List_of_NASDAQ-100_companies,
2024-Q2,KDP,1,unchanged,wikipedia:Historical_components_of_the_Nasdaq-100+List_of_NASDAQ-100_companies,
2024-Q2,KHC,1,unchanged,wikipedia:Historical_components_of_the_Nasdaq-100+List_of_NASDAQ-100_companies,
2024-Q2,KLAC,1,unchanged,wikipedia:Historical_components_of_the_Nasdaq-100+List_of_NASDAQ-100_companies,
2024-Q2,LIN,1,unchanged,wikipedia:Historical_components_of_the_Nasdaq-100+List_of_NASDAQ-100_companies,
2024-Q2,LRCX,1,unchanged,wikipedia:Historical_components_of_the_Nasdaq-100+List_of_NASDAQ-100_companies,
2024-Q2,LULU,1,unchanged,wikipedia:Historical_components_of_the_Nasdaq-100+List_of_NASDAQ-100_companies,
2024-Q2,MAR,1,unchanged,wikipedia:Historical_components_of_the_Nasdaq-100+List_of_NASDAQ-100_companies,
2024-Q2,MCHP,1,unchanged,wikipedia:Historical_components_of_the_Nasdaq-100+List_of_NASDAQ-100_companies,
2024-Q2,MDB,1,unchanged,wikipedia:Historical_components_of_the_Nasdaq-100+List_of_NASDAQ-100_companies,
2024-Q2,MDLZ,1,unchanged,wikipedia:Historical_components_of_the_Nasdaq-100+List_of_NASDAQ-100_companies,
2024-Q2,MELI,1,unchanged,wikipedia:Historical_components_of_the_Nasdaq-100+List_of_NASDAQ-100_companies,
2024-Q2,META,1,unchanged,wikipedia:Historical_components_of_the_Nasdaq-100+List_of_NASDAQ-100_companies,
2024-Q2,MNST,1,unchanged,wikipedia:Historical_components_of_the_Nasdaq-100+List_of_NASDAQ-100_companies,
2024-Q2,MRNA,1,unchanged,wikipedia:Historical_components_of_the_Nasdaq-100+List_of_NASDAQ-100_companies,
2024-Q2,MRVL,1,unchanged,wikipedia:Historical_components_of_the_Nasdaq-100+List_of_NASDAQ-100_companies,
2024-Q2,MSFT,1,unchanged,wikipedia:Historical_components_of_the_Nasdaq-100+List_of_NASDAQ-100_companies,
2024-Q2,MU,1,unchanged,wikipedia:Historical_components_of_the_Nasdaq-100+List_of_NASDAQ-100_companies,
2024-Q2,NFLX,1,unchanged,wikipedia:Historical_components_of_the_Nasdaq-100+List_of_NASDAQ-100_companies,
2024-Q2,NVDA,1,unchanged,wikipedia:Historical_components_of_the_Nasdaq-100+List_of_NASDAQ-100_companies,
2024-Q2,NXPI,1,unchanged,wikipedia:Historical_components_of_the_Nasdaq-100+List_of_NASDAQ-100_companies,
2024-Q2,ODFL,1,unchanged,wikipedia:Historical_components_of_the_Nasdaq-100+List_of_NASDAQ-100_companies,
2024-Q2,ON,1,unchanged,wikipedia:Historical_components_of_the_Nasdaq-100+List_of_NASDAQ-100_companies,
2024-Q2,ORLY,1,unchanged,wikipedia:Historical_components_of_the_Nasdaq-100+List_of_NASDAQ-100_companies,
2024-Q2,PANW,1,unchanged,wikipedia:Historical_components_of_the_Nasdaq-100+List_of_NASDAQ-100_companies,
2024-Q2,PAYX,1,unchanged,wikipedia:Historical_components_of_the_Nasdaq-100+List_of_NASDAQ-100_companies,
2024-Q2,PCAR,1,unchanged,wikipedia:Historical_components_of_the_Nasdaq-100+List_of_NASDAQ-100_companies,
2024-Q2,PDD,1,unchanged,wikipedia:Historical_components_of_the_Nasdaq-100+List_of_NASDAQ-100_companies,
2024-Q2,PEP,1,unchanged,wikipedia:Historical_components_of_the_Nasdaq-100+List_of_NASDAQ-100_companies,
2024-Q2,PYPL,1,unchanged,wikipedia:Historical_components_of_the_Nasdaq-100+List_of_NASDAQ-100_companies,
2024-Q2,QCOM,1,unchanged,wikipedia:Historical_components_of_the_Nasdaq-100+List_of_NASDAQ-100_companies,
2024-Q2,REGN,1,unchanged,wikipedia:Historical_components_of_the_Nasdaq-100+List_of_NASDAQ-100_companies,
2024-Q2,ROP,1,unchanged,wikipedia:Historical_components_of_the_Nasdaq-100+List_of_NASDAQ-100_companies,
2024-Q2,ROST,1,unchanged,wikipedia:Historical_components_of_the_Nasdaq-100+List_of_NASDAQ-100_companies,
2024-Q2,SBUX,1,unchanged,wikipedia:Historical_components_of_the_Nasdaq-100+List_of_NASDAQ-100_companies,
2024-Q2,SNPS,1,unchanged,wikipedia:Historical_components_of_the_Nasdaq-100+List_of_NASDAQ-100_companies,
2024-Q2,TEAM,1,unchanged,wikipedia:Historical_components_of_the_Nasdaq-100+List_of_NASDAQ-100_companies,
2024-Q2,TMUS,1,unchanged,wikipedia:Historical_components_of_the_Nasdaq-100+List_of_NASDAQ-100_companies,
2024-Q2,TSLA,1,unchanged,wikipedia:Historical_components_of_the_Nasdaq-100+List_of_NASDAQ-100_companies,
2024-Q2,TTD,1,unchanged,wikipedia:Historical_components_of_the_Nasdaq-100+List_of_NASDAQ-100_companies,
2024-Q2,TTWO,1,unchanged,wikipedia:Historical_components_of_the_Nasdaq-100+List_of_NASDAQ-100_companies,
2024-Q2,TXN,1,unchanged,wikipedia:Historical_components_of_the_Nasdaq-100+List_of_NASDAQ-100_companies,
2024-Q2,VRSK,1,unchanged,wikipedia:Historical_components_of_the_Nasdaq-100+List_of_NASDAQ-100_companies,
2024-Q2,VRTX,1,unchanged,wikipedia:Historical_components_of_the_Nasdaq-100+List_of_NASDAQ-100_companies,
2024-Q2,WBA,1,unchanged,wikipedia:Historical_components_of_the_Nasdaq-100+List_of_NASDAQ-100_companies,
2024-Q2,WBD,1,unchanged,wikipedia:Historical_components_of_the_Nasdaq-100+List_of_NASDAQ-100_companies,
2024-Q2,WDAY,1,unchanged,wikipedia:Historical_components_of_the_Nasdaq-100+List_of_NASDAQ-100_companies,
2024-Q2,XEL,1,unchanged,wikipedia:Historical_components_of_the_Nasdaq-100+List_of_NASDAQ-100_companies,
2024-Q2,ZS,1,unchanged,wikipedia:Historical_components_of_the_Nasdaq-100+List_of_NASDAQ-100_companies,
2024-Q2,SIRI,0,removed,wikipedia:Historical_components_of_the_Nasdaq-100+List_of_NASDAQ-100_companies,
2024-Q3,AAPL,1,unchanged,wikipedia:Historical_components_of_the_Nasdaq-100+List_of_NASDAQ-100_companies,
2024-Q3,ABNB,1,unchanged,wikipedia:Historical_components_of_the_Nasdaq-100+List_of_NASDAQ-100_companies,
2024-Q3,ADBE,1,unchanged,wikipedia:Historical_components_of_the_Nasdaq-100+List_of_NASDAQ-100_companies,
2024-Q3,ADI,1,unchanged,wikipedia:Historical_components_of_the_Nasdaq-100+List_of_NASDAQ-100_companies,
2024-Q3,ADP,1,unchanged,wikipedia:Historical_components_of_the_Nasdaq-100+List_of_NASDAQ-100_companies,
2024-Q3,ADSK,1,unchanged,wikipedia:Historical_components_of_the_Nasdaq-100+List_of_NASDAQ-100_companies,
2024-Q3,AEP,1,unchanged,wikipedia:Historical_components_of_the_Nasdaq-100+List_of_NASDAQ-100_companies,
2024-Q3,AMAT,1,unchanged,wikipedia:Historical_components_of_the_Nasdaq-100+List_of_NASDAQ-100_companies,
2024-Q3,AMD,1,unchanged,wikipedia:Historical_components_of_the_Nasdaq-100+List_of_NASDAQ-100_companies,
2024-Q3,AMGN,1,unchanged,wikipedia:Historical_components_of_the_Nasdaq-100+List_of_NASDAQ-100_companies,
2024-Q3,AMZN,1,unchanged,wikipedia:Historical_components_of_the_Nasdaq-100+List_of_NASDAQ-100_companies,
2024-Q3,ANSS,1,unchanged,wikipedia:Historical_components_of_the_Nasdaq-100+List_of_NASDAQ-100_companies,
2024-Q3,ARM,1,unchanged,wikipedia:Historical_components_of_the_Nasdaq-100+List_of_NASDAQ-100_companies,
2024-Q3,ASML,1,unchanged,wikipedia:Historical_components_of_the_Nasdaq-100+List_of_NASDAQ-100_companies,
2024-Q3,AVGO,1,unchanged,wikipedia:Historical_components_of_the_Nasdaq-100+List_of_NASDAQ-100_companies,
2024-Q3,AZN,1,unchanged,wikipedia:Historical_components_of_the_Nasdaq-100+List_of_NASDAQ-100_companies,
2024-Q3,BIIB,1,unchanged,wikipedia:Historical_components_of_the_Nasdaq-100+List_of_NASDAQ-100_companies,
2024-Q3,BKNG,1,unchanged,wikipedia:Historical_components_of_the_Nasdaq-100+List_of_NASDAQ-100_companies,
2024-Q3,BKR,1,unchanged,wikipedia:Historical_components_of_the_Nasdaq-100+List_of_NASDAQ-100_companies,
2024-Q3,CCEP,1,unchanged,wikipedia:Historical_components_of_the_Nasdaq-100+List_of_NASDAQ-100_companies,
2024-Q3,CDNS,1,unchanged,wikipedia:Historical_components_of_the_Nasdaq-100+List_of_NASDAQ-100_companies,
2024-Q3,CDW,1,unchanged,wikipedia:Historical_components_of_the_Nasdaq-100+List_of_NASDAQ-100_companies,
2024-Q3,CEG,1,unchanged,wikipedia:Historical_components_of_the_Nasdaq-100+List_of_NASDAQ-100_companies,
2024-Q3,CHTR,1,unchanged,wikipedia:Historical_components_of_the_Nasdaq-100+List_of_NASDAQ-100_companies,
2024-Q3,CMCSA,1,unchanged,wikipedia:Historical_components_of_the_Nasdaq-100+List_of_NASDAQ-100_companies,
2024-Q3,COST,1,unchanged,wikipedia:Historical_components_of_the_Nasdaq-100+List_of_NASDAQ-100_companies,
2024-Q3,CPRT,1,unchanged,wikipedia:Historical_components_of_the_Nasdaq-100+List_of_NASDAQ-100_companies,
2024-Q3,CRWD,1,unchanged,wikipedia:Historical_components_of_the_Nasdaq-100+List_of_NASDAQ-100_companies,
2024-Q3,CSCO,1,unchanged,wikipedia:Historical_components_of_the_Nasdaq-100+List_of_NASDAQ-100_companies,
2024-Q3,CSGP,1,unchanged,wikipedia:Historical_components_of_the_Nasdaq-100+List_of_NASDAQ-100_companies,
2024-Q3,CSX,1,unchanged,wikipedia:Historical_components_of_the_Nasdaq-100+List_of_NASDAQ-100_companies,
2024-Q3,CTAS,1,unchanged,wikipedia:Historical_components_of_the_Nasdaq-100+List_of_NASDAQ-100_companies,
2024-Q3,CTSH,1,unchanged,wikipedia:Historical_components_of_the_Nasdaq-100+List_of_NASDAQ-100_companies,
2024-Q3,DASH,1,unchanged,wikipedia:Historical_components_of_the_Nasdaq-100+List_of_NASDAQ-100_companies,
2024-Q3,DDOG,1,unchanged,wikipedia:Historical_components_of_the_Nasdaq-100+List_of_NASDAQ-100_companies,
2024-Q3,DLTR,1,unchanged,wikipedia:Historical_components_of_the_Nasdaq-100+List_of_NASDAQ-100_companies,
2024-Q3,DXCM,1,unchanged,wikipedia:Historical_components_of_the_Nasdaq-100+List_of_NASDAQ-100_companies,
2024-Q3,EA,1,unchanged,wikipedia:Historical_components_of_the_Nasdaq-100+List_of_NASDAQ-100_companies,
2024-Q3,EXC,1,unchanged,wikipedia:Historical_components_of_the_Nasdaq-100+List_of_NASDAQ-100_companies,
2024-Q3,FANG,1,unchanged,wikipedia:Historical_components_of_the_Nasdaq-100+List_of_NASDAQ-100_companies,
2024-Q3,FAST,1,unchanged,wikipedia:Historical_components_of_the_Nasdaq-100+List_of_NASDAQ-100_companies,
2024-Q3,FTNT,1,unchanged,wikipedia:Historical_components_of_the_Nasdaq-100+List_of_NASDAQ-100_companies,
2024-Q3,GEHC,1,unchanged,wikipedia:Historical_components_of_the_Nasdaq-100+List_of_NASDAQ-100_companies,
2024-Q3,GFS,1,unchanged,wikipedia:Historical_components_of_the_Nasdaq-100+List_of_NASDAQ-100_companies,
2024-Q3,GILD,1,unchanged,wikipedia:Historical_components_of_the_Nasdaq-100+List_of_NASDAQ-100_companies,
2024-Q3,GOOG,1,unchanged,wikipedia:Historical_components_of_the_Nasdaq-100+List_of_NASDAQ-100_companies,
2024-Q3,GOOGL,1,unchanged,wikipedia:Historical_components_of_the_Nasdaq-100+List_of_NASDAQ-100_companies,
2024-Q3,HON,1,unchanged,wikipedia:Historical_components_of_the_Nasdaq-100+List_of_NASDAQ-100_companies,
2024-Q3,IDXX,1,unchanged,wikipedia:Historical_components_of_the_Nasdaq-100+List_of_NASDAQ-100_companies,
2024-Q3,ILMN,1,unchanged,wikipedia:Historical_components_of_the_Nasdaq-100+List_of_NASDAQ-100_companies,
2024-Q3,INTC,1,unchanged,wikipedia:Historical_components_of_the_Nasdaq-100+List_of_NASDAQ-100_companies,
2024-Q3,INTU,1,unchanged,wikipedia:Historical_components_of_the_Nasdaq-100+List_of_NASDAQ-100_companies,
2024-Q3,ISRG,1,unchanged,wikipedia:Historical_components_of_the_Nasdaq-100+List_of_NASDAQ-100_companies,
2024-Q3,KDP,1,unchanged,wikipedia:Historical_components_of_the_Nasdaq-100+List_of_NASDAQ-100_companies,
2024-Q3,KHC,1,unchanged,wikipedia:Historical_components_of_the_Nasdaq-100+List_of_NASDAQ-100_companies,
2024-Q3,KLAC,1,unchanged,wikipedia:Historical_components_of_the_Nasdaq-100+List_of_NASDAQ-100_companies,
2024-Q3,LIN,1,unchanged,wikipedia:Historical_components_of_the_Nasdaq-100+List_of_NASDAQ-100_companies,
2024-Q3,LRCX,1,unchanged,wikipedia:Historical_components_of_the_Nasdaq-100+List_of_NASDAQ-100_companies,
2024-Q3,LULU,1,unchanged,wikipedia:Historical_components_of_the_Nasdaq-100+List_of_NASDAQ-100_companies,
2024-Q3,MAR,1,unchanged,wikipedia:Historical_components_of_the_Nasdaq-100+List_of_NASDAQ-100_companies,
2024-Q3,MCHP,1,unchanged,wikipedia:Historical_components_of_the_Nasdaq-100+List_of_NASDAQ-100_companies,
2024-Q3,MDB,1,unchanged,wikipedia:Historical_components_of_the_Nasdaq-100+List_of_NASDAQ-100_companies,
2024-Q3,MDLZ,1,unchanged,wikipedia:Historical_components_of_the_Nasdaq-100+List_of_NASDAQ-100_companies,
2024-Q3,MELI,1,unchanged,wikipedia:Historical_components_of_the_Nasdaq-100+List_of_NASDAQ-100_companies,
2024-Q3,META,1,unchanged,wikipedia:Historical_components_of_the_Nasdaq-100+List_of_NASDAQ-100_companies,
2024-Q3,MNST,1,unchanged,wikipedia:Historical_components_of_the_Nasdaq-100+List_of_NASDAQ-100_companies,
2024-Q3,MRNA,1,unchanged,wikipedia:Historical_components_of_the_Nasdaq-100+List_of_NASDAQ-100_companies,
2024-Q3,MRVL,1,unchanged,wikipedia:Historical_components_of_the_Nasdaq-100+List_of_NASDAQ-100_companies,
2024-Q3,MSFT,1,unchanged,wikipedia:Historical_components_of_the_Nasdaq-100+List_of_NASDAQ-100_companies,
2024-Q3,MU,1,unchanged,wikipedia:Historical_components_of_the_Nasdaq-100+List_of_NASDAQ-100_companies,
2024-Q3,NFLX,1,unchanged,wikipedia:Historical_components_of_the_Nasdaq-100+List_of_NASDAQ-100_companies,
2024-Q3,NVDA,1,unchanged,wikipedia:Historical_components_of_the_Nasdaq-100+List_of_NASDAQ-100_companies,
2024-Q3,NXPI,1,unchanged,wikipedia:Historical_components_of_the_Nasdaq-100+List_of_NASDAQ-100_companies,
2024-Q3,ODFL,1,unchanged,wikipedia:Historical_components_of_the_Nasdaq-100+List_of_NASDAQ-100_companies,
2024-Q3,ON,1,unchanged,wikipedia:Historical_components_of_the_Nasdaq-100+List_of_NASDAQ-100_companies,
2024-Q3,ORLY,1,unchanged,wikipedia:Historical_components_of_the_Nasdaq-100+List_of_NASDAQ-100_companies,
2024-Q3,PANW,1,unchanged,wikipedia:Historical_components_of_the_Nasdaq-100+List_of_NASDAQ-100_companies,
2024-Q3,PAYX,1,unchanged,wikipedia:Historical_components_of_the_Nasdaq-100+List_of_NASDAQ-100_companies,
2024-Q3,PCAR,1,unchanged,wikipedia:Historical_components_of_the_Nasdaq-100+List_of_NASDAQ-100_companies,
2024-Q3,PDD,1,unchanged,wikipedia:Historical_components_of_the_Nasdaq-100+List_of_NASDAQ-100_companies,
2024-Q3,PEP,1,unchanged,wikipedia:Historical_components_of_the_Nasdaq-100+List_of_NASDAQ-100_companies,
2024-Q3,PYPL,1,unchanged,wikipedia:Historical_components_of_the_Nasdaq-100+List_of_NASDAQ-100_companies,
2024-Q3,QCOM,1,unchanged,wikipedia:Historical_components_of_the_Nasdaq-100+List_of_NASDAQ-100_companies,
2024-Q3,REGN,1,unchanged,wikipedia:Historical_components_of_the_Nasdaq-100+List_of_NASDAQ-100_companies,
2024-Q3,ROP,1,unchanged,wikipedia:Historical_components_of_the_Nasdaq-100+List_of_NASDAQ-100_companies,
2024-Q3,ROST,1,unchanged,wikipedia:Historical_components_of_the_Nasdaq-100+List_of_NASDAQ-100_companies,
2024-Q3,SBUX,1,unchanged,wikipedia:Historical_components_of_the_Nasdaq-100+List_of_NASDAQ-100_companies,
2024-Q3,SMCI,1,added,wikipedia:Historical_components_of_the_Nasdaq-100+List_of_NASDAQ-100_companies,
2024-Q3,SNPS,1,unchanged,wikipedia:Historical_components_of_the_Nasdaq-100+List_of_NASDAQ-100_companies,
2024-Q3,TEAM,1,unchanged,wikipedia:Historical_components_of_the_Nasdaq-100+List_of_NASDAQ-100_companies,
2024-Q3,TMUS,1,unchanged,wikipedia:Historical_components_of_the_Nasdaq-100+List_of_NASDAQ-100_companies,
2024-Q3,TSLA,1,unchanged,wikipedia:Historical_components_of_the_Nasdaq-100+List_of_NASDAQ-100_companies,
2024-Q3,TTD,1,unchanged,wikipedia:Historical_components_of_the_Nasdaq-100+List_of_NASDAQ-100_companies,
2024-Q3,TTWO,1,unchanged,wikipedia:Historical_components_of_the_Nasdaq-100+List_of_NASDAQ-100_companies,
2024-Q3,TXN,1,unchanged,wikipedia:Historical_components_of_the_Nasdaq-100+List_of_NASDAQ-100_companies,
2024-Q3,VRSK,1,unchanged,wikipedia:Historical_components_of_the_Nasdaq-100+List_of_NASDAQ-100_companies,
2024-Q3,VRTX,1,unchanged,wikipedia:Historical_components_of_the_Nasdaq-100+List_of_NASDAQ-100_companies,
2024-Q3,WBD,1,unchanged,wikipedia:Historical_components_of_the_Nasdaq-100+List_of_NASDAQ-100_companies,
2024-Q3,WDAY,1,unchanged,wikipedia:Historical_components_of_the_Nasdaq-100+List_of_NASDAQ-100_companies,
2024-Q3,XEL,1,unchanged,wikipedia:Historical_components_of_the_Nasdaq-100+List_of_NASDAQ-100_companies,
2024-Q3,ZS,1,unchanged,wikipedia:Historical_components_of_the_Nasdaq-100+List_of_NASDAQ-100_companies,
2024-Q3,WBA,0,removed,wikipedia:Historical_components_of_the_Nasdaq-100+List_of_NASDAQ-100_companies,
2024-Q4,AAPL,1,unchanged,wikipedia:Historical_components_of_the_Nasdaq-100+List_of_NASDAQ-100_companies,
2024-Q4,ABNB,1,unchanged,wikipedia:Historical_components_of_the_Nasdaq-100+List_of_NASDAQ-100_companies,
2024-Q4,ADBE,1,unchanged,wikipedia:Historical_components_of_the_Nasdaq-100+List_of_NASDAQ-100_companies,
2024-Q4,ADI,1,unchanged,wikipedia:Historical_components_of_the_Nasdaq-100+List_of_NASDAQ-100_companies,
2024-Q4,ADP,1,unchanged,wikipedia:Historical_components_of_the_Nasdaq-100+List_of_NASDAQ-100_companies,
2024-Q4,ADSK,1,unchanged,wikipedia:Historical_components_of_the_Nasdaq-100+List_of_NASDAQ-100_companies,
2024-Q4,AEP,1,unchanged,wikipedia:Historical_components_of_the_Nasdaq-100+List_of_NASDAQ-100_companies,
2024-Q4,AMAT,1,unchanged,wikipedia:Historical_components_of_the_Nasdaq-100+List_of_NASDAQ-100_companies,
2024-Q4,AMD,1,unchanged,wikipedia:Historical_components_of_the_Nasdaq-100+List_of_NASDAQ-100_companies,
2024-Q4,AMGN,1,unchanged,wikipedia:Historical_components_of_the_Nasdaq-100+List_of_NASDAQ-100_companies,
2024-Q4,AMZN,1,unchanged,wikipedia:Historical_components_of_the_Nasdaq-100+List_of_NASDAQ-100_companies,
2024-Q4,ANSS,1,unchanged,wikipedia:Historical_components_of_the_Nasdaq-100+List_of_NASDAQ-100_companies,
2024-Q4,APP,1,added,wikipedia:Historical_components_of_the_Nasdaq-100+List_of_NASDAQ-100_companies,
2024-Q4,ARM,1,unchanged,wikipedia:Historical_components_of_the_Nasdaq-100+List_of_NASDAQ-100_companies,
2024-Q4,ASML,1,unchanged,wikipedia:Historical_components_of_the_Nasdaq-100+List_of_NASDAQ-100_companies,
2024-Q4,AVGO,1,unchanged,wikipedia:Historical_components_of_the_Nasdaq-100+List_of_NASDAQ-100_companies,
2024-Q4,AXON,1,added,wikipedia:Historical_components_of_the_Nasdaq-100+List_of_NASDAQ-100_companies,
2024-Q4,AZN,1,unchanged,wikipedia:Historical_components_of_the_Nasdaq-100+List_of_NASDAQ-100_companies,
2024-Q4,BIIB,1,unchanged,wikipedia:Historical_components_of_the_Nasdaq-100+List_of_NASDAQ-100_companies,
2024-Q4,BKNG,1,unchanged,wikipedia:Historical_components_of_the_Nasdaq-100+List_of_NASDAQ-100_companies,
2024-Q4,BKR,1,unchanged,wikipedia:Historical_components_of_the_Nasdaq-100+List_of_NASDAQ-100_companies,
2024-Q4,CCEP,1,unchanged,wikipedia:Historical_components_of_the_Nasdaq-100+List_of_NASDAQ-100_companies,
2024-Q4,CDNS,1,unchanged,wikipedia:Historical_components_of_the_Nasdaq-100+List_of_NASDAQ-100_companies,
2024-Q4,CDW,1,unchanged,wikipedia:Historical_components_of_the_Nasdaq-100+List_of_NASDAQ-100_companies,
2024-Q4,CEG,1,unchanged,wikipedia:Historical_components_of_the_Nasdaq-100+List_of_NASDAQ-100_companies,
2024-Q4,CHTR,1,unchanged,wikipedia:Historical_components_of_the_Nasdaq-100+List_of_NASDAQ-100_companies,
2024-Q4,CMCSA,1,unchanged,wikipedia:Historical_components_of_the_Nasdaq-100+List_of_NASDAQ-100_companies,
2024-Q4,COST,1,unchanged,wikipedia:Historical_components_of_the_Nasdaq-100+List_of_NASDAQ-100_companies,
2024-Q4,CPRT,1,unchanged,wikipedia:Historical_components_of_the_Nasdaq-100+List_of_NASDAQ-100_companies,
2024-Q4,CRWD,1,unchanged,wikipedia:Historical_components_of_the_Nasdaq-100+List_of_NASDAQ-100_companies,
2024-Q4,CSCO,1,unchanged,wikipedia:Historical_components_of_the_Nasdaq-100+List_of_NASDAQ-100_companies,
2024-Q4,CSGP,1,unchanged,wikipedia:Historical_components_of_the_Nasdaq-100+List_of_NASDAQ-100_companies,
2024-Q4,CSX,1,unchanged,wikipedia:Historical_components_of_the_Nasdaq-100+List_of_NASDAQ-100_companies,
2024-Q4,CTAS,1,unchanged,wikipedia:Historical_components_of_the_Nasdaq-100+List_of_NASDAQ-100_companies,
2024-Q4,CTSH,1,unchanged,wikipedia:Historical_components_of_the_Nasdaq-100+List_of_NASDAQ-100_companies,
2024-Q4,DASH,1,unchanged,wikipedia:Historical_components_of_the_Nasdaq-100+List_of_NASDAQ-100_companies,
2024-Q4,DDOG,1,unchanged,wikipedia:Historical_components_of_the_Nasdaq-100+List_of_NASDAQ-100_companies,
2024-Q4,DXCM,1,unchanged,wikipedia:Historical_components_of_the_Nasdaq-100+List_of_NASDAQ-100_companies,
2024-Q4,EA,1,unchanged,wikipedia:Historical_components_of_the_Nasdaq-100+List_of_NASDAQ-100_companies,
2024-Q4,EXC,1,unchanged,wikipedia:Historical_components_of_the_Nasdaq-100+List_of_NASDAQ-100_companies,
2024-Q4,FANG,1,unchanged,wikipedia:Historical_components_of_the_Nasdaq-100+List_of_NASDAQ-100_companies,
2024-Q4,FAST,1,unchanged,wikipedia:Historical_components_of_the_Nasdaq-100+List_of_NASDAQ-100_companies,
2024-Q4,FTNT,1,unchanged,wikipedia:Historical_components_of_the_Nasdaq-100+List_of_NASDAQ-100_companies,
2024-Q4,GEHC,1,unchanged,wikipedia:Historical_components_of_the_Nasdaq-100+List_of_NASDAQ-100_companies,
2024-Q4,GFS,1,unchanged,wikipedia:Historical_components_of_the_Nasdaq-100+List_of_NASDAQ-100_companies,
2024-Q4,GILD,1,unchanged,wikipedia:Historical_components_of_the_Nasdaq-100+List_of_NASDAQ-100_companies,
2024-Q4,GOOG,1,unchanged,wikipedia:Historical_components_of_the_Nasdaq-100+List_of_NASDAQ-100_companies,
2024-Q4,GOOGL,1,unchanged,wikipedia:Historical_components_of_the_Nasdaq-100+List_of_NASDAQ-100_companies,
2024-Q4,HON,1,unchanged,wikipedia:Historical_components_of_the_Nasdaq-100+List_of_NASDAQ-100_companies,
2024-Q4,IDXX,1,unchanged,wikipedia:Historical_components_of_the_Nasdaq-100+List_of_NASDAQ-100_companies,
2024-Q4,INTC,1,unchanged,wikipedia:Historical_components_of_the_Nasdaq-100+List_of_NASDAQ-100_companies,
2024-Q4,INTU,1,unchanged,wikipedia:Historical_components_of_the_Nasdaq-100+List_of_NASDAQ-100_companies,
2024-Q4,ISRG,1,unchanged,wikipedia:Historical_components_of_the_Nasdaq-100+List_of_NASDAQ-100_companies,
2024-Q4,KDP,1,unchanged,wikipedia:Historical_components_of_the_Nasdaq-100+List_of_NASDAQ-100_companies,
2024-Q4,KHC,1,unchanged,wikipedia:Historical_components_of_the_Nasdaq-100+List_of_NASDAQ-100_companies,
2024-Q4,KLAC,1,unchanged,wikipedia:Historical_components_of_the_Nasdaq-100+List_of_NASDAQ-100_companies,
2024-Q4,LIN,1,unchanged,wikipedia:Historical_components_of_the_Nasdaq-100+List_of_NASDAQ-100_companies,
2024-Q4,LRCX,1,unchanged,wikipedia:Historical_components_of_the_Nasdaq-100+List_of_NASDAQ-100_companies,
2024-Q4,LULU,1,unchanged,wikipedia:Historical_components_of_the_Nasdaq-100+List_of_NASDAQ-100_companies,
2024-Q4,MAR,1,unchanged,wikipedia:Historical_components_of_the_Nasdaq-100+List_of_NASDAQ-100_companies,
2024-Q4,MCHP,1,unchanged,wikipedia:Historical_components_of_the_Nasdaq-100+List_of_NASDAQ-100_companies,
2024-Q4,MDB,1,unchanged,wikipedia:Historical_components_of_the_Nasdaq-100+List_of_NASDAQ-100_companies,
2024-Q4,MDLZ,1,unchanged,wikipedia:Historical_components_of_the_Nasdaq-100+List_of_NASDAQ-100_companies,
2024-Q4,MELI,1,unchanged,wikipedia:Historical_components_of_the_Nasdaq-100+List_of_NASDAQ-100_companies,
2024-Q4,META,1,unchanged,wikipedia:Historical_components_of_the_Nasdaq-100+List_of_NASDAQ-100_companies,
2024-Q4,MNST,1,unchanged,wikipedia:Historical_components_of_the_Nasdaq-100+List_of_NASDAQ-100_companies,
2024-Q4,MRVL,1,unchanged,wikipedia:Historical_components_of_the_Nasdaq-100+List_of_NASDAQ-100_companies,
2024-Q4,MSFT,1,unchanged,wikipedia:Historical_components_of_the_Nasdaq-100+List_of_NASDAQ-100_companies,
2024-Q4,MSTR,1,added,wikipedia:Historical_components_of_the_Nasdaq-100+List_of_NASDAQ-100_companies,
2024-Q4,MU,1,unchanged,wikipedia:Historical_components_of_the_Nasdaq-100+List_of_NASDAQ-100_companies,
2024-Q4,NFLX,1,unchanged,wikipedia:Historical_components_of_the_Nasdaq-100+List_of_NASDAQ-100_companies,
2024-Q4,NVDA,1,unchanged,wikipedia:Historical_components_of_the_Nasdaq-100+List_of_NASDAQ-100_companies,
2024-Q4,NXPI,1,unchanged,wikipedia:Historical_components_of_the_Nasdaq-100+List_of_NASDAQ-100_companies,
2024-Q4,ODFL,1,unchanged,wikipedia:Historical_components_of_the_Nasdaq-100+List_of_NASDAQ-100_companies,
2024-Q4,ON,1,unchanged,wikipedia:Historical_components_of_the_Nasdaq-100+List_of_NASDAQ-100_companies,
2024-Q4,ORLY,1,unchanged,wikipedia:Historical_components_of_the_Nasdaq-100+List_of_NASDAQ-100_companies,
2024-Q4,PANW,1,unchanged,wikipedia:Historical_components_of_the_Nasdaq-100+List_of_NASDAQ-100_companies,
2024-Q4,PAYX,1,unchanged,wikipedia:Historical_components_of_the_Nasdaq-100+List_of_NASDAQ-100_companies,
2024-Q4,PCAR,1,unchanged,wikipedia:Historical_components_of_the_Nasdaq-100+List_of_NASDAQ-100_companies,
2024-Q4,PDD,1,unchanged,wikipedia:Historical_components_of_the_Nasdaq-100+List_of_NASDAQ-100_companies,
2024-Q4,PEP,1,unchanged,wikipedia:Historical_components_of_the_Nasdaq-100+List_of_NASDAQ-100_companies,
2024-Q4,PLTR,1,added,wikipedia:Historical_components_of_the_Nasdaq-100+List_of_NASDAQ-100_companies,
2024-Q4,PYPL,1,unchanged,wikipedia:Historical_components_of_the_Nasdaq-100+List_of_NASDAQ-100_companies,
2024-Q4,QCOM,1,unchanged,wikipedia:Historical_components_of_the_Nasdaq-100+List_of_NASDAQ-100_companies,
2024-Q4,REGN,1,unchanged,wikipedia:Historical_components_of_the_Nasdaq-100+List_of_NASDAQ-100_companies,
2024-Q4,ROP,1,unchanged,wikipedia:Historical_components_of_the_Nasdaq-100+List_of_NASDAQ-100_companies,
2024-Q4,ROST,1,unchanged,wikipedia:Historical_components_of_the_Nasdaq-100+List_of_NASDAQ-100_companies,
2024-Q4,SBUX,1,unchanged,wikipedia:Historical_components_of_the_Nasdaq-100+List_of_NASDAQ-100_companies,
2024-Q4,SNPS,1,unchanged,wikipedia:Historical_components_of_the_Nasdaq-100+List_of_NASDAQ-100_companies,
2024-Q4,TEAM,1,unchanged,wikipedia:Historical_components_of_the_Nasdaq-100+List_of_NASDAQ-100_companies,
2024-Q4,TMUS,1,unchanged,wikipedia:Historical_components_of_the_Nasdaq-100+List_of_NASDAQ-100_companies,
2024-Q4,TSLA,1,unchanged,wikipedia:Historical_components_of_the_Nasdaq-100+List_of_NASDAQ-100_companies,
2024-Q4,TTD,1,unchanged,wikipedia:Historical_components_of_the_Nasdaq-100+List_of_NASDAQ-100_companies,
2024-Q4,TTWO,1,unchanged,wikipedia:Historical_components_of_the_Nasdaq-100+List_of_NASDAQ-100_companies,
2024-Q4,TXN,1,unchanged,wikipedia:Historical_components_of_the_Nasdaq-100+List_of_NASDAQ-100_companies,
2024-Q4,VRSK,1,unchanged,wikipedia:Historical_components_of_the_Nasdaq-100+List_of_NASDAQ-100_companies,
2024-Q4,VRTX,1,unchanged,wikipedia:Historical_components_of_the_Nasdaq-100+List_of_NASDAQ-100_companies,
2024-Q4,WBD,1,unchanged,wikipedia:Historical_components_of_the_Nasdaq-100+List_of_NASDAQ-100_companies,
2024-Q4,WDAY,1,unchanged,wikipedia:Historical_components_of_the_Nasdaq-100+List_of_NASDAQ-100_companies,
2024-Q4,XEL,1,unchanged,wikipedia:Historical_components_of_the_Nasdaq-100+List_of_NASDAQ-100_companies,
2024-Q4,ZS,1,unchanged,wikipedia:Historical_components_of_the_Nasdaq-100+List_of_NASDAQ-100_companies,
2024-Q4,DLTR,0,removed,wikipedia:Historical_components_of_the_Nasdaq-100+List_of_NASDAQ-100_companies,
2024-Q4,ILMN,0,removed,wikipedia:Historical_components_of_the_Nasdaq-100+List_of_NASDAQ-100_companies,
2024-Q4,MRNA,0,removed,wikipedia:Historical_components_of_the_Nasdaq-100+List_of_NASDAQ-100_companies,
2024-Q4,SMCI,0,removed,wikipedia:Historical_components_of_the_Nasdaq-100+List_of_NASDAQ-100_companies,
2025-Q1,AAPL,1,unchanged,wikipedia:Historical_components_of_the_Nasdaq-100+List_of_NASDAQ-100_companies,
2025-Q1,ABNB,1,unchanged,wikipedia:Historical_components_of_the_Nasdaq-100+List_of_NASDAQ-100_companies,
2025-Q1,ADBE,1,unchanged,wikipedia:Historical_components_of_the_Nasdaq-100+List_of_NASDAQ-100_companies,
2025-Q1,ADI,1,unchanged,wikipedia:Historical_components_of_the_Nasdaq-100+List_of_NASDAQ-100_companies,
2025-Q1,ADP,1,unchanged,wikipedia:Historical_components_of_the_Nasdaq-100+List_of_NASDAQ-100_companies,
2025-Q1,ADSK,1,unchanged,wikipedia:Historical_components_of_the_Nasdaq-100+List_of_NASDAQ-100_companies,
2025-Q1,AEP,1,unchanged,wikipedia:Historical_components_of_the_Nasdaq-100+List_of_NASDAQ-100_companies,
2025-Q1,AMAT,1,unchanged,wikipedia:Historical_components_of_the_Nasdaq-100+List_of_NASDAQ-100_companies,
2025-Q1,AMD,1,unchanged,wikipedia:Historical_components_of_the_Nasdaq-100+List_of_NASDAQ-100_companies,
2025-Q1,AMGN,1,unchanged,wikipedia:Historical_components_of_the_Nasdaq-100+List_of_NASDAQ-100_companies,
2025-Q1,AMZN,1,unchanged,wikipedia:Historical_components_of_the_Nasdaq-100+List_of_NASDAQ-100_companies,
2025-Q1,ANSS,1,unchanged,wikipedia:Historical_components_of_the_Nasdaq-100+List_of_NASDAQ-100_companies,
2025-Q1,APP,1,unchanged,wikipedia:Historical_components_of_the_Nasdaq-100+List_of_NASDAQ-100_companies,
2025-Q1,ARM,1,unchanged,wikipedia:Historical_components_of_the_Nasdaq-100+List_of_NASDAQ-100_companies,
2025-Q1,ASML,1,unchanged,wikipedia:Historical_components_of_the_Nasdaq-100+List_of_NASDAQ-100_companies,
2025-Q1,AVGO,1,unchanged,wikipedia:Historical_components_of_the_Nasdaq-100+List_of_NASDAQ-100_companies,
2025-Q1,AXON,1,unchanged,wikipedia:Historical_components_of_the_Nasdaq-100+List_of_NASDAQ-100_companies,
2025-Q1,AZN,1,unchanged,wikipedia:Historical_components_of_the_Nasdaq-100+List_of_NASDAQ-100_companies,
2025-Q1,BIIB,1,unchanged,wikipedia:Historical_components_of_the_Nasdaq-100+List_of_NASDAQ-100_companies,
2025-Q1,BKNG,1,unchanged,wikipedia:Historical_components_of_the_Nasdaq-100+List_of_NASDAQ-100_companies,
2025-Q1,BKR,1,unchanged,wikipedia:Historical_components_of_the_Nasdaq-100+List_of_NASDAQ-100_companies,
2025-Q1,CCEP,1,unchanged,wikipedia:Historical_components_of_the_Nasdaq-100+List_of_NASDAQ-100_companies,
2025-Q1,CDNS,1,unchanged,wikipedia:Historical_components_of_the_Nasdaq-100+List_of_NASDAQ-100_companies,
2025-Q1,CDW,1,unchanged,wikipedia:Historical_components_of_the_Nasdaq-100+List_of_NASDAQ-100_companies,
2025-Q1,CEG,1,unchanged,wikipedia:Historical_components_of_the_Nasdaq-100+List_of_NASDAQ-100_companies,
2025-Q1,CHTR,1,unchanged,wikipedia:Historical_components_of_the_Nasdaq-100+List_of_NASDAQ-100_companies,
2025-Q1,CMCSA,1,unchanged,wikipedia:Historical_components_of_the_Nasdaq-100+List_of_NASDAQ-100_companies,
2025-Q1,COST,1,unchanged,wikipedia:Historical_components_of_the_Nasdaq-100+List_of_NASDAQ-100_companies,
2025-Q1,CPRT,1,unchanged,wikipedia:Historical_components_of_the_Nasdaq-100+List_of_NASDAQ-100_companies,
2025-Q1,CRWD,1,unchanged,wikipedia:Historical_components_of_the_Nasdaq-100+List_of_NASDAQ-100_companies,
2025-Q1,CSCO,1,unchanged,wikipedia:Historical_components_of_the_Nasdaq-100+List_of_NASDAQ-100_companies,
2025-Q1,CSGP,1,unchanged,wikipedia:Historical_components_of_the_Nasdaq-100+List_of_NASDAQ-100_companies,
2025-Q1,CSX,1,unchanged,wikipedia:Historical_components_of_the_Nasdaq-100+List_of_NASDAQ-100_companies,
2025-Q1,CTAS,1,unchanged,wikipedia:Historical_components_of_the_Nasdaq-100+List_of_NASDAQ-100_companies,
2025-Q1,CTSH,1,unchanged,wikipedia:Historical_components_of_the_Nasdaq-100+List_of_NASDAQ-100_companies,
2025-Q1,DASH,1,unchanged,wikipedia:Historical_components_of_the_Nasdaq-100+List_of_NASDAQ-100_companies,
2025-Q1,DDOG,1,unchanged,wikipedia:Historical_components_of_the_Nasdaq-100+List_of_NASDAQ-100_companies,
2025-Q1,DXCM,1,unchanged,wikipedia:Historical_components_of_the_Nasdaq-100+List_of_NASDAQ-100_companies,
2025-Q1,EA,1,unchanged,wikipedia:Historical_components_of_the_Nasdaq-100+List_of_NASDAQ-100_companies,
2025-Q1,EXC,1,unchanged,wikipedia:Historical_components_of_the_Nasdaq-100+List_of_NASDAQ-100_companies,
2025-Q1,FANG,1,unchanged,wikipedia:Historical_components_of_the_Nasdaq-100+List_of_NASDAQ-100_companies,
2025-Q1,FAST,1,unchanged,wikipedia:Historical_components_of_the_Nasdaq-100+List_of_NASDAQ-100_companies,
2025-Q1,FTNT,1,unchanged,wikipedia:Historical_components_of_the_Nasdaq-100+List_of_NASDAQ-100_companies,
2025-Q1,GEHC,1,unchanged,wikipedia:Historical_components_of_the_Nasdaq-100+List_of_NASDAQ-100_companies,
2025-Q1,GFS,1,unchanged,wikipedia:Historical_components_of_the_Nasdaq-100+List_of_NASDAQ-100_companies,
2025-Q1,GILD,1,unchanged,wikipedia:Historical_components_of_the_Nasdaq-100+List_of_NASDAQ-100_companies,
2025-Q1,GOOG,1,unchanged,wikipedia:Historical_components_of_the_Nasdaq-100+List_of_NASDAQ-100_companies,
2025-Q1,GOOGL,1,unchanged,wikipedia:Historical_components_of_the_Nasdaq-100+List_of_NASDAQ-100_companies,
2025-Q1,HON,1,unchanged,wikipedia:Historical_components_of_the_Nasdaq-100+List_of_NASDAQ-100_companies,
2025-Q1,IDXX,1,unchanged,wikipedia:Historical_components_of_the_Nasdaq-100+List_of_NASDAQ-100_companies,
2025-Q1,INTC,1,unchanged,wikipedia:Historical_components_of_the_Nasdaq-100+List_of_NASDAQ-100_companies,
2025-Q1,INTU,1,unchanged,wikipedia:Historical_components_of_the_Nasdaq-100+List_of_NASDAQ-100_companies,
2025-Q1,ISRG,1,unchanged,wikipedia:Historical_components_of_the_Nasdaq-100+List_of_NASDAQ-100_companies,
2025-Q1,KDP,1,unchanged,wikipedia:Historical_components_of_the_Nasdaq-100+List_of_NASDAQ-100_companies,
2025-Q1,KHC,1,unchanged,wikipedia:Historical_components_of_the_Nasdaq-100+List_of_NASDAQ-100_companies,
2025-Q1,KLAC,1,unchanged,wikipedia:Historical_components_of_the_Nasdaq-100+List_of_NASDAQ-100_companies,
2025-Q1,LIN,1,unchanged,wikipedia:Historical_components_of_the_Nasdaq-100+List_of_NASDAQ-100_companies,
2025-Q1,LRCX,1,unchanged,wikipedia:Historical_components_of_the_Nasdaq-100+List_of_NASDAQ-100_companies,
2025-Q1,LULU,1,unchanged,wikipedia:Historical_components_of_the_Nasdaq-100+List_of_NASDAQ-100_companies,
2025-Q1,MAR,1,unchanged,wikipedia:Historical_components_of_the_Nasdaq-100+List_of_NASDAQ-100_companies,
2025-Q1,MCHP,1,unchanged,wikipedia:Historical_components_of_the_Nasdaq-100+List_of_NASDAQ-100_companies,
2025-Q1,MDB,1,unchanged,wikipedia:Historical_components_of_the_Nasdaq-100+List_of_NASDAQ-100_companies,
2025-Q1,MDLZ,1,unchanged,wikipedia:Historical_components_of_the_Nasdaq-100+List_of_NASDAQ-100_companies,
2025-Q1,MELI,1,unchanged,wikipedia:Historical_components_of_the_Nasdaq-100+List_of_NASDAQ-100_companies,
2025-Q1,META,1,unchanged,wikipedia:Historical_components_of_the_Nasdaq-100+List_of_NASDAQ-100_companies,
2025-Q1,MNST,1,unchanged,wikipedia:Historical_components_of_the_Nasdaq-100+List_of_NASDAQ-100_companies,
2025-Q1,MRVL,1,unchanged,wikipedia:Historical_components_of_the_Nasdaq-100+List_of_NASDAQ-100_companies,
2025-Q1,MSFT,1,unchanged,wikipedia:Historical_components_of_the_Nasdaq-100+List_of_NASDAQ-100_companies,
2025-Q1,MSTR,1,unchanged,wikipedia:Historical_components_of_the_Nasdaq-100+List_of_NASDAQ-100_companies,
2025-Q1,MU,1,unchanged,wikipedia:Historical_components_of_the_Nasdaq-100+List_of_NASDAQ-100_companies,
2025-Q1,NFLX,1,unchanged,wikipedia:Historical_components_of_the_Nasdaq-100+List_of_NASDAQ-100_companies,
2025-Q1,NVDA,1,unchanged,wikipedia:Historical_components_of_the_Nasdaq-100+List_of_NASDAQ-100_companies,
2025-Q1,NXPI,1,unchanged,wikipedia:Historical_components_of_the_Nasdaq-100+List_of_NASDAQ-100_companies,
2025-Q1,ODFL,1,unchanged,wikipedia:Historical_components_of_the_Nasdaq-100+List_of_NASDAQ-100_companies,
2025-Q1,ON,1,unchanged,wikipedia:Historical_components_of_the_Nasdaq-100+List_of_NASDAQ-100_companies,
2025-Q1,ORLY,1,unchanged,wikipedia:Historical_components_of_the_Nasdaq-100+List_of_NASDAQ-100_companies,
2025-Q1,PANW,1,unchanged,wikipedia:Historical_components_of_the_Nasdaq-100+List_of_NASDAQ-100_companies,
2025-Q1,PAYX,1,unchanged,wikipedia:Historical_components_of_the_Nasdaq-100+List_of_NASDAQ-100_companies,
2025-Q1,PCAR,1,unchanged,wikipedia:Historical_components_of_the_Nasdaq-100+List_of_NASDAQ-100_companies,
2025-Q1,PDD,1,unchanged,wikipedia:Historical_components_of_the_Nasdaq-100+List_of_NASDAQ-100_companies,
2025-Q1,PEP,1,unchanged,wikipedia:Historical_components_of_the_Nasdaq-100+List_of_NASDAQ-100_companies,
2025-Q1,PLTR,1,unchanged,wikipedia:Historical_components_of_the_Nasdaq-100+List_of_NASDAQ-100_companies,
2025-Q1,PYPL,1,unchanged,wikipedia:Historical_components_of_the_Nasdaq-100+List_of_NASDAQ-100_companies,
2025-Q1,QCOM,1,unchanged,wikipedia:Historical_components_of_the_Nasdaq-100+List_of_NASDAQ-100_companies,
2025-Q1,REGN,1,unchanged,wikipedia:Historical_components_of_the_Nasdaq-100+List_of_NASDAQ-100_companies,
2025-Q1,ROP,1,unchanged,wikipedia:Historical_components_of_the_Nasdaq-100+List_of_NASDAQ-100_companies,
2025-Q1,ROST,1,unchanged,wikipedia:Historical_components_of_the_Nasdaq-100+List_of_NASDAQ-100_companies,
2025-Q1,SBUX,1,unchanged,wikipedia:Historical_components_of_the_Nasdaq-100+List_of_NASDAQ-100_companies,
2025-Q1,SNPS,1,unchanged,wikipedia:Historical_components_of_the_Nasdaq-100+List_of_NASDAQ-100_companies,
2025-Q1,TEAM,1,unchanged,wikipedia:Historical_components_of_the_Nasdaq-100+List_of_NASDAQ-100_companies,
2025-Q1,TMUS,1,unchanged,wikipedia:Historical_components_of_the_Nasdaq-100+List_of_NASDAQ-100_companies,
2025-Q1,TSLA,1,unchanged,wikipedia:Historical_components_of_the_Nasdaq-100+List_of_NASDAQ-100_companies,
2025-Q1,TTD,1,unchanged,wikipedia:Historical_components_of_the_Nasdaq-100+List_of_NASDAQ-100_companies,
2025-Q1,TTWO,1,unchanged,wikipedia:Historical_components_of_the_Nasdaq-100+List_of_NASDAQ-100_companies,
2025-Q1,TXN,1,unchanged,wikipedia:Historical_components_of_the_Nasdaq-100+List_of_NASDAQ-100_companies,
2025-Q1,VRSK,1,unchanged,wikipedia:Historical_components_of_the_Nasdaq-100+List_of_NASDAQ-100_companies,
2025-Q1,VRTX,1,unchanged,wikipedia:Historical_components_of_the_Nasdaq-100+List_of_NASDAQ-100_companies,
2025-Q1,WBD,1,unchanged,wikipedia:Historical_components_of_the_Nasdaq-100+List_of_NASDAQ-100_companies,
2025-Q1,WDAY,1,unchanged,wikipedia:Historical_components_of_the_Nasdaq-100+List_of_NASDAQ-100_companies,
2025-Q1,XEL,1,unchanged,wikipedia:Historical_components_of_the_Nasdaq-100+List_of_NASDAQ-100_companies,
2025-Q1,ZS,1,unchanged,wikipedia:Historical_components_of_the_Nasdaq-100+List_of_NASDAQ-100_companies,
2025-Q2,AAPL,1,unchanged,wikipedia:Historical_components_of_the_Nasdaq-100+List_of_NASDAQ-100_companies,
2025-Q2,ABNB,1,unchanged,wikipedia:Historical_components_of_the_Nasdaq-100+List_of_NASDAQ-100_companies,
2025-Q2,ADBE,1,unchanged,wikipedia:Historical_components_of_the_Nasdaq-100+List_of_NASDAQ-100_companies,
2025-Q2,ADI,1,unchanged,wikipedia:Historical_components_of_the_Nasdaq-100+List_of_NASDAQ-100_companies,
2025-Q2,ADP,1,unchanged,wikipedia:Historical_components_of_the_Nasdaq-100+List_of_NASDAQ-100_companies,
2025-Q2,ADSK,1,unchanged,wikipedia:Historical_components_of_the_Nasdaq-100+List_of_NASDAQ-100_companies,
2025-Q2,AEP,1,unchanged,wikipedia:Historical_components_of_the_Nasdaq-100+List_of_NASDAQ-100_companies,
2025-Q2,AMAT,1,unchanged,wikipedia:Historical_components_of_the_Nasdaq-100+List_of_NASDAQ-100_companies,
2025-Q2,AMD,1,unchanged,wikipedia:Historical_components_of_the_Nasdaq-100+List_of_NASDAQ-100_companies,
2025-Q2,AMGN,1,unchanged,wikipedia:Historical_components_of_the_Nasdaq-100+List_of_NASDAQ-100_companies,
2025-Q2,AMZN,1,unchanged,wikipedia:Historical_components_of_the_Nasdaq-100+List_of_NASDAQ-100_companies,
2025-Q2,ANSS,1,unchanged,wikipedia:Historical_components_of_the_Nasdaq-100+List_of_NASDAQ-100_companies,
2025-Q2,APP,1,unchanged,wikipedia:Historical_components_of_the_Nasdaq-100+List_of_NASDAQ-100_companies,
2025-Q2,ARM,1,unchanged,wikipedia:Historical_components_of_the_Nasdaq-100+List_of_NASDAQ-100_companies,
2025-Q2,ASML,1,unchanged,wikipedia:Historical_components_of_the_Nasdaq-100+List_of_NASDAQ-100_companies,
2025-Q2,AVGO,1,unchanged,wikipedia:Historical_components_of_the_Nasdaq-100+List_of_NASDAQ-100_companies,
2025-Q2,AXON,1,unchanged,wikipedia:Historical_components_of_the_Nasdaq-100+List_of_NASDAQ-100_companies,
2025-Q2,AZN,1,unchanged,wikipedia:Historical_components_of_the_Nasdaq-100+List_of_NASDAQ-100_companies,
2025-Q2,BIIB,1,unchanged,wikipedia:Historical_components_of_the_Nasdaq-100+List_of_NASDAQ-100_companies,
2025-Q2,BKNG,1,unchanged,wikipedia:Historical_components_of_the_Nasdaq-100+List_of_NASDAQ-100_companies,
2025-Q2,BKR,1,unchanged,wikipedia:Historical_components_of_the_Nasdaq-100+List_of_NASDAQ-100_companies,
2025-Q2,CCEP,1,unchanged,wikipedia:Historical_components_of_the_Nasdaq-100+List_of_NASDAQ-100_companies,
2025-Q2,CDNS,1,unchanged,wikipedia:Historical_components_of_the_Nasdaq-100+List_of_NASDAQ-100_companies,
2025-Q2,CDW,1,unchanged,wikipedia:Historical_components_of_the_Nasdaq-100+List_of_NASDAQ-100_companies,
2025-Q2,CEG,1,unchanged,wikipedia:Historical_components_of_the_Nasdaq-100+List_of_NASDAQ-100_companies,
2025-Q2,CHTR,1,unchanged,wikipedia:Historical_components_of_the_Nasdaq-100+List_of_NASDAQ-100_companies,
2025-Q2,CMCSA,1,unchanged,wikipedia:Historical_components_of_the_Nasdaq-100+List_of_NASDAQ-100_companies,
2025-Q2,COST,1,unchanged,wikipedia:Historical_components_of_the_Nasdaq-100+List_of_NASDAQ-100_companies,
2025-Q2,CPRT,1,unchanged,wikipedia:Historical_components_of_the_Nasdaq-100+List_of_NASDAQ-100_companies,
2025-Q2,CRWD,1,unchanged,wikipedia:Historical_components_of_the_Nasdaq-100+List_of_NASDAQ-100_companies,
2025-Q2,CSCO,1,unchanged,wikipedia:Historical_components_of_the_Nasdaq-100+List_of_NASDAQ-100_companies,
2025-Q2,CSGP,1,unchanged,wikipedia:Historical_components_of_the_Nasdaq-100+List_of_NASDAQ-100_companies,
2025-Q2,CSX,1,unchanged,wikipedia:Historical_components_of_the_Nasdaq-100+List_of_NASDAQ-100_companies,
2025-Q2,CTAS,1,unchanged,wikipedia:Historical_components_of_the_Nasdaq-100+List_of_NASDAQ-100_companies,
2025-Q2,CTSH,1,unchanged,wikipedia:Historical_components_of_the_Nasdaq-100+List_of_NASDAQ-100_companies,
2025-Q2,DASH,1,unchanged,wikipedia:Historical_components_of_the_Nasdaq-100+List_of_NASDAQ-100_companies,
2025-Q2,DDOG,1,unchanged,wikipedia:Historical_components_of_the_Nasdaq-100+List_of_NASDAQ-100_companies,
2025-Q2,DXCM,1,unchanged,wikipedia:Historical_components_of_the_Nasdaq-100+List_of_NASDAQ-100_companies,
2025-Q2,EA,1,unchanged,wikipedia:Historical_components_of_the_Nasdaq-100+List_of_NASDAQ-100_companies,
2025-Q2,EXC,1,unchanged,wikipedia:Historical_components_of_the_Nasdaq-100+List_of_NASDAQ-100_companies,
2025-Q2,FANG,1,unchanged,wikipedia:Historical_components_of_the_Nasdaq-100+List_of_NASDAQ-100_companies,
2025-Q2,FAST,1,unchanged,wikipedia:Historical_components_of_the_Nasdaq-100+List_of_NASDAQ-100_companies,
2025-Q2,FTNT,1,unchanged,wikipedia:Historical_components_of_the_Nasdaq-100+List_of_NASDAQ-100_companies,
2025-Q2,GEHC,1,unchanged,wikipedia:Historical_components_of_the_Nasdaq-100+List_of_NASDAQ-100_companies,
2025-Q2,GFS,1,unchanged,wikipedia:Historical_components_of_the_Nasdaq-100+List_of_NASDAQ-100_companies,
2025-Q2,GILD,1,unchanged,wikipedia:Historical_components_of_the_Nasdaq-100+List_of_NASDAQ-100_companies,
2025-Q2,GOOG,1,unchanged,wikipedia:Historical_components_of_the_Nasdaq-100+List_of_NASDAQ-100_companies,
2025-Q2,GOOGL,1,unchanged,wikipedia:Historical_components_of_the_Nasdaq-100+List_of_NASDAQ-100_companies,
2025-Q2,HON,1,unchanged,wikipedia:Historical_components_of_the_Nasdaq-100+List_of_NASDAQ-100_companies,
2025-Q2,IDXX,1,unchanged,wikipedia:Historical_components_of_the_Nasdaq-100+List_of_NASDAQ-100_companies,
2025-Q2,INTC,1,unchanged,wikipedia:Historical_components_of_the_Nasdaq-100+List_of_NASDAQ-100_companies,
2025-Q2,INTU,1,unchanged,wikipedia:Historical_components_of_the_Nasdaq-100+List_of_NASDAQ-100_companies,
2025-Q2,ISRG,1,unchanged,wikipedia:Historical_components_of_the_Nasdaq-100+List_of_NASDAQ-100_companies,
2025-Q2,KDP,1,unchanged,wikipedia:Historical_components_of_the_Nasdaq-100+List_of_NASDAQ-100_companies,
2025-Q2,KHC,1,unchanged,wikipedia:Historical_components_of_the_Nasdaq-100+List_of_NASDAQ-100_companies,
2025-Q2,KLAC,1,unchanged,wikipedia:Historical_components_of_the_Nasdaq-100+List_of_NASDAQ-100_companies,
2025-Q2,LIN,1,unchanged,wikipedia:Historical_components_of_the_Nasdaq-100+List_of_NASDAQ-100_companies,
2025-Q2,LRCX,1,unchanged,wikipedia:Historical_components_of_the_Nasdaq-100+List_of_NASDAQ-100_companies,
2025-Q2,LULU,1,unchanged,wikipedia:Historical_components_of_the_Nasdaq-100+List_of_NASDAQ-100_companies,
2025-Q2,MAR,1,unchanged,wikipedia:Historical_components_of_the_Nasdaq-100+List_of_NASDAQ-100_companies,
2025-Q2,MCHP,1,unchanged,wikipedia:Historical_components_of_the_Nasdaq-100+List_of_NASDAQ-100_companies,
2025-Q2,MDLZ,1,unchanged,wikipedia:Historical_components_of_the_Nasdaq-100+List_of_NASDAQ-100_companies,
2025-Q2,MELI,1,unchanged,wikipedia:Historical_components_of_the_Nasdaq-100+List_of_NASDAQ-100_companies,
2025-Q2,META,1,unchanged,wikipedia:Historical_components_of_the_Nasdaq-100+List_of_NASDAQ-100_companies,
2025-Q2,MNST,1,unchanged,wikipedia:Historical_components_of_the_Nasdaq-100+List_of_NASDAQ-100_companies,
2025-Q2,MRVL,1,unchanged,wikipedia:Historical_components_of_the_Nasdaq-100+List_of_NASDAQ-100_companies,
2025-Q2,MSFT,1,unchanged,wikipedia:Historical_components_of_the_Nasdaq-100+List_of_NASDAQ-100_companies,
2025-Q2,MSTR,1,unchanged,wikipedia:Historical_components_of_the_Nasdaq-100+List_of_NASDAQ-100_companies,
2025-Q2,MU,1,unchanged,wikipedia:Historical_components_of_the_Nasdaq-100+List_of_NASDAQ-100_companies,
2025-Q2,NFLX,1,unchanged,wikipedia:Historical_components_of_the_Nasdaq-100+List_of_NASDAQ-100_companies,
2025-Q2,NVDA,1,unchanged,wikipedia:Historical_components_of_the_Nasdaq-100+List_of_NASDAQ-100_companies,
2025-Q2,NXPI,1,unchanged,wikipedia:Historical_components_of_the_Nasdaq-100+List_of_NASDAQ-100_companies,
2025-Q2,ODFL,1,unchanged,wikipedia:Historical_components_of_the_Nasdaq-100+List_of_NASDAQ-100_companies,
2025-Q2,ON,1,unchanged,wikipedia:Historical_components_of_the_Nasdaq-100+List_of_NASDAQ-100_companies,
2025-Q2,ORLY,1,unchanged,wikipedia:Historical_components_of_the_Nasdaq-100+List_of_NASDAQ-100_companies,
2025-Q2,PANW,1,unchanged,wikipedia:Historical_components_of_the_Nasdaq-100+List_of_NASDAQ-100_companies,
2025-Q2,PAYX,1,unchanged,wikipedia:Historical_components_of_the_Nasdaq-100+List_of_NASDAQ-100_companies,
2025-Q2,PCAR,1,unchanged,wikipedia:Historical_components_of_the_Nasdaq-100+List_of_NASDAQ-100_companies,
2025-Q2,PDD,1,unchanged,wikipedia:Historical_components_of_the_Nasdaq-100+List_of_NASDAQ-100_companies,
2025-Q2,PEP,1,unchanged,wikipedia:Historical_components_of_the_Nasdaq-100+List_of_NASDAQ-100_companies,
2025-Q2,PLTR,1,unchanged,wikipedia:Historical_components_of_the_Nasdaq-100+List_of_NASDAQ-100_companies,
2025-Q2,PYPL,1,unchanged,wikipedia:Historical_components_of_the_Nasdaq-100+List_of_NASDAQ-100_companies,
2025-Q2,QCOM,1,unchanged,wikipedia:Historical_components_of_the_Nasdaq-100+List_of_NASDAQ-100_companies,
2025-Q2,REGN,1,unchanged,wikipedia:Historical_components_of_the_Nasdaq-100+List_of_NASDAQ-100_companies,
2025-Q2,ROP,1,unchanged,wikipedia:Historical_components_of_the_Nasdaq-100+List_of_NASDAQ-100_companies,
2025-Q2,ROST,1,unchanged,wikipedia:Historical_components_of_the_Nasdaq-100+List_of_NASDAQ-100_companies,
2025-Q2,SBUX,1,unchanged,wikipedia:Historical_components_of_the_Nasdaq-100+List_of_NASDAQ-100_companies,
2025-Q2,SHOP,1,added,wikipedia:Historical_components_of_the_Nasdaq-100+List_of_NASDAQ-100_companies,
2025-Q2,SNPS,1,unchanged,wikipedia:Historical_components_of_the_Nasdaq-100+List_of_NASDAQ-100_companies,
2025-Q2,TEAM,1,unchanged,wikipedia:Historical_components_of_the_Nasdaq-100+List_of_NASDAQ-100_companies,
2025-Q2,TMUS,1,unchanged,wikipedia:Historical_components_of_the_Nasdaq-100+List_of_NASDAQ-100_companies,
2025-Q2,TSLA,1,unchanged,wikipedia:Historical_components_of_the_Nasdaq-100+List_of_NASDAQ-100_companies,
2025-Q2,TTD,1,unchanged,wikipedia:Historical_components_of_the_Nasdaq-100+List_of_NASDAQ-100_companies,
2025-Q2,TTWO,1,unchanged,wikipedia:Historical_components_of_the_Nasdaq-100+List_of_NASDAQ-100_companies,
2025-Q2,TXN,1,unchanged,wikipedia:Historical_components_of_the_Nasdaq-100+List_of_NASDAQ-100_companies,
2025-Q2,VRSK,1,unchanged,wikipedia:Historical_components_of_the_Nasdaq-100+List_of_NASDAQ-100_companies,
2025-Q2,VRTX,1,unchanged,wikipedia:Historical_components_of_the_Nasdaq-100+List_of_NASDAQ-100_companies,
2025-Q2,WBD,1,unchanged,wikipedia:Historical_components_of_the_Nasdaq-100+List_of_NASDAQ-100_companies,
2025-Q2,WDAY,1,unchanged,wikipedia:Historical_components_of_the_Nasdaq-100+List_of_NASDAQ-100_companies,
2025-Q2,XEL,1,unchanged,wikipedia:Historical_components_of_the_Nasdaq-100+List_of_NASDAQ-100_companies,
2025-Q2,ZS,1,unchanged,wikipedia:Historical_components_of_the_Nasdaq-100+List_of_NASDAQ-100_companies,
2025-Q2,MDB,0,removed,wikipedia:Historical_components_of_the_Nasdaq-100+List_of_NASDAQ-100_companies,
2025-Q3,AAPL,1,unchanged,wikipedia:Historical_components_of_the_Nasdaq-100+List_of_NASDAQ-100_companies,
2025-Q3,ABNB,1,unchanged,wikipedia:Historical_components_of_the_Nasdaq-100+List_of_NASDAQ-100_companies,
2025-Q3,ADBE,1,unchanged,wikipedia:Historical_components_of_the_Nasdaq-100+List_of_NASDAQ-100_companies,
2025-Q3,ADI,1,unchanged,wikipedia:Historical_components_of_the_Nasdaq-100+List_of_NASDAQ-100_companies,
2025-Q3,ADP,1,unchanged,wikipedia:Historical_components_of_the_Nasdaq-100+List_of_NASDAQ-100_companies,
2025-Q3,ADSK,1,unchanged,wikipedia:Historical_components_of_the_Nasdaq-100+List_of_NASDAQ-100_companies,
2025-Q3,AEP,1,unchanged,wikipedia:Historical_components_of_the_Nasdaq-100+List_of_NASDAQ-100_companies,
2025-Q3,AMAT,1,unchanged,wikipedia:Historical_components_of_the_Nasdaq-100+List_of_NASDAQ-100_companies,
2025-Q3,AMD,1,unchanged,wikipedia:Historical_components_of_the_Nasdaq-100+List_of_NASDAQ-100_companies,
2025-Q3,AMGN,1,unchanged,wikipedia:Historical_components_of_the_Nasdaq-100+List_of_NASDAQ-100_companies,
2025-Q3,AMZN,1,unchanged,wikipedia:Historical_components_of_the_Nasdaq-100+List_of_NASDAQ-100_companies,
2025-Q3,APP,1,unchanged,wikipedia:Historical_components_of_the_Nasdaq-100+List_of_NASDAQ-100_companies,
2025-Q3,ARM,1,unchanged,wikipedia:Historical_components_of_the_Nasdaq-100+List_of_NASDAQ-100_companies,
2025-Q3,ASML,1,unchanged,wikipedia:Historical_components_of_the_Nasdaq-100+List_of_NASDAQ-100_companies,
2025-Q3,AVGO,1,unchanged,wikipedia:Historical_components_of_the_Nasdaq-100+List_of_NASDAQ-100_companies,
2025-Q3,AXON,1,unchanged,wikipedia:Historical_components_of_the_Nasdaq-100+List_of_NASDAQ-100_companies,
2025-Q3,AZN,1,unchanged,wikipedia:Historical_components_of_the_Nasdaq-100+List_of_NASDAQ-100_companies,
2025-Q3,BIIB,1,unchanged,wikipedia:Historical_components_of_the_Nasdaq-100+List_of_NASDAQ-100_companies,
2025-Q3,BKNG,1,unchanged,wikipedia:Historical_components_of_the_Nasdaq-100+List_of_NASDAQ-100_companies,
2025-Q3,BKR,1,unchanged,wikipedia:Historical_components_of_the_Nasdaq-100+List_of_NASDAQ-100_companies,
2025-Q3,CCEP,1,unchanged,wikipedia:Historical_components_of_the_Nasdaq-100+List_of_NASDAQ-100_companies,
2025-Q3,CDNS,1,unchanged,wikipedia:Historical_components_of_the_Nasdaq-100+List_of_NASDAQ-100_companies,
2025-Q3,CDW,1,unchanged,wikipedia:Historical_components_of_the_Nasdaq-100+List_of_NASDAQ-100_companies,
2025-Q3,CEG,1,unchanged,wikipedia:Historical_components_of_the_Nasdaq-100+List_of_NASDAQ-100_companies,
2025-Q3,CHTR,1,unchanged,wikipedia:Historical_components_of_the_Nasdaq-100+List_of_NASDAQ-100_companies,
2025-Q3,CMCSA,1,unchanged,wikipedia:Historical_components_of_the_Nasdaq-100+List_of_NASDAQ-100_companies,
2025-Q3,COST,1,unchanged,wikipedia:Historical_components_of_the_Nasdaq-100+List_of_NASDAQ-100_companies,
2025-Q3,CPRT,1,unchanged,wikipedia:Historical_components_of_the_Nasdaq-100+List_of_NASDAQ-100_companies,
2025-Q3,CRWD,1,unchanged,wikipedia:Historical_components_of_the_Nasdaq-100+List_of_NASDAQ-100_companies,
2025-Q3,CSCO,1,unchanged,wikipedia:Historical_components_of_the_Nasdaq-100+List_of_NASDAQ-100_companies,
2025-Q3,CSGP,1,unchanged,wikipedia:Historical_components_of_the_Nasdaq-100+List_of_NASDAQ-100_companies,
2025-Q3,CSX,1,unchanged,wikipedia:Historical_components_of_the_Nasdaq-100+List_of_NASDAQ-100_companies,
2025-Q3,CTAS,1,unchanged,wikipedia:Historical_components_of_the_Nasdaq-100+List_of_NASDAQ-100_companies,
2025-Q3,CTSH,1,unchanged,wikipedia:Historical_components_of_the_Nasdaq-100+List_of_NASDAQ-100_companies,
2025-Q3,DASH,1,unchanged,wikipedia:Historical_components_of_the_Nasdaq-100+List_of_NASDAQ-100_companies,
2025-Q3,DDOG,1,unchanged,wikipedia:Historical_components_of_the_Nasdaq-100+List_of_NASDAQ-100_companies,
2025-Q3,DXCM,1,unchanged,wikipedia:Historical_components_of_the_Nasdaq-100+List_of_NASDAQ-100_companies,
2025-Q3,EA,1,unchanged,wikipedia:Historical_components_of_the_Nasdaq-100+List_of_NASDAQ-100_companies,
2025-Q3,EXC,1,unchanged,wikipedia:Historical_components_of_the_Nasdaq-100+List_of_NASDAQ-100_companies,
2025-Q3,FANG,1,unchanged,wikipedia:Historical_components_of_the_Nasdaq-100+List_of_NASDAQ-100_companies,
2025-Q3,FAST,1,unchanged,wikipedia:Historical_components_of_the_Nasdaq-100+List_of_NASDAQ-100_companies,
2025-Q3,FTNT,1,unchanged,wikipedia:Historical_components_of_the_Nasdaq-100+List_of_NASDAQ-100_companies,
2025-Q3,GEHC,1,unchanged,wikipedia:Historical_components_of_the_Nasdaq-100+List_of_NASDAQ-100_companies,
2025-Q3,GFS,1,unchanged,wikipedia:Historical_components_of_the_Nasdaq-100+List_of_NASDAQ-100_companies,
2025-Q3,GILD,1,unchanged,wikipedia:Historical_components_of_the_Nasdaq-100+List_of_NASDAQ-100_companies,
2025-Q3,GOOG,1,unchanged,wikipedia:Historical_components_of_the_Nasdaq-100+List_of_NASDAQ-100_companies,
2025-Q3,GOOGL,1,unchanged,wikipedia:Historical_components_of_the_Nasdaq-100+List_of_NASDAQ-100_companies,
2025-Q3,HON,1,unchanged,wikipedia:Historical_components_of_the_Nasdaq-100+List_of_NASDAQ-100_companies,
2025-Q3,IDXX,1,unchanged,wikipedia:Historical_components_of_the_Nasdaq-100+List_of_NASDAQ-100_companies,
2025-Q3,INTC,1,unchanged,wikipedia:Historical_components_of_the_Nasdaq-100+List_of_NASDAQ-100_companies,
2025-Q3,INTU,1,unchanged,wikipedia:Historical_components_of_the_Nasdaq-100+List_of_NASDAQ-100_companies,
2025-Q3,ISRG,1,unchanged,wikipedia:Historical_components_of_the_Nasdaq-100+List_of_NASDAQ-100_companies,
2025-Q3,KDP,1,unchanged,wikipedia:Historical_components_of_the_Nasdaq-100+List_of_NASDAQ-100_companies,
2025-Q3,KHC,1,unchanged,wikipedia:Historical_components_of_the_Nasdaq-100+List_of_NASDAQ-100_companies,
2025-Q3,KLAC,1,unchanged,wikipedia:Historical_components_of_the_Nasdaq-100+List_of_NASDAQ-100_companies,
2025-Q3,LIN,1,unchanged,wikipedia:Historical_components_of_the_Nasdaq-100+List_of_NASDAQ-100_companies,
2025-Q3,LRCX,1,unchanged,wikipedia:Historical_components_of_the_Nasdaq-100+List_of_NASDAQ-100_companies,
2025-Q3,LULU,1,unchanged,wikipedia:Historical_components_of_the_Nasdaq-100+List_of_NASDAQ-100_companies,
2025-Q3,MAR,1,unchanged,wikipedia:Historical_components_of_the_Nasdaq-100+List_of_NASDAQ-100_companies,
2025-Q3,MCHP,1,unchanged,wikipedia:Historical_components_of_the_Nasdaq-100+List_of_NASDAQ-100_companies,
2025-Q3,MDLZ,1,unchanged,wikipedia:Historical_components_of_the_Nasdaq-100+List_of_NASDAQ-100_companies,
2025-Q3,MELI,1,unchanged,wikipedia:Historical_components_of_the_Nasdaq-100+List_of_NASDAQ-100_companies,
2025-Q3,META,1,unchanged,wikipedia:Historical_components_of_the_Nasdaq-100+List_of_NASDAQ-100_companies,
2025-Q3,MNST,1,unchanged,wikipedia:Historical_components_of_the_Nasdaq-100+List_of_NASDAQ-100_companies,
2025-Q3,MRVL,1,unchanged,wikipedia:Historical_components_of_the_Nasdaq-100+List_of_NASDAQ-100_companies,
2025-Q3,MSFT,1,unchanged,wikipedia:Historical_components_of_the_Nasdaq-100+List_of_NASDAQ-100_companies,
2025-Q3,MSTR,1,unchanged,wikipedia:Historical_components_of_the_Nasdaq-100+List_of_NASDAQ-100_companies,
2025-Q3,MU,1,unchanged,wikipedia:Historical_components_of_the_Nasdaq-100+List_of_NASDAQ-100_companies,
2025-Q3,NFLX,1,unchanged,wikipedia:Historical_components_of_the_Nasdaq-100+List_of_NASDAQ-100_companies,
2025-Q3,NVDA,1,unchanged,wikipedia:Historical_components_of_the_Nasdaq-100+List_of_NASDAQ-100_companies,
2025-Q3,NXPI,1,unchanged,wikipedia:Historical_components_of_the_Nasdaq-100+List_of_NASDAQ-100_companies,
2025-Q3,ODFL,1,unchanged,wikipedia:Historical_components_of_the_Nasdaq-100+List_of_NASDAQ-100_companies,
2025-Q3,ON,1,unchanged,wikipedia:Historical_components_of_the_Nasdaq-100+List_of_NASDAQ-100_companies,
2025-Q3,ORLY,1,unchanged,wikipedia:Historical_components_of_the_Nasdaq-100+List_of_NASDAQ-100_companies,
2025-Q3,PANW,1,unchanged,wikipedia:Historical_components_of_the_Nasdaq-100+List_of_NASDAQ-100_companies,
2025-Q3,PAYX,1,unchanged,wikipedia:Historical_components_of_the_Nasdaq-100+List_of_NASDAQ-100_companies,
2025-Q3,PCAR,1,unchanged,wikipedia:Historical_components_of_the_Nasdaq-100+List_of_NASDAQ-100_companies,
2025-Q3,PDD,1,unchanged,wikipedia:Historical_components_of_the_Nasdaq-100+List_of_NASDAQ-100_companies,
2025-Q3,PEP,1,unchanged,wikipedia:Historical_components_of_the_Nasdaq-100+List_of_NASDAQ-100_companies,
2025-Q3,PLTR,1,unchanged,wikipedia:Historical_components_of_the_Nasdaq-100+List_of_NASDAQ-100_companies,
2025-Q3,PYPL,1,unchanged,wikipedia:Historical_components_of_the_Nasdaq-100+List_of_NASDAQ-100_companies,
2025-Q3,QCOM,1,unchanged,wikipedia:Historical_components_of_the_Nasdaq-100+List_of_NASDAQ-100_companies,
2025-Q3,REGN,1,unchanged,wikipedia:Historical_components_of_the_Nasdaq-100+List_of_NASDAQ-100_companies,
2025-Q3,ROP,1,unchanged,wikipedia:Historical_components_of_the_Nasdaq-100+List_of_NASDAQ-100_companies,
2025-Q3,ROST,1,unchanged,wikipedia:Historical_components_of_the_Nasdaq-100+List_of_NASDAQ-100_companies,
2025-Q3,SBUX,1,unchanged,wikipedia:Historical_components_of_the_Nasdaq-100+List_of_NASDAQ-100_companies,
2025-Q3,SHOP,1,unchanged,wikipedia:Historical_components_of_the_Nasdaq-100+List_of_NASDAQ-100_companies,
2025-Q3,SNPS,1,unchanged,wikipedia:Historical_components_of_the_Nasdaq-100+List_of_NASDAQ-100_companies,
2025-Q3,TEAM,1,unchanged,wikipedia:Historical_components_of_the_Nasdaq-100+List_of_NASDAQ-100_companies,
2025-Q3,TMUS,1,unchanged,wikipedia:Historical_components_of_the_Nasdaq-100+List_of_NASDAQ-100_companies,
2025-Q3,TRI,1,added,wikipedia:Historical_components_of_the_Nasdaq-100+List_of_NASDAQ-100_companies,
2025-Q3,TSLA,1,unchanged,wikipedia:Historical_components_of_the_Nasdaq-100+List_of_NASDAQ-100_companies,
2025-Q3,TTD,1,unchanged,wikipedia:Historical_components_of_the_Nasdaq-100+List_of_NASDAQ-100_companies,
2025-Q3,TTWO,1,unchanged,wikipedia:Historical_components_of_the_Nasdaq-100+List_of_NASDAQ-100_companies,
2025-Q3,TXN,1,unchanged,wikipedia:Historical_components_of_the_Nasdaq-100+List_of_NASDAQ-100_companies,
2025-Q3,VRSK,1,unchanged,wikipedia:Historical_components_of_the_Nasdaq-100+List_of_NASDAQ-100_companies,
2025-Q3,VRTX,1,unchanged,wikipedia:Historical_components_of_the_Nasdaq-100+List_of_NASDAQ-100_companies,
2025-Q3,WBD,1,unchanged,wikipedia:Historical_components_of_the_Nasdaq-100+List_of_NASDAQ-100_companies,
2025-Q3,WDAY,1,unchanged,wikipedia:Historical_components_of_the_Nasdaq-100+List_of_NASDAQ-100_companies,
2025-Q3,XEL,1,unchanged,wikipedia:Historical_components_of_the_Nasdaq-100+List_of_NASDAQ-100_companies,
2025-Q3,ZS,1,unchanged,wikipedia:Historical_components_of_the_Nasdaq-100+List_of_NASDAQ-100_companies,
2025-Q3,ANSS,0,removed,wikipedia:Historical_components_of_the_Nasdaq-100+List_of_NASDAQ-100_companies,
2025-Q4,AAPL,1,unchanged,wikipedia:Historical_components_of_the_Nasdaq-100+List_of_NASDAQ-100_companies,
2025-Q4,ABNB,1,unchanged,wikipedia:Historical_components_of_the_Nasdaq-100+List_of_NASDAQ-100_companies,
2025-Q4,ADBE,1,unchanged,wikipedia:Historical_components_of_the_Nasdaq-100+List_of_NASDAQ-100_companies,
2025-Q4,ADI,1,unchanged,wikipedia:Historical_components_of_the_Nasdaq-100+List_of_NASDAQ-100_companies,
2025-Q4,ADP,1,unchanged,wikipedia:Historical_components_of_the_Nasdaq-100+List_of_NASDAQ-100_companies,
2025-Q4,ADSK,1,unchanged,wikipedia:Historical_components_of_the_Nasdaq-100+List_of_NASDAQ-100_companies,
2025-Q4,AEP,1,unchanged,wikipedia:Historical_components_of_the_Nasdaq-100+List_of_NASDAQ-100_companies,
2025-Q4,ALNY,1,added,wikipedia:Historical_components_of_the_Nasdaq-100+List_of_NASDAQ-100_companies,
2025-Q4,AMAT,1,unchanged,wikipedia:Historical_components_of_the_Nasdaq-100+List_of_NASDAQ-100_companies,
2025-Q4,AMD,1,unchanged,wikipedia:Historical_components_of_the_Nasdaq-100+List_of_NASDAQ-100_companies,
2025-Q4,AMGN,1,unchanged,wikipedia:Historical_components_of_the_Nasdaq-100+List_of_NASDAQ-100_companies,
2025-Q4,AMZN,1,unchanged,wikipedia:Historical_components_of_the_Nasdaq-100+List_of_NASDAQ-100_companies,
2025-Q4,APP,1,unchanged,wikipedia:Historical_components_of_the_Nasdaq-100+List_of_NASDAQ-100_companies,
2025-Q4,ARM,1,unchanged,wikipedia:Historical_components_of_the_Nasdaq-100+List_of_NASDAQ-100_companies,
2025-Q4,ASML,1,unchanged,wikipedia:Historical_components_of_the_Nasdaq-100+List_of_NASDAQ-100_companies,
2025-Q4,AVGO,1,unchanged,wikipedia:Historical_components_of_the_Nasdaq-100+List_of_NASDAQ-100_companies,
2025-Q4,AXON,1,unchanged,wikipedia:Historical_components_of_the_Nasdaq-100+List_of_NASDAQ-100_companies,
2025-Q4,AZN,1,unchanged,wikipedia:Historical_components_of_the_Nasdaq-100+List_of_NASDAQ-100_companies,
2025-Q4,BKNG,1,unchanged,wikipedia:Historical_components_of_the_Nasdaq-100+List_of_NASDAQ-100_companies,
2025-Q4,BKR,1,unchanged,wikipedia:Historical_components_of_the_Nasdaq-100+List_of_NASDAQ-100_companies,
2025-Q4,CCEP,1,unchanged,wikipedia:Historical_components_of_the_Nasdaq-100+List_of_NASDAQ-100_companies,
2025-Q4,CDNS,1,unchanged,wikipedia:Historical_components_of_the_Nasdaq-100+List_of_NASDAQ-100_companies,
2025-Q4,CEG,1,unchanged,wikipedia:Historical_components_of_the_Nasdaq-100+List_of_NASDAQ-100_companies,
2025-Q4,CHTR,1,unchanged,wikipedia:Historical_components_of_the_Nasdaq-100+List_of_NASDAQ-100_companies,
2025-Q4,CMCSA,1,unchanged,wikipedia:Historical_components_of_the_Nasdaq-100+List_of_NASDAQ-100_companies,
2025-Q4,COST,1,unchanged,wikipedia:Historical_components_of_the_Nasdaq-100+List_of_NASDAQ-100_companies,
2025-Q4,CPRT,1,unchanged,wikipedia:Historical_components_of_the_Nasdaq-100+List_of_NASDAQ-100_companies,
2025-Q4,CRWD,1,unchanged,wikipedia:Historical_components_of_the_Nasdaq-100+List_of_NASDAQ-100_companies,
2025-Q4,CSCO,1,unchanged,wikipedia:Historical_components_of_the_Nasdaq-100+List_of_NASDAQ-100_companies,
2025-Q4,CSGP,1,unchanged,wikipedia:Historical_components_of_the_Nasdaq-100+List_of_NASDAQ-100_companies,
2025-Q4,CSX,1,unchanged,wikipedia:Historical_components_of_the_Nasdaq-100+List_of_NASDAQ-100_companies,
2025-Q4,CTAS,1,unchanged,wikipedia:Historical_components_of_the_Nasdaq-100+List_of_NASDAQ-100_companies,
2025-Q4,CTSH,1,unchanged,wikipedia:Historical_components_of_the_Nasdaq-100+List_of_NASDAQ-100_companies,
2025-Q4,DASH,1,unchanged,wikipedia:Historical_components_of_the_Nasdaq-100+List_of_NASDAQ-100_companies,
2025-Q4,DDOG,1,unchanged,wikipedia:Historical_components_of_the_Nasdaq-100+List_of_NASDAQ-100_companies,
2025-Q4,DXCM,1,unchanged,wikipedia:Historical_components_of_the_Nasdaq-100+List_of_NASDAQ-100_companies,
2025-Q4,EA,1,unchanged,wikipedia:Historical_components_of_the_Nasdaq-100+List_of_NASDAQ-100_companies,
2025-Q4,EXC,1,unchanged,wikipedia:Historical_components_of_the_Nasdaq-100+List_of_NASDAQ-100_companies,
2025-Q4,FANG,1,unchanged,wikipedia:Historical_components_of_the_Nasdaq-100+List_of_NASDAQ-100_companies,
2025-Q4,FAST,1,unchanged,wikipedia:Historical_components_of_the_Nasdaq-100+List_of_NASDAQ-100_companies,
2025-Q4,FER,1,added,wikipedia:Historical_components_of_the_Nasdaq-100+List_of_NASDAQ-100_companies,
2025-Q4,FTNT,1,unchanged,wikipedia:Historical_components_of_the_Nasdaq-100+List_of_NASDAQ-100_companies,
2025-Q4,GEHC,1,unchanged,wikipedia:Historical_components_of_the_Nasdaq-100+List_of_NASDAQ-100_companies,
2025-Q4,GILD,1,unchanged,wikipedia:Historical_components_of_the_Nasdaq-100+List_of_NASDAQ-100_companies,
2025-Q4,GOOG,1,unchanged,wikipedia:Historical_components_of_the_Nasdaq-100+List_of_NASDAQ-100_companies,
2025-Q4,GOOGL,1,unchanged,wikipedia:Historical_components_of_the_Nasdaq-100+List_of_NASDAQ-100_companies,
2025-Q4,HON,1,unchanged,wikipedia:Historical_components_of_the_Nasdaq-100+List_of_NASDAQ-100_companies,
2025-Q4,IDXX,1,unchanged,wikipedia:Historical_components_of_the_Nasdaq-100+List_of_NASDAQ-100_companies,
2025-Q4,INSM,1,added,wikipedia:Historical_components_of_the_Nasdaq-100+List_of_NASDAQ-100_companies,
2025-Q4,INTC,1,unchanged,wikipedia:Historical_components_of_the_Nasdaq-100+List_of_NASDAQ-100_companies,
2025-Q4,INTU,1,unchanged,wikipedia:Historical_components_of_the_Nasdaq-100+List_of_NASDAQ-100_companies,
2025-Q4,ISRG,1,unchanged,wikipedia:Historical_components_of_the_Nasdaq-100+List_of_NASDAQ-100_companies,
2025-Q4,KDP,1,unchanged,wikipedia:Historical_components_of_the_Nasdaq-100+List_of_NASDAQ-100_companies,
2025-Q4,KHC,1,unchanged,wikipedia:Historical_components_of_the_Nasdaq-100+List_of_NASDAQ-100_companies,
2025-Q4,KLAC,1,unchanged,wikipedia:Historical_components_of_the_Nasdaq-100+List_of_NASDAQ-100_companies,
2025-Q4,LIN,1,unchanged,wikipedia:Historical_components_of_the_Nasdaq-100+List_of_NASDAQ-100_companies,
2025-Q4,LRCX,1,unchanged,wikipedia:Historical_components_of_the_Nasdaq-100+List_of_NASDAQ-100_companies,
2025-Q4,MAR,1,unchanged,wikipedia:Historical_components_of_the_Nasdaq-100+List_of_NASDAQ-100_companies,
2025-Q4,MCHP,1,unchanged,wikipedia:Historical_components_of_the_Nasdaq-100+List_of_NASDAQ-100_companies,
2025-Q4,MDLZ,1,unchanged,wikipedia:Historical_components_of_the_Nasdaq-100+List_of_NASDAQ-100_companies,
2025-Q4,MELI,1,unchanged,wikipedia:Historical_components_of_the_Nasdaq-100+List_of_NASDAQ-100_companies,
2025-Q4,META,1,unchanged,wikipedia:Historical_components_of_the_Nasdaq-100+List_of_NASDAQ-100_companies,
2025-Q4,MNST,1,unchanged,wikipedia:Historical_components_of_the_Nasdaq-100+List_of_NASDAQ-100_companies,
2025-Q4,MPWR,1,added,wikipedia:Historical_components_of_the_Nasdaq-100+List_of_NASDAQ-100_companies,
2025-Q4,MRVL,1,unchanged,wikipedia:Historical_components_of_the_Nasdaq-100+List_of_NASDAQ-100_companies,
2025-Q4,MSFT,1,unchanged,wikipedia:Historical_components_of_the_Nasdaq-100+List_of_NASDAQ-100_companies,
2025-Q4,MSTR,1,unchanged,wikipedia:Historical_components_of_the_Nasdaq-100+List_of_NASDAQ-100_companies,
2025-Q4,MU,1,unchanged,wikipedia:Historical_components_of_the_Nasdaq-100+List_of_NASDAQ-100_companies,
2025-Q4,NFLX,1,unchanged,wikipedia:Historical_components_of_the_Nasdaq-100+List_of_NASDAQ-100_companies,
2025-Q4,NVDA,1,unchanged,wikipedia:Historical_components_of_the_Nasdaq-100+List_of_NASDAQ-100_companies,
2025-Q4,NXPI,1,unchanged,wikipedia:Historical_components_of_the_Nasdaq-100+List_of_NASDAQ-100_companies,
2025-Q4,ODFL,1,unchanged,wikipedia:Historical_components_of_the_Nasdaq-100+List_of_NASDAQ-100_companies,
2025-Q4,ORLY,1,unchanged,wikipedia:Historical_components_of_the_Nasdaq-100+List_of_NASDAQ-100_companies,
2025-Q4,PANW,1,unchanged,wikipedia:Historical_components_of_the_Nasdaq-100+List_of_NASDAQ-100_companies,
2025-Q4,PAYX,1,unchanged,wikipedia:Historical_components_of_the_Nasdaq-100+List_of_NASDAQ-100_companies,
2025-Q4,PCAR,1,unchanged,wikipedia:Historical_components_of_the_Nasdaq-100+List_of_NASDAQ-100_companies,
2025-Q4,PDD,1,unchanged,wikipedia:Historical_components_of_the_Nasdaq-100+List_of_NASDAQ-100_companies,
2025-Q4,PEP,1,unchanged,wikipedia:Historical_components_of_the_Nasdaq-100+List_of_NASDAQ-100_companies,
2025-Q4,PLTR,1,unchanged,wikipedia:Historical_components_of_the_Nasdaq-100+List_of_NASDAQ-100_companies,
2025-Q4,PYPL,1,unchanged,wikipedia:Historical_components_of_the_Nasdaq-100+List_of_NASDAQ-100_companies,
2025-Q4,QCOM,1,unchanged,wikipedia:Historical_components_of_the_Nasdaq-100+List_of_NASDAQ-100_companies,
2025-Q4,REGN,1,unchanged,wikipedia:Historical_components_of_the_Nasdaq-100+List_of_NASDAQ-100_companies,
2025-Q4,ROP,1,unchanged,wikipedia:Historical_components_of_the_Nasdaq-100+List_of_NASDAQ-100_companies,
2025-Q4,ROST,1,unchanged,wikipedia:Historical_components_of_the_Nasdaq-100+List_of_NASDAQ-100_companies,
2025-Q4,SBUX,1,unchanged,wikipedia:Historical_components_of_the_Nasdaq-100+List_of_NASDAQ-100_companies,
2025-Q4,SHOP,1,unchanged,wikipedia:Historical_components_of_the_Nasdaq-100+List_of_NASDAQ-100_companies,
2025-Q4,SNPS,1,unchanged,wikipedia:Historical_components_of_the_Nasdaq-100+List_of_NASDAQ-100_companies,
2025-Q4,STX,1,added,wikipedia:Historical_components_of_the_Nasdaq-100+List_of_NASDAQ-100_companies,
2025-Q4,TEAM,1,unchanged,wikipedia:Historical_components_of_the_Nasdaq-100+List_of_NASDAQ-100_companies,
2025-Q4,TMUS,1,unchanged,wikipedia:Historical_components_of_the_Nasdaq-100+List_of_NASDAQ-100_companies,
2025-Q4,TRI,1,unchanged,wikipedia:Historical_components_of_the_Nasdaq-100+List_of_NASDAQ-100_companies,
2025-Q4,TSLA,1,unchanged,wikipedia:Historical_components_of_the_Nasdaq-100+List_of_NASDAQ-100_companies,
2025-Q4,TTWO,1,unchanged,wikipedia:Historical_components_of_the_Nasdaq-100+List_of_NASDAQ-100_companies,
2025-Q4,TXN,1,unchanged,wikipedia:Historical_components_of_the_Nasdaq-100+List_of_NASDAQ-100_companies,
2025-Q4,VRSK,1,unchanged,wikipedia:Historical_components_of_the_Nasdaq-100+List_of_NASDAQ-100_companies,
2025-Q4,VRTX,1,unchanged,wikipedia:Historical_components_of_the_Nasdaq-100+List_of_NASDAQ-100_companies,
2025-Q4,WBD,1,unchanged,wikipedia:Historical_components_of_the_Nasdaq-100+List_of_NASDAQ-100_companies,
2025-Q4,WDAY,1,unchanged,wikipedia:Historical_components_of_the_Nasdaq-100+List_of_NASDAQ-100_companies,
2025-Q4,WDC,1,added,wikipedia:Historical_components_of_the_Nasdaq-100+List_of_NASDAQ-100_companies,
2025-Q4,XEL,1,unchanged,wikipedia:Historical_components_of_the_Nasdaq-100+List_of_NASDAQ-100_companies,
2025-Q4,ZS,1,unchanged,wikipedia:Historical_components_of_the_Nasdaq-100+List_of_NASDAQ-100_companies,
2025-Q4,BIIB,0,removed,wikipedia:Historical_components_of_the_Nasdaq-100+List_of_NASDAQ-100_companies,
2025-Q4,CDW,0,removed,wikipedia:Historical_components_of_the_Nasdaq-100+List_of_NASDAQ-100_companies,
2025-Q4,GFS,0,removed,wikipedia:Historical_components_of_the_Nasdaq-100+List_of_NASDAQ-100_companies,
2025-Q4,LULU,0,removed,wikipedia:Historical_components_of_the_Nasdaq-100+List_of_NASDAQ-100_companies,
2025-Q4,ON,0,removed,wikipedia:Historical_components_of_the_Nasdaq-100+List_of_NASDAQ-100_companies,
2025-Q4,TTD,0,removed,wikipedia:Historical_components_of_the_Nasdaq-100+List_of_NASDAQ-100_companies,
2026-Q1,AAPL,1,unchanged,wikipedia:Historical_components_of_the_Nasdaq-100+List_of_NASDAQ-100_companies,
2026-Q1,ABNB,1,unchanged,wikipedia:Historical_components_of_the_Nasdaq-100+List_of_NASDAQ-100_companies,
2026-Q1,ADBE,1,unchanged,wikipedia:Historical_components_of_the_Nasdaq-100+List_of_NASDAQ-100_companies,
2026-Q1,ADI,1,unchanged,wikipedia:Historical_components_of_the_Nasdaq-100+List_of_NASDAQ-100_companies,
2026-Q1,ADP,1,unchanged,wikipedia:Historical_components_of_the_Nasdaq-100+List_of_NASDAQ-100_companies,
2026-Q1,ADSK,1,unchanged,wikipedia:Historical_components_of_the_Nasdaq-100+List_of_NASDAQ-100_companies,
2026-Q1,AEP,1,unchanged,wikipedia:Historical_components_of_the_Nasdaq-100+List_of_NASDAQ-100_companies,
2026-Q1,ALNY,1,unchanged,wikipedia:Historical_components_of_the_Nasdaq-100+List_of_NASDAQ-100_companies,
2026-Q1,AMAT,1,unchanged,wikipedia:Historical_components_of_the_Nasdaq-100+List_of_NASDAQ-100_companies,
2026-Q1,AMD,1,unchanged,wikipedia:Historical_components_of_the_Nasdaq-100+List_of_NASDAQ-100_companies,
2026-Q1,AMGN,1,unchanged,wikipedia:Historical_components_of_the_Nasdaq-100+List_of_NASDAQ-100_companies,
2026-Q1,AMZN,1,unchanged,wikipedia:Historical_components_of_the_Nasdaq-100+List_of_NASDAQ-100_companies,
2026-Q1,APP,1,unchanged,wikipedia:Historical_components_of_the_Nasdaq-100+List_of_NASDAQ-100_companies,
2026-Q1,ARM,1,unchanged,wikipedia:Historical_components_of_the_Nasdaq-100+List_of_NASDAQ-100_companies,
2026-Q1,ASML,1,unchanged,wikipedia:Historical_components_of_the_Nasdaq-100+List_of_NASDAQ-100_companies,
2026-Q1,AVGO,1,unchanged,wikipedia:Historical_components_of_the_Nasdaq-100+List_of_NASDAQ-100_companies,
2026-Q1,AXON,1,unchanged,wikipedia:Historical_components_of_the_Nasdaq-100+List_of_NASDAQ-100_companies,
2026-Q1,BKNG,1,unchanged,wikipedia:Historical_components_of_the_Nasdaq-100+List_of_NASDAQ-100_companies,
2026-Q1,BKR,1,unchanged,wikipedia:Historical_components_of_the_Nasdaq-100+List_of_NASDAQ-100_companies,
2026-Q1,CCEP,1,unchanged,wikipedia:Historical_components_of_the_Nasdaq-100+List_of_NASDAQ-100_companies,
2026-Q1,CDNS,1,unchanged,wikipedia:Historical_components_of_the_Nasdaq-100+List_of_NASDAQ-100_companies,
2026-Q1,CEG,1,unchanged,wikipedia:Historical_components_of_the_Nasdaq-100+List_of_NASDAQ-100_companies,
2026-Q1,CHTR,1,unchanged,wikipedia:Historical_components_of_the_Nasdaq-100+List_of_NASDAQ-100_companies,
2026-Q1,CMCSA,1,unchanged,wikipedia:Historical_components_of_the_Nasdaq-100+List_of_NASDAQ-100_companies,
2026-Q1,COST,1,unchanged,wikipedia:Historical_components_of_the_Nasdaq-100+List_of_NASDAQ-100_companies,
2026-Q1,CPRT,1,unchanged,wikipedia:Historical_components_of_the_Nasdaq-100+List_of_NASDAQ-100_companies,
2026-Q1,CRWD,1,unchanged,wikipedia:Historical_components_of_the_Nasdaq-100+List_of_NASDAQ-100_companies,
2026-Q1,CSCO,1,unchanged,wikipedia:Historical_components_of_the_Nasdaq-100+List_of_NASDAQ-100_companies,
2026-Q1,CSGP,1,unchanged,wikipedia:Historical_components_of_the_Nasdaq-100+List_of_NASDAQ-100_companies,
2026-Q1,CSX,1,unchanged,wikipedia:Historical_components_of_the_Nasdaq-100+List_of_NASDAQ-100_companies,
2026-Q1,CTAS,1,unchanged,wikipedia:Historical_components_of_the_Nasdaq-100+List_of_NASDAQ-100_companies,
2026-Q1,CTSH,1,unchanged,wikipedia:Historical_components_of_the_Nasdaq-100+List_of_NASDAQ-100_companies,
2026-Q1,DASH,1,unchanged,wikipedia:Historical_components_of_the_Nasdaq-100+List_of_NASDAQ-100_companies,
2026-Q1,DDOG,1,unchanged,wikipedia:Historical_components_of_the_Nasdaq-100+List_of_NASDAQ-100_companies,
2026-Q1,DXCM,1,unchanged,wikipedia:Historical_components_of_the_Nasdaq-100+List_of_NASDAQ-100_companies,
2026-Q1,EA,1,unchanged,wikipedia:Historical_components_of_the_Nasdaq-100+List_of_NASDAQ-100_companies,
2026-Q1,EXC,1,unchanged,wikipedia:Historical_components_of_the_Nasdaq-100+List_of_NASDAQ-100_companies,
2026-Q1,FANG,1,unchanged,wikipedia:Historical_components_of_the_Nasdaq-100+List_of_NASDAQ-100_companies,
2026-Q1,FAST,1,unchanged,wikipedia:Historical_components_of_the_Nasdaq-100+List_of_NASDAQ-100_companies,
2026-Q1,FER,1,unchanged,wikipedia:Historical_components_of_the_Nasdaq-100+List_of_NASDAQ-100_companies,
2026-Q1,FTNT,1,unchanged,wikipedia:Historical_components_of_the_Nasdaq-100+List_of_NASDAQ-100_companies,
2026-Q1,GEHC,1,unchanged,wikipedia:Historical_components_of_the_Nasdaq-100+List_of_NASDAQ-100_companies,
2026-Q1,GILD,1,unchanged,wikipedia:Historical_components_of_the_Nasdaq-100+List_of_NASDAQ-100_companies,
2026-Q1,GOOG,1,unchanged,wikipedia:Historical_components_of_the_Nasdaq-100+List_of_NASDAQ-100_companies,
2026-Q1,GOOGL,1,unchanged,wikipedia:Historical_components_of_the_Nasdaq-100+List_of_NASDAQ-100_companies,
2026-Q1,HON,1,unchanged,wikipedia:Historical_components_of_the_Nasdaq-100+List_of_NASDAQ-100_companies,
2026-Q1,IDXX,1,unchanged,wikipedia:Historical_components_of_the_Nasdaq-100+List_of_NASDAQ-100_companies,
2026-Q1,INSM,1,unchanged,wikipedia:Historical_components_of_the_Nasdaq-100+List_of_NASDAQ-100_companies,
2026-Q1,INTC,1,unchanged,wikipedia:Historical_components_of_the_Nasdaq-100+List_of_NASDAQ-100_companies,
2026-Q1,INTU,1,unchanged,wikipedia:Historical_components_of_the_Nasdaq-100+List_of_NASDAQ-100_companies,
2026-Q1,ISRG,1,unchanged,wikipedia:Historical_components_of_the_Nasdaq-100+List_of_NASDAQ-100_companies,
2026-Q1,KDP,1,unchanged,wikipedia:Historical_components_of_the_Nasdaq-100+List_of_NASDAQ-100_companies,
2026-Q1,KHC,1,unchanged,wikipedia:Historical_components_of_the_Nasdaq-100+List_of_NASDAQ-100_companies,
2026-Q1,KLAC,1,unchanged,wikipedia:Historical_components_of_the_Nasdaq-100+List_of_NASDAQ-100_companies,
2026-Q1,LIN,1,unchanged,wikipedia:Historical_components_of_the_Nasdaq-100+List_of_NASDAQ-100_companies,
2026-Q1,LRCX,1,unchanged,wikipedia:Historical_components_of_the_Nasdaq-100+List_of_NASDAQ-100_companies,
2026-Q1,MAR,1,unchanged,wikipedia:Historical_components_of_the_Nasdaq-100+List_of_NASDAQ-100_companies,
2026-Q1,MCHP,1,unchanged,wikipedia:Historical_components_of_the_Nasdaq-100+List_of_NASDAQ-100_companies,
2026-Q1,MDLZ,1,unchanged,wikipedia:Historical_components_of_the_Nasdaq-100+List_of_NASDAQ-100_companies,
2026-Q1,MELI,1,unchanged,wikipedia:Historical_components_of_the_Nasdaq-100+List_of_NASDAQ-100_companies,
2026-Q1,META,1,unchanged,wikipedia:Historical_components_of_the_Nasdaq-100+List_of_NASDAQ-100_companies,
2026-Q1,MNST,1,unchanged,wikipedia:Historical_components_of_the_Nasdaq-100+List_of_NASDAQ-100_companies,
2026-Q1,MPWR,1,unchanged,wikipedia:Historical_components_of_the_Nasdaq-100+List_of_NASDAQ-100_companies,
2026-Q1,MRVL,1,unchanged,wikipedia:Historical_components_of_the_Nasdaq-100+List_of_NASDAQ-100_companies,
2026-Q1,MSFT,1,unchanged,wikipedia:Historical_components_of_the_Nasdaq-100+List_of_NASDAQ-100_companies,
2026-Q1,MSTR,1,unchanged,wikipedia:Historical_components_of_the_Nasdaq-100+List_of_NASDAQ-100_companies,
2026-Q1,MU,1,unchanged,wikipedia:Historical_components_of_the_Nasdaq-100+List_of_NASDAQ-100_companies,
2026-Q1,NFLX,1,unchanged,wikipedia:Historical_components_of_the_Nasdaq-100+List_of_NASDAQ-100_companies,
2026-Q1,NVDA,1,unchanged,wikipedia:Historical_components_of_the_Nasdaq-100+List_of_NASDAQ-100_companies,
2026-Q1,NXPI,1,unchanged,wikipedia:Historical_components_of_the_Nasdaq-100+List_of_NASDAQ-100_companies,
2026-Q1,ODFL,1,unchanged,wikipedia:Historical_components_of_the_Nasdaq-100+List_of_NASDAQ-100_companies,
2026-Q1,ORLY,1,unchanged,wikipedia:Historical_components_of_the_Nasdaq-100+List_of_NASDAQ-100_companies,
2026-Q1,PANW,1,unchanged,wikipedia:Historical_components_of_the_Nasdaq-100+List_of_NASDAQ-100_companies,
2026-Q1,PAYX,1,unchanged,wikipedia:Historical_components_of_the_Nasdaq-100+List_of_NASDAQ-100_companies,
2026-Q1,PCAR,1,unchanged,wikipedia:Historical_components_of_the_Nasdaq-100+List_of_NASDAQ-100_companies,
2026-Q1,PDD,1,unchanged,wikipedia:Historical_components_of_the_Nasdaq-100+List_of_NASDAQ-100_companies,
2026-Q1,PEP,1,unchanged,wikipedia:Historical_components_of_the_Nasdaq-100+List_of_NASDAQ-100_companies,
2026-Q1,PLTR,1,unchanged,wikipedia:Historical_components_of_the_Nasdaq-100+List_of_NASDAQ-100_companies,
2026-Q1,PYPL,1,unchanged,wikipedia:Historical_components_of_the_Nasdaq-100+List_of_NASDAQ-100_companies,
2026-Q1,QCOM,1,unchanged,wikipedia:Historical_components_of_the_Nasdaq-100+List_of_NASDAQ-100_companies,
2026-Q1,REGN,1,unchanged,wikipedia:Historical_components_of_the_Nasdaq-100+List_of_NASDAQ-100_companies,
2026-Q1,ROP,1,unchanged,wikipedia:Historical_components_of_the_Nasdaq-100+List_of_NASDAQ-100_companies,
2026-Q1,ROST,1,unchanged,wikipedia:Historical_components_of_the_Nasdaq-100+List_of_NASDAQ-100_companies,
2026-Q1,SBUX,1,unchanged,wikipedia:Historical_components_of_the_Nasdaq-100+List_of_NASDAQ-100_companies,
2026-Q1,SHOP,1,unchanged,wikipedia:Historical_components_of_the_Nasdaq-100+List_of_NASDAQ-100_companies,
2026-Q1,SNPS,1,unchanged,wikipedia:Historical_components_of_the_Nasdaq-100+List_of_NASDAQ-100_companies,
2026-Q1,STX,1,unchanged,wikipedia:Historical_components_of_the_Nasdaq-100+List_of_NASDAQ-100_companies,
2026-Q1,TEAM,1,unchanged,wikipedia:Historical_components_of_the_Nasdaq-100+List_of_NASDAQ-100_companies,
2026-Q1,TMUS,1,unchanged,wikipedia:Historical_components_of_the_Nasdaq-100+List_of_NASDAQ-100_companies,
2026-Q1,TRI,1,unchanged,wikipedia:Historical_components_of_the_Nasdaq-100+List_of_NASDAQ-100_companies,
2026-Q1,TSLA,1,unchanged,wikipedia:Historical_components_of_the_Nasdaq-100+List_of_NASDAQ-100_companies,
2026-Q1,TTWO,1,unchanged,wikipedia:Historical_components_of_the_Nasdaq-100+List_of_NASDAQ-100_companies,
2026-Q1,TXN,1,unchanged,wikipedia:Historical_components_of_the_Nasdaq-100+List_of_NASDAQ-100_companies,
2026-Q1,VRSK,1,unchanged,wikipedia:Historical_components_of_the_Nasdaq-100+List_of_NASDAQ-100_companies,
2026-Q1,VRTX,1,unchanged,wikipedia:Historical_components_of_the_Nasdaq-100+List_of_NASDAQ-100_companies,
2026-Q1,WBD,1,unchanged,wikipedia:Historical_components_of_the_Nasdaq-100+List_of_NASDAQ-100_companies,
2026-Q1,WDAY,1,unchanged,wikipedia:Historical_components_of_the_Nasdaq-100+List_of_NASDAQ-100_companies,
2026-Q1,WDC,1,unchanged,wikipedia:Historical_components_of_the_Nasdaq-100+List_of_NASDAQ-100_companies,
2026-Q1,WMT,1,added,wikipedia:Historical_components_of_the_Nasdaq-100+List_of_NASDAQ-100_companies,
2026-Q1,XEL,1,unchanged,wikipedia:Historical_components_of_the_Nasdaq-100+List_of_NASDAQ-100_companies,
2026-Q1,ZS,1,unchanged,wikipedia:Historical_components_of_the_Nasdaq-100+List_of_NASDAQ-100_companies,
2026-Q1,AZN,0,removed,wikipedia:Historical_components_of_the_Nasdaq-100+List_of_NASDAQ-100_companies,
2026-Q2,AAPL,1,unchanged,wikipedia:Historical_components_of_the_Nasdaq-100+List_of_NASDAQ-100_companies,
2026-Q2,ABNB,1,unchanged,wikipedia:Historical_components_of_the_Nasdaq-100+List_of_NASDAQ-100_companies,
2026-Q2,ADBE,1,unchanged,wikipedia:Historical_components_of_the_Nasdaq-100+List_of_NASDAQ-100_companies,
2026-Q2,ADI,1,unchanged,wikipedia:Historical_components_of_the_Nasdaq-100+List_of_NASDAQ-100_companies,
2026-Q2,ADP,1,unchanged,wikipedia:Historical_components_of_the_Nasdaq-100+List_of_NASDAQ-100_companies,
2026-Q2,ADSK,1,unchanged,wikipedia:Historical_components_of_the_Nasdaq-100+List_of_NASDAQ-100_companies,
2026-Q2,AEP,1,unchanged,wikipedia:Historical_components_of_the_Nasdaq-100+List_of_NASDAQ-100_companies,
2026-Q2,ALAB,1,added,wikipedia:Historical_components_of_the_Nasdaq-100+List_of_NASDAQ-100_companies,
2026-Q2,ALNY,1,unchanged,wikipedia:Historical_components_of_the_Nasdaq-100+List_of_NASDAQ-100_companies,
2026-Q2,AMAT,1,unchanged,wikipedia:Historical_components_of_the_Nasdaq-100+List_of_NASDAQ-100_companies,
2026-Q2,AMD,1,unchanged,wikipedia:Historical_components_of_the_Nasdaq-100+List_of_NASDAQ-100_companies,
2026-Q2,AMGN,1,unchanged,wikipedia:Historical_components_of_the_Nasdaq-100+List_of_NASDAQ-100_companies,
2026-Q2,AMZN,1,unchanged,wikipedia:Historical_components_of_the_Nasdaq-100+List_of_NASDAQ-100_companies,
2026-Q2,APP,1,unchanged,wikipedia:Historical_components_of_the_Nasdaq-100+List_of_NASDAQ-100_companies,
2026-Q2,ARM,1,unchanged,wikipedia:Historical_components_of_the_Nasdaq-100+List_of_NASDAQ-100_companies,
2026-Q2,ASML,1,unchanged,wikipedia:Historical_components_of_the_Nasdaq-100+List_of_NASDAQ-100_companies,
2026-Q2,AVGO,1,unchanged,wikipedia:Historical_components_of_the_Nasdaq-100+List_of_NASDAQ-100_companies,
2026-Q2,AXON,1,unchanged,wikipedia:Historical_components_of_the_Nasdaq-100+List_of_NASDAQ-100_companies,
2026-Q2,BKNG,1,unchanged,wikipedia:Historical_components_of_the_Nasdaq-100+List_of_NASDAQ-100_companies,
2026-Q2,BKR,1,unchanged,wikipedia:Historical_components_of_the_Nasdaq-100+List_of_NASDAQ-100_companies,
2026-Q2,CCEP,1,unchanged,wikipedia:Historical_components_of_the_Nasdaq-100+List_of_NASDAQ-100_companies,
2026-Q2,CDNS,1,unchanged,wikipedia:Historical_components_of_the_Nasdaq-100+List_of_NASDAQ-100_companies,
2026-Q2,CEG,1,unchanged,wikipedia:Historical_components_of_the_Nasdaq-100+List_of_NASDAQ-100_companies,
2026-Q2,CMCSA,1,unchanged,wikipedia:Historical_components_of_the_Nasdaq-100+List_of_NASDAQ-100_companies,
2026-Q2,COST,1,unchanged,wikipedia:Historical_components_of_the_Nasdaq-100+List_of_NASDAQ-100_companies,
2026-Q2,CPRT,1,unchanged,wikipedia:Historical_components_of_the_Nasdaq-100+List_of_NASDAQ-100_companies,
2026-Q2,CRWD,1,unchanged,wikipedia:Historical_components_of_the_Nasdaq-100+List_of_NASDAQ-100_companies,
2026-Q2,CRWV,1,added,wikipedia:Historical_components_of_the_Nasdaq-100+List_of_NASDAQ-100_companies,
2026-Q2,CSCO,1,unchanged,wikipedia:Historical_components_of_the_Nasdaq-100+List_of_NASDAQ-100_companies,
2026-Q2,CSX,1,unchanged,wikipedia:Historical_components_of_the_Nasdaq-100+List_of_NASDAQ-100_companies,
2026-Q2,CTAS,1,unchanged,wikipedia:Historical_components_of_the_Nasdaq-100+List_of_NASDAQ-100_companies,
2026-Q2,DASH,1,unchanged,wikipedia:Historical_components_of_the_Nasdaq-100+List_of_NASDAQ-100_companies,
2026-Q2,DDOG,1,unchanged,wikipedia:Historical_components_of_the_Nasdaq-100+List_of_NASDAQ-100_companies,
2026-Q2,DXCM,1,unchanged,wikipedia:Historical_components_of_the_Nasdaq-100+List_of_NASDAQ-100_companies,
2026-Q2,EA,1,unchanged,wikipedia:Historical_components_of_the_Nasdaq-100+List_of_NASDAQ-100_companies,
2026-Q2,EXC,1,unchanged,wikipedia:Historical_components_of_the_Nasdaq-100+List_of_NASDAQ-100_companies,
2026-Q2,FANG,1,unchanged,wikipedia:Historical_components_of_the_Nasdaq-100+List_of_NASDAQ-100_companies,
2026-Q2,FAST,1,unchanged,wikipedia:Historical_components_of_the_Nasdaq-100+List_of_NASDAQ-100_companies,
2026-Q2,FER,1,unchanged,wikipedia:Historical_components_of_the_Nasdaq-100+List_of_NASDAQ-100_companies,
2026-Q2,FTNT,1,unchanged,wikipedia:Historical_components_of_the_Nasdaq-100+List_of_NASDAQ-100_companies,
2026-Q2,GEHC,1,unchanged,wikipedia:Historical_components_of_the_Nasdaq-100+List_of_NASDAQ-100_companies,
2026-Q2,GILD,1,unchanged,wikipedia:Historical_components_of_the_Nasdaq-100+List_of_NASDAQ-100_companies,
2026-Q2,GOOG,1,unchanged,wikipedia:Historical_components_of_the_Nasdaq-100+List_of_NASDAQ-100_companies,
2026-Q2,GOOGL,1,unchanged,wikipedia:Historical_components_of_the_Nasdaq-100+List_of_NASDAQ-100_companies,
2026-Q2,HON,1,unchanged,wikipedia:Historical_components_of_the_Nasdaq-100+List_of_NASDAQ-100_companies,
2026-Q2,HONA,1,added,wikipedia:Historical_components_of_the_Nasdaq-100+List_of_NASDAQ-100_companies,
2026-Q2,IDXX,1,unchanged,wikipedia:Historical_components_of_the_Nasdaq-100+List_of_NASDAQ-100_companies,
2026-Q2,INTC,1,unchanged,wikipedia:Historical_components_of_the_Nasdaq-100+List_of_NASDAQ-100_companies,
2026-Q2,INTU,1,unchanged,wikipedia:Historical_components_of_the_Nasdaq-100+List_of_NASDAQ-100_companies,
2026-Q2,ISRG,1,unchanged,wikipedia:Historical_components_of_the_Nasdaq-100+List_of_NASDAQ-100_companies,
2026-Q2,KDP,1,unchanged,wikipedia:Historical_components_of_the_Nasdaq-100+List_of_NASDAQ-100_companies,
2026-Q2,KHC,1,unchanged,wikipedia:Historical_components_of_the_Nasdaq-100+List_of_NASDAQ-100_companies,
2026-Q2,KLAC,1,unchanged,wikipedia:Historical_components_of_the_Nasdaq-100+List_of_NASDAQ-100_companies,
2026-Q2,LIN,1,unchanged,wikipedia:Historical_components_of_the_Nasdaq-100+List_of_NASDAQ-100_companies,
2026-Q2,LITE,1,added,wikipedia:Historical_components_of_the_Nasdaq-100+List_of_NASDAQ-100_companies,
2026-Q2,LRCX,1,unchanged,wikipedia:Historical_components_of_the_Nasdaq-100+List_of_NASDAQ-100_companies,
2026-Q2,MAR,1,unchanged,wikipedia:Historical_components_of_the_Nasdaq-100+List_of_NASDAQ-100_companies,
2026-Q2,MCHP,1,unchanged,wikipedia:Historical_components_of_the_Nasdaq-100+List_of_NASDAQ-100_companies,
2026-Q2,MDLZ,1,unchanged,wikipedia:Historical_components_of_the_Nasdaq-100+List_of_NASDAQ-100_companies,
2026-Q2,MELI,1,unchanged,wikipedia:Historical_components_of_the_Nasdaq-100+List_of_NASDAQ-100_companies,
2026-Q2,META,1,unchanged,wikipedia:Historical_components_of_the_Nasdaq-100+List_of_NASDAQ-100_companies,
2026-Q2,MNST,1,unchanged,wikipedia:Historical_components_of_the_Nasdaq-100+List_of_NASDAQ-100_companies,
2026-Q2,MPWR,1,unchanged,wikipedia:Historical_components_of_the_Nasdaq-100+List_of_NASDAQ-100_companies,
2026-Q2,MRVL,1,unchanged,wikipedia:Historical_components_of_the_Nasdaq-100+List_of_NASDAQ-100_companies,
2026-Q2,MSFT,1,unchanged,wikipedia:Historical_components_of_the_Nasdaq-100+List_of_NASDAQ-100_companies,
2026-Q2,MSTR,1,unchanged,wikipedia:Historical_components_of_the_Nasdaq-100+List_of_NASDAQ-100_companies,
2026-Q2,MU,1,unchanged,wikipedia:Historical_components_of_the_Nasdaq-100+List_of_NASDAQ-100_companies,
2026-Q2,NBIS,1,added,wikipedia:Historical_components_of_the_Nasdaq-100+List_of_NASDAQ-100_companies,
2026-Q2,NFLX,1,unchanged,wikipedia:Historical_components_of_the_Nasdaq-100+List_of_NASDAQ-100_companies,
2026-Q2,NVDA,1,unchanged,wikipedia:Historical_components_of_the_Nasdaq-100+List_of_NASDAQ-100_companies,
2026-Q2,NXPI,1,unchanged,wikipedia:Historical_components_of_the_Nasdaq-100+List_of_NASDAQ-100_companies,
2026-Q2,ODFL,1,unchanged,wikipedia:Historical_components_of_the_Nasdaq-100+List_of_NASDAQ-100_companies,
2026-Q2,ORLY,1,unchanged,wikipedia:Historical_components_of_the_Nasdaq-100+List_of_NASDAQ-100_companies,
2026-Q2,PANW,1,unchanged,wikipedia:Historical_components_of_the_Nasdaq-100+List_of_NASDAQ-100_companies,
2026-Q2,PAYX,1,unchanged,wikipedia:Historical_components_of_the_Nasdaq-100+List_of_NASDAQ-100_companies,
2026-Q2,PCAR,1,unchanged,wikipedia:Historical_components_of_the_Nasdaq-100+List_of_NASDAQ-100_companies,
2026-Q2,PDD,1,unchanged,wikipedia:Historical_components_of_the_Nasdaq-100+List_of_NASDAQ-100_companies,
2026-Q2,PEP,1,unchanged,wikipedia:Historical_components_of_the_Nasdaq-100+List_of_NASDAQ-100_companies,
2026-Q2,PLTR,1,unchanged,wikipedia:Historical_components_of_the_Nasdaq-100+List_of_NASDAQ-100_companies,
2026-Q2,PYPL,1,unchanged,wikipedia:Historical_components_of_the_Nasdaq-100+List_of_NASDAQ-100_companies,
2026-Q2,QCOM,1,unchanged,wikipedia:Historical_components_of_the_Nasdaq-100+List_of_NASDAQ-100_companies,
2026-Q2,REGN,1,unchanged,wikipedia:Historical_components_of_the_Nasdaq-100+List_of_NASDAQ-100_companies,
2026-Q2,RKLB,1,added,wikipedia:Historical_components_of_the_Nasdaq-100+List_of_NASDAQ-100_companies,
2026-Q2,ROP,1,unchanged,wikipedia:Historical_components_of_the_Nasdaq-100+List_of_NASDAQ-100_companies,
2026-Q2,ROST,1,unchanged,wikipedia:Historical_components_of_the_Nasdaq-100+List_of_NASDAQ-100_companies,
2026-Q2,SBUX,1,unchanged,wikipedia:Historical_components_of_the_Nasdaq-100+List_of_NASDAQ-100_companies,
2026-Q2,SHOP,1,unchanged,wikipedia:Historical_components_of_the_Nasdaq-100+List_of_NASDAQ-100_companies,
2026-Q2,SNDK,1,added,wikipedia:Historical_components_of_the_Nasdaq-100+List_of_NASDAQ-100_companies,
2026-Q2,SNPS,1,unchanged,wikipedia:Historical_components_of_the_Nasdaq-100+List_of_NASDAQ-100_companies,
2026-Q2,STX,1,unchanged,wikipedia:Historical_components_of_the_Nasdaq-100+List_of_NASDAQ-100_companies,
2026-Q2,TER,1,added,wikipedia:Historical_components_of_the_Nasdaq-100+List_of_NASDAQ-100_companies,
2026-Q2,TMUS,1,unchanged,wikipedia:Historical_components_of_the_Nasdaq-100+List_of_NASDAQ-100_companies,
2026-Q2,TRI,1,unchanged,wikipedia:Historical_components_of_the_Nasdaq-100+List_of_NASDAQ-100_companies,
2026-Q2,TSLA,1,unchanged,wikipedia:Historical_components_of_the_Nasdaq-100+List_of_NASDAQ-100_companies,
2026-Q2,TTWO,1,unchanged,wikipedia:Historical_components_of_the_Nasdaq-100+List_of_NASDAQ-100_companies,
2026-Q2,TXN,1,unchanged,wikipedia:Historical_components_of_the_Nasdaq-100+List_of_NASDAQ-100_companies,
2026-Q2,VRTX,1,unchanged,wikipedia:Historical_components_of_the_Nasdaq-100+List_of_NASDAQ-100_companies,
2026-Q2,WBD,1,unchanged,wikipedia:Historical_components_of_the_Nasdaq-100+List_of_NASDAQ-100_companies,
2026-Q2,WDAY,1,unchanged,wikipedia:Historical_components_of_the_Nasdaq-100+List_of_NASDAQ-100_companies,
2026-Q2,WDC,1,unchanged,wikipedia:Historical_components_of_the_Nasdaq-100+List_of_NASDAQ-100_companies,
2026-Q2,WMT,1,unchanged,wikipedia:Historical_components_of_the_Nasdaq-100+List_of_NASDAQ-100_companies,
2026-Q2,XEL,1,unchanged,wikipedia:Historical_components_of_the_Nasdaq-100+List_of_NASDAQ-100_companies,
2026-Q2,CHTR,0,removed,wikipedia:Historical_components_of_the_Nasdaq-100+List_of_NASDAQ-100_companies,
2026-Q2,CSGP,0,removed,wikipedia:Historical_components_of_the_Nasdaq-100+List_of_NASDAQ-100_companies,
2026-Q2,CTSH,0,removed,wikipedia:Historical_components_of_the_Nasdaq-100+List_of_NASDAQ-100_companies,
2026-Q2,INSM,0,removed,wikipedia:Historical_components_of_the_Nasdaq-100+List_of_NASDAQ-100_companies,
2026-Q2,TEAM,0,removed,wikipedia:Historical_components_of_the_Nasdaq-100+List_of_NASDAQ-100_companies,
2026-Q2,VRSK,0,removed,wikipedia:Historical_components_of_the_Nasdaq-100+List_of_NASDAQ-100_companies,
2026-Q2,ZS,0,removed,wikipedia:Historical_components_of_the_Nasdaq-100+List_of_NASDAQ-100_companies,
2026-09,AAPL,1,unchanged,wikipedia:Historical_components_of_the_Nasdaq-100+List_of_NASDAQ-100_companies,
2026-09,ABNB,1,unchanged,wikipedia:Historical_components_of_the_Nasdaq-100+List_of_NASDAQ-100_companies,
2026-09,ADBE,1,unchanged,wikipedia:Historical_components_of_the_Nasdaq-100+List_of_NASDAQ-100_companies,
2026-09,ADI,1,unchanged,wikipedia:Historical_components_of_the_Nasdaq-100+List_of_NASDAQ-100_companies,
2026-09,ADP,1,unchanged,wikipedia:Historical_components_of_the_Nasdaq-100+List_of_NASDAQ-100_companies,
2026-09,ADSK,1,unchanged,wikipedia:Historical_components_of_the_Nasdaq-100+List_of_NASDAQ-100_companies,
2026-09,AEP,1,unchanged,wikipedia:Historical_components_of_the_Nasdaq-100+List_of_NASDAQ-100_companies,
2026-09,ALAB,1,unchanged,wikipedia:Historical_components_of_the_Nasdaq-100+List_of_NASDAQ-100_companies,
2026-09,ALNY,1,unchanged,wikipedia:Historical_components_of_the_Nasdaq-100+List_of_NASDAQ-100_companies,
2026-09,AMAT,1,unchanged,wikipedia:Historical_components_of_the_Nasdaq-100+List_of_NASDAQ-100_companies,
2026-09,AMD,1,unchanged,wikipedia:Historical_components_of_the_Nasdaq-100+List_of_NASDAQ-100_companies,
2026-09,AMGN,1,unchanged,wikipedia:Historical_components_of_the_Nasdaq-100+List_of_NASDAQ-100_companies,
2026-09,AMZN,1,unchanged,wikipedia:Historical_components_of_the_Nasdaq-100+List_of_NASDAQ-100_companies,
2026-09,APP,1,unchanged,wikipedia:Historical_components_of_the_Nasdaq-100+List_of_NASDAQ-100_companies,
2026-09,ARM,1,unchanged,wikipedia:Historical_components_of_the_Nasdaq-100+List_of_NASDAQ-100_companies,
2026-09,ASML,1,unchanged,wikipedia:Historical_components_of_the_Nasdaq-100+List_of_NASDAQ-100_companies,
2026-09,AVGO,1,unchanged,wikipedia:Historical_components_of_the_Nasdaq-100+List_of_NASDAQ-100_companies,
2026-09,AXON,1,unchanged,wikipedia:Historical_components_of_the_Nasdaq-100+List_of_NASDAQ-100_companies,
2026-09,BKNG,1,unchanged,wikipedia:Historical_components_of_the_Nasdaq-100+List_of_NASDAQ-100_companies,
2026-09,BKR,1,unchanged,wikipedia:Historical_components_of_the_Nasdaq-100+List_of_NASDAQ-100_companies,
2026-09,CCEP,1,unchanged,wikipedia:Historical_components_of_the_Nasdaq-100+List_of_NASDAQ-100_companies,
2026-09,CDNS,1,unchanged,wikipedia:Historical_components_of_the_Nasdaq-100+List_of_NASDAQ-100_companies,
2026-09,CEG,1,unchanged,wikipedia:Historical_components_of_the_Nasdaq-100+List_of_NASDAQ-100_companies,
2026-09,CMCSA,1,unchanged,wikipedia:Historical_components_of_the_Nasdaq-100+List_of_NASDAQ-100_companies,
2026-09,COST,1,unchanged,wikipedia:Historical_components_of_the_Nasdaq-100+List_of_NASDAQ-100_companies,
2026-09,CPRT,1,unchanged,wikipedia:Historical_components_of_the_Nasdaq-100+List_of_NASDAQ-100_companies,
2026-09,CRWD,1,unchanged,wikipedia:Historical_components_of_the_Nasdaq-100+List_of_NASDAQ-100_companies,
2026-09,CRWV,1,unchanged,wikipedia:Historical_components_of_the_Nasdaq-100+List_of_NASDAQ-100_companies,
2026-09,CSCO,1,unchanged,wikipedia:Historical_components_of_the_Nasdaq-100+List_of_NASDAQ-100_companies,
2026-09,CSX,1,unchanged,wikipedia:Historical_components_of_the_Nasdaq-100+List_of_NASDAQ-100_companies,
2026-09,CTAS,1,unchanged,wikipedia:Historical_components_of_the_Nasdaq-100+List_of_NASDAQ-100_companies,
2026-09,DASH,1,unchanged,wikipedia:Historical_components_of_the_Nasdaq-100+List_of_NASDAQ-100_companies,
2026-09,DDOG,1,unchanged,wikipedia:Historical_components_of_the_Nasdaq-100+List_of_NASDAQ-100_companies,
2026-09,DXCM,1,unchanged,wikipedia:Historical_components_of_the_Nasdaq-100+List_of_NASDAQ-100_companies,
2026-09,EXC,1,unchanged,wikipedia:Historical_components_of_the_Nasdaq-100+List_of_NASDAQ-100_companies,
2026-09,FANG,1,unchanged,wikipedia:Historical_components_of_the_Nasdaq-100+List_of_NASDAQ-100_companies,
2026-09,FAST,1,unchanged,wikipedia:Historical_components_of_the_Nasdaq-100+List_of_NASDAQ-100_companies,
2026-09,FER,1,unchanged,wikipedia:Historical_components_of_the_Nasdaq-100+List_of_NASDAQ-100_companies,
2026-09,FTNT,1,unchanged,wikipedia:Historical_components_of_the_Nasdaq-100+List_of_NASDAQ-100_companies,
2026-09,GEHC,1,unchanged,wikipedia:Historical_components_of_the_Nasdaq-100+List_of_NASDAQ-100_companies,
2026-09,GILD,1,unchanged,wikipedia:Historical_components_of_the_Nasdaq-100+List_of_NASDAQ-100_companies,
2026-09,GOOG,1,unchanged,wikipedia:Historical_components_of_the_Nasdaq-100+List_of_NASDAQ-100_companies,
2026-09,GOOGL,1,unchanged,wikipedia:Historical_components_of_the_Nasdaq-100+List_of_NASDAQ-100_companies,
2026-09,HON,1,unchanged,wikipedia:Historical_components_of_the_Nasdaq-100+List_of_NASDAQ-100_companies,
2026-09,HONA,1,unchanged,wikipedia:Historical_components_of_the_Nasdaq-100+List_of_NASDAQ-100_companies,
2026-09,IDXX,1,unchanged,wikipedia:Historical_components_of_the_Nasdaq-100+List_of_NASDAQ-100_companies,
2026-09,INTC,1,unchanged,wikipedia:Historical_components_of_the_Nasdaq-100+List_of_NASDAQ-100_companies,
2026-09,INTU,1,unchanged,wikipedia:Historical_components_of_the_Nasdaq-100+List_of_NASDAQ-100_companies,
2026-09,ISRG,1,unchanged,wikipedia:Historical_components_of_the_Nasdaq-100+List_of_NASDAQ-100_companies,
2026-09,KDP,1,unchanged,wikipedia:Historical_components_of_the_Nasdaq-100+List_of_NASDAQ-100_companies,
2026-09,KHC,1,unchanged,wikipedia:Historical_components_of_the_Nasdaq-100+List_of_NASDAQ-100_companies,
2026-09,KLAC,1,unchanged,wikipedia:Historical_components_of_the_Nasdaq-100+List_of_NASDAQ-100_companies,
2026-09,LIN,1,unchanged,wikipedia:Historical_components_of_the_Nasdaq-100+List_of_NASDAQ-100_companies,
2026-09,LITE,1,unchanged,wikipedia:Historical_components_of_the_Nasdaq-100+List_of_NASDAQ-100_companies,
2026-09,LRCX,1,unchanged,wikipedia:Historical_components_of_the_Nasdaq-100+List_of_NASDAQ-100_companies,
2026-09,MAR,1,unchanged,wikipedia:Historical_components_of_the_Nasdaq-100+List_of_NASDAQ-100_companies,
2026-09,MCHP,1,unchanged,wikipedia:Historical_components_of_the_Nasdaq-100+List_of_NASDAQ-100_companies,
2026-09,MDLZ,1,unchanged,wikipedia:Historical_components_of_the_Nasdaq-100+List_of_NASDAQ-100_companies,
2026-09,MELI,1,unchanged,wikipedia:Historical_components_of_the_Nasdaq-100+List_of_NASDAQ-100_companies,
2026-09,META,1,unchanged,wikipedia:Historical_components_of_the_Nasdaq-100+List_of_NASDAQ-100_companies,
2026-09,MNST,1,unchanged,wikipedia:Historical_components_of_the_Nasdaq-100+List_of_NASDAQ-100_companies,
2026-09,MPWR,1,unchanged,wikipedia:Historical_components_of_the_Nasdaq-100+List_of_NASDAQ-100_companies,
2026-09,MRVL,1,unchanged,wikipedia:Historical_components_of_the_Nasdaq-100+List_of_NASDAQ-100_companies,
2026-09,MSFT,1,unchanged,wikipedia:Historical_components_of_the_Nasdaq-100+List_of_NASDAQ-100_companies,
2026-09,MSTR,1,unchanged,wikipedia:Historical_components_of_the_Nasdaq-100+List_of_NASDAQ-100_companies,
2026-09,MU,1,unchanged,wikipedia:Historical_components_of_the_Nasdaq-100+List_of_NASDAQ-100_companies,
2026-09,NBIS,1,unchanged,wikipedia:Historical_components_of_the_Nasdaq-100+List_of_NASDAQ-100_companies,
2026-09,NFLX,1,unchanged,wikipedia:Historical_components_of_the_Nasdaq-100+List_of_NASDAQ-100_companies,
2026-09,NVDA,1,unchanged,wikipedia:Historical_components_of_the_Nasdaq-100+List_of_NASDAQ-100_companies,
2026-09,NXPI,1,unchanged,wikipedia:Historical_components_of_the_Nasdaq-100+List_of_NASDAQ-100_companies,
2026-09,ODFL,1,unchanged,wikipedia:Historical_components_of_the_Nasdaq-100+List_of_NASDAQ-100_companies,
2026-09,ORLY,1,unchanged,wikipedia:Historical_components_of_the_Nasdaq-100+List_of_NASDAQ-100_companies,
2026-09,PANW,1,unchanged,wikipedia:Historical_components_of_the_Nasdaq-100+List_of_NASDAQ-100_companies,
2026-09,PAYX,1,unchanged,wikipedia:Historical_components_of_the_Nasdaq-100+List_of_NASDAQ-100_companies,
2026-09,PCAR,1,unchanged,wikipedia:Historical_components_of_the_Nasdaq-100+List_of_NASDAQ-100_companies,
2026-09,PDD,1,unchanged,wikipedia:Historical_components_of_the_Nasdaq-100+List_of_NASDAQ-100_companies,
2026-09,PEP,1,unchanged,wikipedia:Historical_components_of_the_Nasdaq-100+List_of_NASDAQ-100_companies,
2026-09,PLTR,1,unchanged,wikipedia:Historical_components_of_the_Nasdaq-100+List_of_NASDAQ-100_companies,
2026-09,PYPL,1,unchanged,wikipedia:Historical_components_of_the_Nasdaq-100+List_of_NASDAQ-100_companies,
2026-09,QCOM,1,unchanged,wikipedia:Historical_components_of_the_Nasdaq-100+List_of_NASDAQ-100_companies,
2026-09,REGN,1,unchanged,wikipedia:Historical_components_of_the_Nasdaq-100+List_of_NASDAQ-100_companies,
2026-09,RKLB,1,unchanged,wikipedia:Historical_components_of_the_Nasdaq-100+List_of_NASDAQ-100_companies,
2026-09,ROP,1,unchanged,wikipedia:Historical_components_of_the_Nasdaq-100+List_of_NASDAQ-100_companies,
2026-09,ROST,1,unchanged,wikipedia:Historical_components_of_the_Nasdaq-100+List_of_NASDAQ-100_companies,
2026-09,SBUX,1,unchanged,wikipedia:Historical_components_of_the_Nasdaq-100+List_of_NASDAQ-100_companies,
2026-09,SHOP,1,unchanged,wikipedia:Historical_components_of_the_Nasdaq-100+List_of_NASDAQ-100_companies,
2026-09,SNDK,1,unchanged,wikipedia:Historical_components_of_the_Nasdaq-100+List_of_NASDAQ-100_companies,
2026-09,SNPS,1,unchanged,wikipedia:Historical_components_of_the_Nasdaq-100+List_of_NASDAQ-100_companies,
2026-09,SPCX,1,added,wikipedia:Historical_components_of_the_Nasdaq-100+List_of_NASDAQ-100_companies,
2026-09,STX,1,unchanged,wikipedia:Historical_components_of_the_Nasdaq-100+List_of_NASDAQ-100_companies,
2026-09,TER,1,unchanged,wikipedia:Historical_components_of_the_Nasdaq-100+List_of_NASDAQ-100_companies,
2026-09,TMUS,1,unchanged,wikipedia:Historical_components_of_the_Nasdaq-100+List_of_NASDAQ-100_companies,
2026-09,TRI,1,unchanged,wikipedia:Historical_components_of_the_Nasdaq-100+List_of_NASDAQ-100_companies,
2026-09,TSLA,1,unchanged,wikipedia:Historical_components_of_the_Nasdaq-100+List_of_NASDAQ-100_companies,
2026-09,TTWO,1,unchanged,wikipedia:Historical_components_of_the_Nasdaq-100+List_of_NASDAQ-100_companies,
2026-09,TXN,1,unchanged,wikipedia:Historical_components_of_the_Nasdaq-100+List_of_NASDAQ-100_companies,
2026-09,VRTX,1,unchanged,wikipedia:Historical_components_of_the_Nasdaq-100+List_of_NASDAQ-100_companies,
2026-09,WBD,1,unchanged,wikipedia:Historical_components_of_the_Nasdaq-100+List_of_NASDAQ-100_companies,
2026-09,WDAY,1,unchanged,wikipedia:Historical_components_of_the_Nasdaq-100+List_of_NASDAQ-100_companies,
2026-09,WDC,1,unchanged,wikipedia:Historical_components_of_the_Nasdaq-100+List_of_NASDAQ-100_companies,
2026-09,WMT,1,unchanged,wikipedia:Historical_components_of_the_Nasdaq-100+List_of_NASDAQ-100_companies,
2026-09,XEL,1,unchanged,wikipedia:Historical_components_of_the_Nasdaq-100+List_of_NASDAQ-100_companies,
2026-09,EA,0,removed,wikipedia:Historical_components_of_the_Nasdaq-100+List_of_NASDAQ-100_companies,
2026-Q3,AAPL,1,unchanged,wikipedia:Historical_components_of_the_Nasdaq-100+List_of_NASDAQ-100_companies,
2026-Q3,ABNB,1,unchanged,wikipedia:Historical_components_of_the_Nasdaq-100+List_of_NASDAQ-100_companies,
2026-Q3,ADBE,1,unchanged,wikipedia:Historical_components_of_the_Nasdaq-100+List_of_NASDAQ-100_companies,
2026-Q3,ADI,1,unchanged,wikipedia:Historical_components_of_the_Nasdaq-100+List_of_NASDAQ-100_companies,
2026-Q3,ADP,1,unchanged,wikipedia:Historical_components_of_the_Nasdaq-100+List_of_NASDAQ-100_companies,
2026-Q3,ADSK,1,unchanged,wikipedia:Historical_components_of_the_Nasdaq-100+List_of_NASDAQ-100_companies,
2026-Q3,AEP,1,unchanged,wikipedia:Historical_components_of_the_Nasdaq-100+List_of_NASDAQ-100_companies,
2026-Q3,ALAB,1,unchanged,wikipedia:Historical_components_of_the_Nasdaq-100+List_of_NASDAQ-100_companies,
2026-Q3,ALNY,1,unchanged,wikipedia:Historical_components_of_the_Nasdaq-100+List_of_NASDAQ-100_companies,
2026-Q3,AMAT,1,unchanged,wikipedia:Historical_components_of_the_Nasdaq-100+List_of_NASDAQ-100_companies,
2026-Q3,AMD,1,unchanged,wikipedia:Historical_components_of_the_Nasdaq-100+List_of_NASDAQ-100_companies,
2026-Q3,AMGN,1,unchanged,wikipedia:Historical_components_of_the_Nasdaq-100+List_of_NASDAQ-100_companies,
2026-Q3,AMZN,1,unchanged,wikipedia:Historical_components_of_the_Nasdaq-100+List_of_NASDAQ-100_companies,
2026-Q3,APP,1,unchanged,wikipedia:Historical_components_of_the_Nasdaq-100+List_of_NASDAQ-100_companies,
2026-Q3,ARM,1,unchanged,wikipedia:Historical_components_of_the_Nasdaq-100+List_of_NASDAQ-100_companies,
2026-Q3,ASML,1,unchanged,wikipedia:Historical_components_of_the_Nasdaq-100+List_of_NASDAQ-100_companies,
2026-Q3,AVGO,1,unchanged,wikipedia:Historical_components_of_the_Nasdaq-100+List_of_NASDAQ-100_companies,
2026-Q3,AXON,1,unchanged,wikipedia:Historical_components_of_the_Nasdaq-100+List_of_NASDAQ-100_companies,
2026-Q3,BKNG,1,unchanged,wikipedia:Historical_components_of_the_Nasdaq-100+List_of_NASDAQ-100_companies,
2026-Q3,BKR,1,unchanged,wikipedia:Historical_components_of_the_Nasdaq-100+List_of_NASDAQ-100_companies,
2026-Q3,CCEP,1,unchanged,wikipedia:Historical_components_of_the_Nasdaq-100+List_of_NASDAQ-100_companies,
2026-Q3,CDNS,1,unchanged,wikipedia:Historical_components_of_the_Nasdaq-100+List_of_NASDAQ-100_companies,
2026-Q3,CEG,1,unchanged,wikipedia:Historical_components_of_the_Nasdaq-100+List_of_NASDAQ-100_companies,
2026-Q3,CMCSA,1,unchanged,wikipedia:Historical_components_of_the_Nasdaq-100+List_of_NASDAQ-100_companies,
2026-Q3,COST,1,unchanged,wikipedia:Historical_components_of_the_Nasdaq-100+List_of_NASDAQ-100_companies,
2026-Q3,CPRT,1,unchanged,wikipedia:Historical_components_of_the_Nasdaq-100+List_of_NASDAQ-100_companies,
2026-Q3,CRWD,1,unchanged,wikipedia:Historical_components_of_the_Nasdaq-100+List_of_NASDAQ-100_companies,
2026-Q3,CRWV,1,unchanged,wikipedia:Historical_components_of_the_Nasdaq-100+List_of_NASDAQ-100_companies,
2026-Q3,CSCO,1,unchanged,wikipedia:Historical_components_of_the_Nasdaq-100+List_of_NASDAQ-100_companies,
2026-Q3,CSX,1,unchanged,wikipedia:Historical_components_of_the_Nasdaq-100+List_of_NASDAQ-100_companies,
2026-Q3,CTAS,1,unchanged,wikipedia:Historical_components_of_the_Nasdaq-100+List_of_NASDAQ-100_companies,
2026-Q3,DASH,1,unchanged,wikipedia:Historical_components_of_the_Nasdaq-100+List_of_NASDAQ-100_companies,
2026-Q3,DDOG,1,unchanged,wikipedia:Historical_components_of_the_Nasdaq-100+List_of_NASDAQ-100_companies,
2026-Q3,DXCM,1,unchanged,wikipedia:Historical_components_of_the_Nasdaq-100+List_of_NASDAQ-100_companies,
2026-Q3,EXC,1,unchanged,wikipedia:Historical_components_of_the_Nasdaq-100+List_of_NASDAQ-100_companies,
2026-Q3,FANG,1,unchanged,wikipedia:Historical_components_of_the_Nasdaq-100+List_of_NASDAQ-100_companies,
2026-Q3,FAST,1,unchanged,wikipedia:Historical_components_of_the_Nasdaq-100+List_of_NASDAQ-100_companies,
2026-Q3,FER,1,unchanged,wikipedia:Historical_components_of_the_Nasdaq-100+List_of_NASDAQ-100_companies,
2026-Q3,FTNT,1,unchanged,wikipedia:Historical_components_of_the_Nasdaq-100+List_of_NASDAQ-100_companies,
2026-Q3,GEHC,1,unchanged,wikipedia:Historical_components_of_the_Nasdaq-100+List_of_NASDAQ-100_companies,
2026-Q3,GILD,1,unchanged,wikipedia:Historical_components_of_the_Nasdaq-100+List_of_NASDAQ-100_companies,
2026-Q3,GOOG,1,unchanged,wikipedia:Historical_components_of_the_Nasdaq-100+List_of_NASDAQ-100_companies,
2026-Q3,GOOGL,1,unchanged,wikipedia:Historical_components_of_the_Nasdaq-100+List_of_NASDAQ-100_companies,
2026-Q3,HON,1,unchanged,wikipedia:Historical_components_of_the_Nasdaq-100+List_of_NASDAQ-100_companies,
2026-Q3,HONA,1,unchanged,wikipedia:Historical_components_of_the_Nasdaq-100+List_of_NASDAQ-100_companies,
2026-Q3,IDXX,1,unchanged,wikipedia:Historical_components_of_the_Nasdaq-100+List_of_NASDAQ-100_companies,
2026-Q3,INTC,1,unchanged,wikipedia:Historical_components_of_the_Nasdaq-100+List_of_NASDAQ-100_companies,
2026-Q3,INTU,1,unchanged,wikipedia:Historical_components_of_the_Nasdaq-100+List_of_NASDAQ-100_companies,
2026-Q3,ISRG,1,unchanged,wikipedia:Historical_components_of_the_Nasdaq-100+List_of_NASDAQ-100_companies,
2026-Q3,KDP,1,unchanged,wikipedia:Historical_components_of_the_Nasdaq-100+List_of_NASDAQ-100_companies,
2026-Q3,KHC,1,unchanged,wikipedia:Historical_components_of_the_Nasdaq-100+List_of_NASDAQ-100_companies,
2026-Q3,KLAC,1,unchanged,wikipedia:Historical_components_of_the_Nasdaq-100+List_of_NASDAQ-100_companies,
2026-Q3,LIN,1,unchanged,wikipedia:Historical_components_of_the_Nasdaq-100+List_of_NASDAQ-100_companies,
2026-Q3,LITE,1,unchanged,wikipedia:Historical_components_of_the_Nasdaq-100+List_of_NASDAQ-100_companies,
2026-Q3,LRCX,1,unchanged,wikipedia:Historical_components_of_the_Nasdaq-100+List_of_NASDAQ-100_companies,
2026-Q3,MAR,1,unchanged,wikipedia:Historical_components_of_the_Nasdaq-100+List_of_NASDAQ-100_companies,
2026-Q3,MCHP,1,unchanged,wikipedia:Historical_components_of_the_Nasdaq-100+List_of_NASDAQ-100_companies,
2026-Q3,MDLZ,1,unchanged,wikipedia:Historical_components_of_the_Nasdaq-100+List_of_NASDAQ-100_companies,
2026-Q3,MELI,1,unchanged,wikipedia:Historical_components_of_the_Nasdaq-100+List_of_NASDAQ-100_companies,
2026-Q3,META,1,unchanged,wikipedia:Historical_components_of_the_Nasdaq-100+List_of_NASDAQ-100_companies,
2026-Q3,MNST,1,unchanged,wikipedia:Historical_components_of_the_Nasdaq-100+List_of_NASDAQ-100_companies,
2026-Q3,MPWR,1,unchanged,wikipedia:Historical_components_of_the_Nasdaq-100+List_of_NASDAQ-100_companies,
2026-Q3,MRVL,1,unchanged,wikipedia:Historical_components_of_the_Nasdaq-100+List_of_NASDAQ-100_companies,
2026-Q3,MSFT,1,unchanged,wikipedia:Historical_components_of_the_Nasdaq-100+List_of_NASDAQ-100_companies,
2026-Q3,MSTR,1,unchanged,wikipedia:Historical_components_of_the_Nasdaq-100+List_of_NASDAQ-100_companies,
2026-Q3,MU,1,unchanged,wikipedia:Historical_components_of_the_Nasdaq-100+List_of_NASDAQ-100_companies,
2026-Q3,NBIS,1,unchanged,wikipedia:Historical_components_of_the_Nasdaq-100+List_of_NASDAQ-100_companies,
2026-Q3,NFLX,1,unchanged,wikipedia:Historical_components_of_the_Nasdaq-100+List_of_NASDAQ-100_companies,
2026-Q3,NVDA,1,unchanged,wikipedia:Historical_components_of_the_Nasdaq-100+List_of_NASDAQ-100_companies,
2026-Q3,NXPI,1,unchanged,wikipedia:Historical_components_of_the_Nasdaq-100+List_of_NASDAQ-100_companies,
2026-Q3,ODFL,1,unchanged,wikipedia:Historical_components_of_the_Nasdaq-100+List_of_NASDAQ-100_companies,
2026-Q3,ORLY,1,unchanged,wikipedia:Historical_components_of_the_Nasdaq-100+List_of_NASDAQ-100_companies,
2026-Q3,PANW,1,unchanged,wikipedia:Historical_components_of_the_Nasdaq-100+List_of_NASDAQ-100_companies,
2026-Q3,PAYX,1,unchanged,wikipedia:Historical_components_of_the_Nasdaq-100+List_of_NASDAQ-100_companies,
2026-Q3,PCAR,1,unchanged,wikipedia:Historical_components_of_the_Nasdaq-100+List_of_NASDAQ-100_companies,
2026-Q3,PDD,1,unchanged,wikipedia:Historical_components_of_the_Nasdaq-100+List_of_NASDAQ-100_companies,
2026-Q3,PEP,1,unchanged,wikipedia:Historical_components_of_the_Nasdaq-100+List_of_NASDAQ-100_companies,
2026-Q3,PLTR,1,unchanged,wikipedia:Historical_components_of_the_Nasdaq-100+List_of_NASDAQ-100_companies,
2026-Q3,PYPL,1,unchanged,wikipedia:Historical_components_of_the_Nasdaq-100+List_of_NASDAQ-100_companies,
2026-Q3,QCOM,1,unchanged,wikipedia:Historical_components_of_the_Nasdaq-100+List_of_NASDAQ-100_companies,
2026-Q3,REGN,1,unchanged,wikipedia:Historical_components_of_the_Nasdaq-100+List_of_NASDAQ-100_companies,
2026-Q3,RKLB,1,unchanged,wikipedia:Historical_components_of_the_Nasdaq-100+List_of_NASDAQ-100_companies,
2026-Q3,ROP,1,unchanged,wikipedia:Historical_components_of_the_Nasdaq-100+List_of_NASDAQ-100_companies,
2026-Q3,ROST,1,unchanged,wikipedia:Historical_components_of_the_Nasdaq-100+List_of_NASDAQ-100_companies,
2026-Q3,SBUX,1,unchanged,wikipedia:Historical_components_of_the_Nasdaq-100+List_of_NASDAQ-100_companies,
2026-Q3,SHOP,1,unchanged,wikipedia:Historical_components_of_the_Nasdaq-100+List_of_NASDAQ-100_companies,
2026-Q3,SNDK,1,unchanged,wikipedia:Historical_components_of_the_Nasdaq-100+List_of_NASDAQ-100_companies,
2026-Q3,SNPS,1,unchanged,wikipedia:Historical_components_of_the_Nasdaq-100+List_of_NASDAQ-100_companies,
2026-Q3,SPCX,1,unchanged,wikipedia:Historical_components_of_the_Nasdaq-100+List_of_NASDAQ-100_companies,
2026-Q3,STX,1,unchanged,wikipedia:Historical_components_of_the_Nasdaq-100+List_of_NASDAQ-100_companies,
2026-Q3,TER,1,unchanged,wikipedia:Historical_components_of_the_Nasdaq-100+List_of_NASDAQ-100_companies,
2026-Q3,TMUS,1,unchanged,wikipedia:Historical_components_of_the_Nasdaq-100+List_of_NASDAQ-100_companies,
2026-Q3,TRI,1,unchanged,wikipedia:Historical_components_of_the_Nasdaq-100+List_of_NASDAQ-100_companies,
2026-Q3,TSLA,1,unchanged,wikipedia:Historical_components_of_the_Nasdaq-100+List_of_NASDAQ-100_companies,
2026-Q3,TTWO,1,unchanged,wikipedia:Historical_components_of_the_Nasdaq-100+List_of_NASDAQ-100_companies,
2026-Q3,TXN,1,unchanged,wikipedia:Historical_components_of_the_Nasdaq-100+List_of_NASDAQ-100_companies,
2026-Q3,VRTX,1,unchanged,wikipedia:Historical_components_of_the_Nasdaq-100+List_of_NASDAQ-100_companies,
2026-Q3,WBD,1,unchanged,wikipedia:Historical_components_of_the_Nasdaq-100+List_of_NASDAQ-100_companies,
2026-Q3,WDAY,1,unchanged,wikipedia:Historical_components_of_the_Nasdaq-100+List_of_NASDAQ-100_companies,
2026-Q3,WDC,1,unchanged,wikipedia:Historical_components_of_the_Nasdaq-100+List_of_NASDAQ-100_companies,
2026-Q3,WMT,1,unchanged,wikipedia:Historical_components_of_the_Nasdaq-100+List_of_NASDAQ-100_companies,
2026-Q3,XEL,1,unchanged,wikipedia:Historical_components_of_the_Nasdaq-100+List_of_NASDAQ-100_companies,
